time,enrolled,available,waitlisted,total
2025-05-20T14:29:19,0,237,0,237
2025-05-20T14:58:07,0,237,0,237
2025-05-20T15:26:53,0,237,0,237
2025-05-20T15:55:28,0,237,0,237
2025-05-20T16:24:15,0,237,0,237
2025-05-20T16:53:02,0,237,0,237
2025-05-20T17:21:40,0,237,0,237
2025-05-20T17:50:27,0,237,0,237
2025-05-20T18:19:05,0,237,0,237
2025-05-20T18:47:50,0,237,0,237
2025-05-20T19:16:24,0,237,0,237
2025-05-20T19:45:08,0,237,0,237
2025-05-20T20:13:41,0,237,0,237
2025-05-20T20:42:15,0,237,0,237
2025-05-20T21:10:59,0,237,0,237
2025-05-20T21:39:32,0,237,0,237
2025-05-20T22:08:06,0,237,0,237
2025-05-20T22:36:50,0,237,0,237
2025-05-20T23:05:25,0,237,0,237
2025-05-20T23:34:00,0,237,0,237
2025-05-21T00:02:35,0,237,0,237
2025-05-21T00:31:42,0,237,0,237
2025-05-21T01:00:37,0,237,0,237
2025-05-21T01:29:14,0,237,0,237
2025-05-21T01:57:53,0,237,0,237
2025-05-21T02:26:31,0,237,0,237
2025-05-21T02:55:31,0,237,0,237
2025-05-21T03:24:07,0,237,0,237
2025-05-21T03:53:02,0,237,0,237
2025-05-21T04:30:19,0,237,0,237
2025-05-21T04:59:32,0,237,0,237
2025-05-21T05:28:10,0,237,0,237
2025-05-21T05:56:49,0,237,0,237
2025-05-21T06:25:27,0,237,0,237
2025-05-21T06:54:05,0,237,0,237
2025-05-21T07:22:41,0,237,0,237
2025-05-21T07:51:20,0,237,0,237
2025-05-21T08:20:03,0,237,0,237
2025-05-21T08:48:38,0,237,0,237
2025-05-21T09:17:24,0,237,0,237
2025-05-21T09:46:10,0,237,0,237
2025-05-21T10:14:55,0,237,0,237
2025-05-21T10:43:39,0,237,0,237
2025-05-21T11:12:18,0,237,0,237
2025-05-21T11:41:06,0,237,0,237
2025-05-21T12:09:45,0,237,0,237
2025-05-21T12:38:35,0,237,0,237
2025-05-21T13:07:26,0,237,0,237
2025-05-21T13:36:16,0,237,0,237
2025-05-21T14:04:55,0,237,0,237
2025-05-21T14:33:45,0,237,0,237
2025-05-21T15:02:36,0,237,0,237
2025-05-21T15:31:22,0,237,0,237
2025-05-21T16:00:14,0,237,0,237
2025-05-21T16:28:56,0,237,0,237
2025-05-21T16:58:02,0,237,0,237
2025-05-21T17:26:44,0,237,0,237
2025-05-21T17:55:35,0,237,0,237
2025-05-21T18:24:18,0,237,0,237
2025-05-21T18:52:59,0,237,0,237
2025-05-21T19:21:49,0,237,0,237
2025-05-21T19:50:32,0,237,0,237
2025-05-21T20:19:13,0,237,0,237
2025-05-21T20:48:05,0,237,0,237
2025-05-21T21:16:57,0,237,0,237
2025-05-21T21:45:42,0,237,0,237
2025-05-21T22:14:24,0,237,0,237
2025-05-21T22:43:05,0,237,0,237
2025-05-21T23:11:58,0,237,0,237
2025-05-21T23:40:40,0,237,0,237
2025-05-22T00:09:22,0,237,0,237
2025-05-22T00:38:18,0,237,0,237
2025-05-22T01:07:07,0,237,0,237
2025-05-22T01:35:53,0,237,0,237
2025-05-22T02:04:38,0,237,0,237
2025-05-22T02:33:25,0,237,0,237
2025-05-22T03:02:21,0,237,0,237
2025-05-22T03:31:05,0,237,0,237
2025-05-22T04:00:01,0,237,0,237
2025-05-22T04:29:34,0,237,0,237
2025-05-22T04:59:47,0,237,0,237
2025-05-22T05:28:33,0,237,0,237
2025-05-22T05:57:20,0,237,0,237
2025-05-22T06:26:06,0,237,0,237
2025-05-22T06:54:51,0,237,0,237
2025-05-22T07:23:34,0,237,0,237
2025-05-22T07:52:19,0,237,0,237
2025-05-22T08:21:01,0,237,0,237
2025-05-22T08:49:52,0,237,0,237
2025-05-22T09:18:35,0,237,0,237
2025-05-22T09:47:21,0,237,0,237
2025-05-22T10:16:06,0,237,0,237
2025-05-22T10:45:03,0,237,0,237
2025-05-22T11:13:50,0,237,0,237
2025-05-22T11:42:35,0,237,0,237
2025-05-22T12:11:40,0,237,0,237
2025-05-22T12:40:34,0,237,0,237
2025-05-22T13:09:18,0,237,0,237
2025-05-22T13:38:14,0,237,0,237
2025-05-22T14:07:13,0,237,0,237
2025-05-22T14:35:59,0,237,0,237
2025-05-22T15:04:44,0,237,0,237
2025-05-22T15:33:42,0,237,0,237
2025-05-22T16:02:41,0,237,0,237
2025-05-22T16:31:29,0,237,0,237
2025-05-22T17:00:17,0,237,0,237
2025-05-22T17:29:16,0,237,0,237
2025-05-22T17:58:04,0,237,0,237
2025-05-22T18:26:52,0,237,0,237
2025-05-22T18:55:49,0,237,0,237
2025-05-22T19:24:38,0,237,0,237
2025-05-22T19:53:26,0,237,0,237
2025-05-22T20:22:15,0,237,0,237
2025-05-22T20:51:15,0,237,0,237
2025-05-22T21:20:02,0,237,0,237
2025-05-22T21:48:50,0,237,0,237
2025-05-22T22:17:38,0,237,0,237
2025-05-22T22:46:38,0,237,0,237
2025-05-22T23:15:27,0,237,0,237
2025-05-22T23:44:17,0,237,0,237
2025-05-23T00:13:36,0,237,0,237
2025-05-23T00:42:29,0,237,0,237
2025-05-23T01:11:22,0,237,0,237
2025-05-23T01:40:26,0,237,0,237
2025-05-23T02:09:18,0,237,0,237
2025-05-23T02:38:10,0,237,0,237
2025-05-23T03:07:07,0,237,0,237
2025-05-23T03:36:02,0,237,0,237
2025-05-23T04:05:01,0,237,0,237
2025-05-23T04:32:32,0,237,0,237
2025-05-23T05:01:41,0,237,0,237
2025-05-23T05:30:34,0,237,0,237
2025-05-23T05:59:27,0,237,0,237
2025-05-23T06:28:19,0,237,0,237
2025-05-23T06:57:10,0,237,0,237
2025-05-23T07:26:01,0,237,0,237
2025-05-23T07:54:50,0,237,0,237
2025-05-23T08:23:48,0,237,0,237
2025-05-23T08:52:37,0,237,0,237
2025-05-23T09:21:26,0,237,0,237
2025-05-23T09:50:17,0,237,0,237
2025-05-23T10:19:18,0,237,0,237
2025-05-23T10:48:09,0,237,0,237
2025-05-23T11:17:00,0,237,0,237
2025-05-23T11:46:04,0,237,0,237
2025-05-23T12:14:55,1,236,0,237
2025-05-23T12:43:57,2,235,0,237
2025-05-23T13:12:50,3,234,0,237
2025-05-23T13:41:52,4,233,0,237
2025-05-23T14:10:43,6,231,0,237
2025-05-23T14:39:46,8,229,0,237
2025-05-23T15:08:37,12,225,0,237
2025-05-23T15:37:29,12,225,0,237
2025-05-23T16:06:30,13,224,0,237
2025-05-23T16:35:21,14,223,0,237
2025-05-23T17:04:22,14,223,0,237
2025-05-23T17:33:14,14,223,0,237
2025-05-23T18:02:06,15,222,0,237
2025-05-23T18:30:58,15,222,0,237
2025-05-23T19:00:00,15,222,0,237
2025-05-23T19:28:50,16,221,0,237
2025-05-23T19:57:42,16,221,0,237
2025-05-23T20:26:33,16,221,0,237
2025-05-23T20:55:34,16,221,0,237
2025-05-23T21:24:25,16,221,0,237
2025-05-23T21:53:17,16,221,0,237
2025-05-23T22:22:09,16,221,0,237
2025-05-23T22:51:02,16,221,0,237
2025-05-23T23:20:04,16,221,0,237
2025-05-23T23:48:55,16,221,0,237
2025-05-24T00:17:49,16,221,0,237
2025-05-24T00:46:45,16,221,0,237
2025-05-24T01:15:40,16,221,0,237
2025-05-24T01:44:45,16,221,0,237
2025-05-24T02:13:42,16,221,0,237
2025-05-24T02:42:51,16,221,0,237
2025-05-24T03:11:56,16,221,0,237
2025-05-24T03:40:50,16,221,0,237
2025-05-24T04:09:44,16,221,0,237
2025-05-24T04:30:12,16,221,0,237
2025-05-24T04:59:35,16,221,0,237
2025-05-24T05:28:31,16,221,0,237
2025-05-24T05:57:27,16,221,0,237
2025-05-24T06:26:23,16,221,0,237
2025-05-24T06:55:25,16,221,0,237
2025-05-24T07:24:22,16,221,0,237
2025-05-24T07:53:14,16,221,0,237
2025-05-24T08:22:06,16,221,0,237
2025-05-24T08:50:58,16,221,0,237
2025-05-24T09:19:59,16,221,0,237
2025-05-24T09:48:50,16,221,0,237
2025-05-24T10:17:41,16,221,0,237
2025-05-24T10:46:32,16,221,0,237
2025-05-24T11:15:23,16,221,0,237
2025-05-24T11:44:14,16,221,0,237
2025-05-24T12:13:14,16,221,0,237
2025-05-24T12:42:06,15,222,0,237
2025-05-24T13:10:56,15,222,0,237
2025-05-24T13:39:48,15,222,0,237
2025-05-24T14:08:48,15,222,0,237
2025-05-24T14:37:39,15,222,0,237
2025-05-24T15:06:29,16,221,0,237
2025-05-24T15:35:20,16,221,0,237
2025-05-24T16:04:20,17,220,0,237
2025-05-24T16:33:11,17,220,0,237
2025-05-24T17:02:02,17,220,0,237
2025-05-24T17:30:53,17,220,0,237
2025-05-24T17:59:54,17,220,0,237
2025-05-24T18:28:49,17,220,0,237
2025-05-24T18:57:40,17,220,0,237
2025-05-24T19:26:32,17,220,0,237
2025-05-24T19:55:33,17,220,0,237
2025-05-24T20:24:24,17,220,0,237
2025-05-24T20:53:15,17,220,0,237
2025-05-24T21:22:06,17,220,0,237
2025-05-24T21:51:06,17,220,0,237
2025-05-24T22:19:57,17,220,0,237
2025-05-24T22:48:49,17,220,0,237
2025-05-24T23:17:42,17,220,0,237
2025-05-24T23:46:34,17,220,0,237
2025-05-25T00:15:28,17,220,0,237
2025-05-25T00:44:36,17,220,0,237
2025-05-25T01:13:33,17,220,0,237
2025-05-25T01:42:28,17,220,0,237
2025-05-25T02:11:24,17,220,0,237
2025-05-25T02:40:23,17,220,0,237
2025-05-25T03:09:19,17,220,0,237
2025-05-25T03:38:17,17,220,0,237
2025-05-25T04:07:18,17,220,0,237
2025-05-25T04:29:09,17,220,0,237
2025-05-25T04:58:32,17,220,0,237
2025-05-25T05:27:33,17,220,0,237
2025-05-25T05:56:31,17,220,0,237
2025-05-25T06:25:29,17,220,0,237
2025-05-25T06:54:25,17,220,0,237
2025-05-25T07:23:22,17,220,0,237
2025-05-25T07:52:21,17,220,0,237
2025-05-25T08:21:15,17,220,0,237
2025-05-25T08:50:26,17,220,0,237
2025-05-25T09:19:20,17,220,0,237
2025-05-25T09:48:12,17,220,0,237
2025-05-25T10:17:05,17,220,0,237
2025-05-25T10:45:59,17,220,0,237
2025-05-25T11:14:53,17,220,0,237
2025-05-25T11:43:47,17,220,0,237
2025-05-25T12:12:50,17,220,0,237
2025-05-25T12:41:42,17,220,0,237
2025-05-25T13:10:34,17,220,0,237
2025-05-25T13:39:26,17,220,0,237
2025-05-25T14:08:27,17,220,0,237
2025-05-25T14:37:18,17,220,0,237
2025-05-25T15:06:08,17,220,0,237
2025-05-25T15:35:16,17,220,0,237
2025-05-25T16:04:07,17,220,0,237
2025-05-25T16:32:59,17,220,0,237
2025-05-25T17:01:50,17,220,0,237
2025-05-25T17:30:42,17,220,0,237
2025-05-25T17:59:43,17,220,0,237
2025-05-25T18:28:34,17,220,0,237
2025-05-25T18:57:26,17,220,0,237
2025-05-25T19:26:18,17,220,0,237
2025-05-25T19:55:19,17,220,0,237
2025-05-25T20:24:11,17,220,0,237
2025-05-25T20:53:02,17,220,0,237
2025-05-25T21:22:02,17,220,0,237
2025-05-25T21:51:12,17,220,0,237
2025-05-25T22:20:03,17,220,0,237
2025-05-25T22:49:03,17,220,0,237
2025-05-25T23:17:54,17,220,0,237
2025-05-25T23:46:46,17,220,0,237
2025-05-26T00:15:49,17,220,0,237
2025-05-26T00:44:45,17,220,0,237
2025-05-26T01:13:51,17,220,0,237
2025-05-26T01:42:46,17,220,0,237
2025-05-26T02:11:50,17,220,0,237
2025-05-26T02:40:45,17,220,0,237
2025-05-26T03:09:39,17,220,0,237
2025-05-26T03:38:35,17,220,0,237
2025-05-26T04:07:28,17,220,0,237
2025-05-26T04:28:29,17,220,0,237
2025-05-26T04:57:49,17,220,0,237
2025-05-26T05:28:32,17,220,0,237
2025-05-26T05:57:28,17,220,0,237
2025-05-26T06:26:23,17,220,0,237
2025-05-26T06:55:18,17,220,0,237
2025-05-26T07:24:10,17,220,0,237
2025-05-26T07:53:01,17,220,0,237
2025-05-26T08:21:53,17,220,0,237
2025-05-26T08:50:56,17,220,0,237
2025-05-26T09:19:48,17,220,0,237
2025-05-26T09:48:38,17,220,0,237
2025-05-26T10:17:30,17,220,0,237
2025-05-26T10:46:22,17,220,0,237
2025-05-26T11:15:22,17,220,0,237
2025-05-26T11:44:13,17,220,0,237
2025-05-26T12:13:04,17,220,0,237
2025-05-26T12:42:06,17,220,0,237
2025-05-26T13:11:06,17,220,0,237
2025-05-26T13:39:57,17,220,0,237
2025-05-26T14:08:58,17,220,0,237
2025-05-26T14:37:51,18,219,0,237
2025-05-26T15:06:42,18,219,0,237
2025-05-26T15:35:43,18,219,0,237
2025-05-26T16:04:34,18,219,0,237
2025-05-26T16:33:38,19,218,0,237
2025-05-26T17:02:29,19,218,0,237
2025-05-26T17:31:31,19,218,0,237
2025-05-26T18:00:23,19,218,0,237
2025-05-26T18:29:25,19,218,0,237
2025-05-26T18:58:16,19,218,0,237
2025-05-26T19:27:17,19,218,0,237
2025-05-26T19:56:09,19,218,0,237
2025-05-26T20:25:10,19,218,0,237
2025-05-26T20:54:03,19,218,0,237
2025-05-26T21:23:03,20,217,0,237
2025-05-26T21:51:55,21,216,0,237
2025-05-26T22:20:57,21,216,0,237
2025-05-26T22:50:00,21,216,0,237
2025-05-26T23:19:14,21,216,0,237
2025-05-26T23:48:05,21,216,0,237
2025-05-27T00:17:09,21,216,0,237
2025-05-27T00:46:06,21,216,0,237
2025-05-27T01:15:10,21,216,0,237
2025-05-27T01:44:04,21,216,0,237
2025-05-27T02:12:58,21,216,0,237
2025-05-27T02:41:52,21,216,0,237
2025-05-27T03:10:45,21,216,0,237
2025-05-27T03:39:49,21,216,0,237
2025-05-27T04:10:34,21,216,0,237
2025-05-28T00:36:46,37,200,0,237
2025-05-28T01:05:46,37,200,0,237
2025-05-28T01:34:55,37,200,0,237
2025-05-28T02:03:55,37,200,0,237
2025-05-28T02:33:04,37,200,0,237
2025-05-28T03:02:03,37,200,0,237
2025-05-28T03:31:03,37,200,0,237
2025-05-28T04:00:02,37,200,0,237
2025-05-28T04:24:19,37,200,0,237
2025-05-28T04:54:59,37,200,0,237
2025-05-28T05:23:59,37,200,0,237
2025-05-28T05:53:00,37,200,0,237
2025-05-28T06:21:59,37,200,0,237
2025-05-28T06:51:02,37,200,0,237
2025-05-28T07:19:59,37,200,0,237
2025-05-28T07:49:06,37,200,0,237
2025-05-28T08:18:02,37,200,0,237
2025-05-28T08:47:00,39,198,0,237
2025-05-28T09:15:58,41,196,0,237
2025-05-28T09:45:08,44,193,0,237
2025-05-28T10:14:07,47,190,0,237
2025-05-28T10:43:20,48,189,0,237
2025-05-28T11:12:32,52,185,0,237
2025-05-28T11:41:47,54,183,0,237
2025-05-28T12:10:50,58,179,0,237
2025-05-28T12:40:01,61,176,0,237
2025-05-28T13:09:13,64,173,0,237
2025-05-28T13:38:24,69,168,0,237
2025-05-28T14:07:24,73,164,0,237
2025-05-28T14:36:37,74,163,0,237
2025-05-28T15:05:51,81,156,0,237
2025-05-28T15:34:50,83,154,0,237
2025-05-28T16:03:57,85,152,0,237
2025-05-28T16:32:55,85,152,0,237
2025-05-28T17:02:02,86,151,0,237
2025-05-28T17:30:59,87,150,0,237
2025-05-28T18:00:06,87,150,0,237
2025-05-28T18:29:04,87,150,0,237
2025-05-28T18:58:13,87,150,0,237
2025-05-28T19:27:10,87,150,0,237
2025-05-28T19:56:07,87,150,0,237
2025-05-28T20:25:12,87,150,0,237
2025-05-28T20:54:09,87,150,0,237
2025-05-28T21:23:06,87,150,0,237
2025-05-28T21:52:11,88,149,0,237
2025-05-28T22:21:10,88,149,0,237
2025-05-28T22:50:07,88,149,0,237
2025-05-28T23:19:13,88,149,0,237
2025-05-28T23:48:10,88,149,0,237
2025-05-29T00:17:10,88,149,0,237
2025-05-29T00:46:12,87,150,0,237
2025-05-29T01:15:13,87,150,0,237
2025-05-29T01:44:23,87,150,0,237
2025-05-29T02:13:23,87,150,0,237
2025-05-29T02:42:26,87,150,0,237
2025-05-29T03:11:30,87,150,0,237
2025-05-29T03:40:30,87,150,0,237
2025-05-29T04:09:29,87,150,0,237
2025-05-29T04:35:00,87,150,0,237
2025-05-29T05:04:28,87,150,0,237
2025-05-29T05:33:30,87,150,0,237
2025-05-29T06:02:34,87,150,0,237
2025-05-29T06:31:34,87,150,0,237
2025-05-29T07:00:35,87,150,0,237
2025-05-29T07:29:33,87,150,0,237
2025-05-29T07:58:31,87,150,0,237
2025-05-29T08:27:39,87,150,0,237
2025-05-29T08:56:35,87,150,0,237
2025-05-29T09:25:34,88,149,0,237
2025-05-29T09:54:31,88,149,0,237
2025-05-29T10:23:40,89,148,0,237
2025-05-29T10:52:37,90,147,0,237
2025-05-29T11:21:44,90,147,0,237
2025-05-29T11:50:40,90,147,0,237
2025-05-29T12:19:37,90,147,0,237
2025-05-29T12:48:44,90,147,0,237
2025-05-29T13:17:41,90,147,0,237
2025-05-29T13:46:47,90,147,0,237
2025-05-29T14:15:45,90,147,0,237
2025-05-29T14:44:57,90,147,0,237
2025-05-29T15:13:55,90,147,0,237
2025-05-29T15:43:03,91,146,0,237
2025-05-29T16:12:23,91,146,0,237
2025-05-29T16:41:24,90,147,0,237
2025-05-29T17:10:31,90,147,0,237
2025-05-29T17:39:31,90,147,0,237
2025-05-29T18:08:30,90,147,0,237
2025-05-29T18:37:39,90,147,0,237
2025-05-29T19:06:37,90,147,0,237
2025-05-29T19:35:34,90,147,0,237
2025-05-29T20:04:32,90,147,0,237
2025-05-29T20:33:38,90,147,0,237
2025-05-29T21:02:36,90,147,0,237
2025-05-29T21:31:33,90,147,0,237
2025-05-29T22:00:32,90,147,0,237
2025-05-29T22:29:40,90,147,0,237
2025-05-29T22:58:38,90,147,0,237
2025-05-29T23:27:36,90,147,0,237
2025-05-29T23:56:35,90,147,0,237
2025-05-30T00:25:38,90,147,0,237
2025-05-30T00:54:50,90,147,0,237
2025-05-30T01:23:53,90,147,0,237
2025-05-30T01:53:06,90,147,0,237
2025-05-30T02:22:10,90,147,0,237
2025-05-30T02:51:10,90,147,0,237
2025-05-30T03:20:19,90,147,0,237
2025-05-30T03:49:18,90,147,0,237
2025-05-30T04:22:20,90,147,0,237
2025-05-30T04:53:10,90,147,0,237
2025-05-30T05:22:12,90,147,0,237
2025-05-30T05:51:26,90,147,0,237
2025-05-30T06:20:31,90,147,0,237
2025-05-30T06:49:41,90,147,0,237
2025-05-30T07:18:42,90,147,0,237
2025-05-30T07:47:42,90,147,0,237
2025-05-30T08:16:41,90,147,0,237
2025-05-30T08:45:40,90,147,0,237
2025-05-30T09:14:38,90,147,0,237
2025-05-30T09:43:50,90,147,0,237
2025-05-30T10:12:48,90,147,0,237
2025-05-30T10:41:47,90,147,0,237
2025-05-30T11:10:55,90,147,0,237
2025-05-30T11:39:54,90,147,0,237
2025-05-30T12:08:52,90,147,0,237
2025-05-30T12:38:00,90,147,0,237
2025-05-30T13:06:59,90,147,0,237
2025-05-30T13:35:57,90,147,0,237
2025-05-30T14:05:06,90,147,0,237
2025-05-30T14:34:04,91,146,0,237
2025-05-30T15:03:03,91,146,0,237
2025-05-30T15:32:13,91,146,0,237
2025-05-30T16:01:11,92,145,0,237
2025-05-30T16:30:21,92,145,0,237
2025-05-30T16:59:19,92,145,0,237
2025-05-30T17:28:19,92,145,0,237
2025-05-30T17:57:17,92,145,0,237
2025-05-30T18:26:26,92,145,0,237
2025-05-30T18:55:24,92,145,0,237
2025-05-30T19:24:22,92,145,0,237
2025-05-30T19:53:21,92,145,0,237
2025-05-30T20:22:29,92,145,0,237
2025-05-30T20:51:29,92,145,0,237
2025-05-30T21:20:28,92,145,0,237
2025-05-30T21:49:26,92,145,0,237
2025-05-30T22:18:25,92,145,0,237
2025-05-30T22:47:32,92,145,0,237
2025-05-30T23:16:32,92,145,0,237
2025-05-30T23:45:30,92,145,0,237
2025-05-31T00:15:06,92,145,0,237
2025-05-31T00:44:20,92,145,0,237
2025-05-31T01:13:24,92,145,0,237
2025-05-31T01:42:26,92,145,0,237
2025-05-31T02:11:28,92,145,0,237
2025-05-31T02:40:37,92,145,0,237
2025-05-31T03:09:38,92,145,0,237
2025-05-31T03:38:40,92,145,0,237
2025-05-31T04:07:51,92,145,0,237
2025-05-31T04:32:51,92,145,0,237
2025-05-31T05:02:11,92,145,0,237
2025-05-31T05:31:15,92,145,0,237
2025-05-31T06:00:19,92,145,0,237
2025-05-31T06:29:21,92,145,0,237
2025-05-31T06:58:23,92,145,0,237
2025-05-31T07:27:26,92,145,0,237
2025-05-31T07:56:32,92,145,0,237
2025-05-31T08:25:31,92,145,0,237
2025-05-31T08:54:29,92,145,0,237
2025-05-31T09:23:28,92,145,0,237
2025-05-31T09:52:25,92,145,0,237
2025-05-31T10:21:23,92,145,0,237
2025-05-31T10:50:31,92,145,0,237
2025-05-31T11:19:28,92,145,0,237
2025-05-31T11:48:25,93,144,0,237
2025-05-31T12:17:23,93,144,0,237
2025-05-31T12:46:30,93,144,0,237
2025-05-31T13:15:27,95,142,0,237
2025-05-31T13:44:24,95,142,0,237
2025-05-31T14:13:22,96,141,0,237
2025-05-31T14:42:32,96,141,0,237
2025-05-31T15:11:33,97,140,0,237
2025-05-31T15:40:39,97,140,0,237
2025-05-31T16:09:39,98,139,0,237
2025-05-31T16:38:43,98,139,0,237
2025-05-31T17:07:39,99,138,0,237
2025-05-31T17:36:37,99,138,0,237
2025-05-31T18:05:36,99,138,0,237
2025-05-31T18:34:45,100,137,0,237
2025-05-31T19:03:42,100,137,0,237
2025-05-31T19:32:40,100,137,0,237
2025-05-31T20:01:38,100,137,0,237
2025-05-31T20:30:35,100,137,0,237
2025-05-31T20:59:40,100,137,0,237
2025-05-31T21:28:38,100,137,0,237
2025-05-31T21:57:35,100,137,0,237
2025-05-31T22:26:33,100,137,0,237
2025-05-31T22:55:40,100,137,0,237
2025-05-31T23:24:39,100,137,0,237
2025-05-31T23:53:38,100,137,0,237
2025-06-01T00:22:53,100,137,0,237
2025-06-01T00:52:09,100,137,0,237
2025-06-01T01:21:10,100,137,0,237
2025-06-01T01:50:20,100,137,0,237
2025-06-01T02:19:23,100,137,0,237
2025-06-01T02:48:25,100,137,0,237
2025-06-01T03:17:38,100,137,0,237
2025-06-01T03:46:40,100,137,0,237
2025-06-01T04:28:43,100,137,0,237
2025-06-01T04:58:14,100,137,0,237
2025-06-01T05:27:15,100,137,0,237
2025-06-01T05:56:18,100,137,0,237
2025-06-01T06:25:20,100,137,0,237
2025-06-01T06:54:24,100,137,0,237
2025-06-01T07:23:25,100,137,0,237
2025-06-01T07:52:26,100,137,0,237
2025-06-01T08:21:32,100,137,0,237
2025-06-01T08:50:31,100,137,0,237
2025-06-01T09:19:29,100,137,0,237
2025-06-01T09:48:27,100,137,0,237
2025-06-01T10:17:27,100,137,0,237
2025-06-01T10:46:27,100,137,0,237
2025-06-01T11:15:27,100,137,0,237
2025-06-01T11:44:37,100,137,0,237
2025-06-01T12:13:36,100,137,0,237
2025-06-01T12:42:34,101,136,0,237
2025-06-01T13:11:31,101,136,0,237
2025-06-01T13:40:37,101,136,0,237
2025-06-01T14:09:34,101,136,0,237
2025-06-01T14:38:31,101,136,0,237
2025-06-01T15:07:33,101,136,0,237
2025-06-01T15:36:39,101,136,0,237
2025-06-01T16:05:35,101,136,0,237
2025-06-01T16:34:32,101,136,0,237
2025-06-01T17:03:39,101,136,0,237
2025-06-01T17:32:36,101,136,0,237
2025-06-01T18:01:33,101,136,0,237
2025-06-01T18:30:31,101,136,0,237
2025-06-01T18:59:29,101,136,0,237
2025-06-01T19:28:36,101,136,0,237
2025-06-01T19:57:33,101,136,0,237
2025-06-01T20:26:32,102,135,0,237
2025-06-01T20:55:44,102,135,0,237
2025-06-01T21:24:42,102,135,0,237
2025-06-01T21:53:41,102,135,0,237
2025-06-01T22:22:38,102,135,0,237
2025-06-01T22:51:48,102,135,0,237
2025-06-01T23:20:46,102,135,0,237
2025-06-01T23:49:46,102,135,0,237
2025-06-02T00:18:49,102,135,0,237
2025-06-02T00:48:26,102,135,0,237
2025-06-02T01:17:31,102,135,0,237
2025-06-02T01:46:32,102,135,0,237
2025-06-02T02:15:34,102,135,0,237
2025-06-02T02:44:35,102,135,0,237
2025-06-02T03:13:34,102,135,0,237
2025-06-02T03:42:34,102,135,0,237
2025-06-02T04:11:46,102,135,0,237
2025-06-02T04:28:11,102,135,0,237
2025-06-02T04:57:31,102,135,0,237
2025-06-02T05:26:33,102,135,0,237
2025-06-02T05:55:36,102,135,0,237
2025-06-02T06:24:37,102,135,0,237
2025-06-02T06:53:38,102,135,0,237
2025-06-02T07:22:37,102,135,0,237
2025-06-02T07:51:35,103,134,0,237
2025-06-02T08:20:41,103,134,0,237
2025-06-02T08:49:49,103,134,0,237
2025-06-02T09:18:49,103,134,0,237
2025-06-02T09:47:49,103,134,0,237
2025-06-02T10:17:02,103,134,0,237
2025-06-02T10:46:03,103,134,0,237
2025-06-02T11:15:07,103,134,0,237
2025-06-02T11:44:24,103,134,0,237
2025-06-02T12:13:34,103,134,0,237
2025-06-02T12:42:55,103,134,0,237
2025-06-02T13:12:16,103,134,0,237
2025-06-02T13:41:27,103,134,0,237
2025-06-02T14:10:49,104,133,0,237
2025-06-02T14:39:59,104,133,0,237
2025-06-02T15:09:21,105,132,0,237
2025-06-02T15:38:33,105,132,0,237
2025-06-02T16:07:56,105,132,0,237
2025-06-02T16:37:07,106,131,0,237
2025-06-02T17:06:30,106,131,0,237
2025-06-02T17:35:41,106,131,0,237
2025-06-02T18:05:05,106,131,0,237
2025-06-02T18:34:17,106,131,0,237
2025-06-02T19:03:38,106,131,0,237
2025-06-02T19:32:50,106,131,0,237
2025-06-02T20:02:15,106,131,0,237
2025-06-02T20:31:37,106,131,0,237
2025-06-02T21:00:48,107,130,0,237
2025-06-02T21:30:11,107,130,0,237
2025-06-02T21:59:23,107,130,0,237
2025-06-02T22:28:45,107,130,0,237
2025-06-02T22:57:58,107,130,0,237
2025-06-02T23:27:10,107,130,0,237
2025-06-02T23:56:33,107,130,0,237
2025-06-03T00:25:48,107,130,0,237
2025-06-03T00:55:06,107,130,0,237
2025-06-03T01:24:31,107,130,0,237
2025-06-03T01:53:47,107,130,0,237
2025-06-03T02:23:08,107,130,0,237
2025-06-03T02:52:21,107,130,0,237
2025-06-03T03:21:35,107,130,0,237
2025-06-03T03:50:59,107,130,0,237
2025-06-03T04:22:30,107,130,0,237
2025-06-03T04:53:18,107,130,0,237
2025-06-03T05:22:32,107,130,0,237
2025-06-03T05:51:47,107,130,0,237
2025-06-03T06:21:06,107,130,0,237
2025-06-03T06:50:20,107,130,0,237
2025-06-03T07:19:36,107,130,0,237
2025-06-03T07:48:48,107,130,0,237
2025-06-03T08:18:08,107,130,0,237
2025-06-03T08:47:21,107,130,0,237
2025-06-03T09:16:33,107,130,0,237
2025-06-03T09:45:58,107,130,0,237
2025-06-03T10:15:10,107,130,0,237
2025-06-03T10:44:33,107,130,0,237
2025-06-03T11:13:47,107,130,0,237
2025-06-03T11:43:09,107,130,0,237
2025-06-03T12:12:27,107,130,0,237
2025-06-03T12:41:49,107,130,0,237
2025-06-03T13:11:12,108,129,0,237
2025-06-03T13:40:27,108,129,0,237
2025-06-03T14:09:56,108,129,0,237
2025-06-03T14:39:28,109,128,0,237
2025-06-03T15:08:55,109,128,0,237
2025-06-03T15:38:32,110,127,0,237
2025-06-03T16:08:35,111,126,0,237
2025-06-03T16:38:28,111,126,0,237
2025-06-03T17:08:33,111,126,0,237
2025-06-03T17:38:27,112,125,0,237
2025-06-03T18:08:32,112,125,0,237
2025-06-03T18:38:36,112,125,0,237
2025-06-03T19:08:29,112,125,0,237
2025-06-03T19:38:31,112,125,0,237
2025-06-03T20:08:24,112,125,0,237
2025-06-03T20:38:27,113,124,0,237
2025-06-03T21:08:19,113,124,0,237
2025-06-03T21:38:12,114,123,0,237
2025-06-03T22:08:13,114,123,0,237
2025-06-03T22:38:05,114,123,0,237
2025-06-03T23:08:09,114,123,0,237
2025-06-03T23:38:02,114,123,0,237
2025-06-04T00:07:55,114,123,0,237
2025-06-04T00:38:01,114,123,0,237
2025-06-04T01:07:58,114,123,0,237
2025-06-04T01:37:52,114,123,0,237
2025-06-04T02:07:49,115,122,0,237
2025-06-04T02:38:03,115,122,0,237
2025-06-04T03:07:56,115,122,0,237
2025-06-04T03:37:51,115,122,0,237
2025-06-04T04:10:06,115,122,0,237
2025-06-04T04:31:40,115,122,0,237
2025-06-04T05:02:01,115,122,0,237
2025-06-04T05:31:56,115,122,0,237
2025-06-04T06:02:06,115,122,0,237
2025-06-04T06:32:06,115,122,0,237
2025-06-04T07:02:05,115,122,0,237
2025-06-04T07:32:00,115,122,0,237
2025-06-04T08:01:54,115,122,0,237
2025-06-04T08:31:57,115,122,0,237
2025-06-04T09:01:53,116,121,0,237
2025-06-04T09:31:47,116,121,0,237
2025-06-04T10:01:52,116,121,0,237
2025-06-04T10:31:47,116,121,0,237
2025-06-04T11:01:56,118,119,0,237
2025-06-04T11:32:03,120,117,0,237
2025-06-04T12:02:06,121,116,0,237
2025-06-04T12:32:21,121,116,0,237
2025-06-04T13:02:28,125,112,0,237
2025-06-04T13:32:34,127,110,0,237
2025-06-04T13:51:02,127,110,0,237
2025-06-04T14:21:09,129,108,0,237
2025-06-04T14:51:15,129,108,0,237
2025-06-04T15:21:24,131,106,0,237
2025-06-04T15:51:21,133,104,0,237
2025-06-04T16:21:29,133,104,0,237
2025-06-04T16:51:39,138,99,0,237
2025-06-04T17:21:36,139,98,0,237
2025-06-04T17:51:46,141,96,1,237
2025-06-04T18:21:57,141,96,1,237
2025-06-04T18:51:53,142,95,1,237
2025-06-04T19:21:58,143,94,1,237
2025-06-04T19:51:54,145,92,1,237
2025-06-04T20:22:00,147,90,2,237
2025-06-04T20:51:55,149,88,3,237
2025-06-04T21:22:01,150,87,3,237
2025-06-04T21:51:56,151,86,3,237
2025-06-04T22:22:03,153,84,3,237
2025-06-04T22:52:00,153,84,3,237
2025-06-04T23:21:55,154,83,3,237
2025-06-04T23:52:03,154,83,3,237
2025-06-05T00:22:01,154,83,3,237
2025-06-05T00:52:00,154,83,3,237
2025-06-05T01:22:09,154,83,3,237
2025-06-05T01:52:07,154,83,3,237
2025-06-05T02:22:05,154,83,3,237
2025-06-05T02:52:03,154,83,3,237
2025-06-05T03:22:05,154,83,3,237
2025-06-05T03:52:16,154,83,3,237
2025-06-05T04:24:42,154,83,3,237
2025-06-05T04:55:09,154,83,3,237
2025-06-05T05:25:06,154,83,3,237
2025-06-05T05:55:05,154,83,3,237
2025-06-05T06:25:07,154,83,3,237
2025-06-05T06:55:04,154,83,3,237
2025-06-05T07:25:03,154,83,3,237
2025-06-05T07:54:59,154,83,3,237
2025-06-05T08:25:06,154,83,3,237
2025-06-05T08:55:00,155,82,3,237
2025-06-05T09:24:55,156,81,3,237
2025-06-05T09:55:00,157,80,3,237
2025-06-05T10:24:57,159,78,3,237
2025-06-05T10:55:01,164,73,3,237
2025-06-05T11:25:00,168,69,3,237
2025-06-05T11:55:07,169,68,4,237
2025-06-05T12:25:02,173,64,5,237
2025-06-05T12:55:07,178,59,6,237
2025-06-05T13:25:12,183,54,7,237
2025-06-05T13:55:06,185,52,8,237
2025-06-05T14:25:11,187,50,8,237
2025-06-05T14:55:06,194,43,9,237
2025-06-05T15:25:11,197,40,10,237
2025-06-05T15:55:15,198,39,10,237
2025-06-05T16:25:11,201,36,10,237
2025-06-05T16:55:15,201,36,10,237
2025-06-05T17:25:11,202,35,10,237
2025-06-05T17:55:05,202,35,10,237
2025-06-05T18:25:12,202,35,10,237
2025-06-05T18:55:05,203,34,10,237
2025-06-05T19:25:09,204,33,10,237
2025-06-05T19:55:03,205,32,9,237
2025-06-05T20:24:58,206,31,9,237
2025-06-05T20:55:03,207,30,9,237
2025-06-05T21:24:57,207,30,9,237
2025-06-05T21:54:51,207,30,9,237
2025-06-05T22:24:45,207,30,9,237
2025-06-05T22:54:50,212,25,4,237
2025-06-05T23:24:45,212,25,4,237
2025-06-05T23:54:40,212,25,4,237
2025-06-06T00:24:49,213,24,4,237
2025-06-06T00:54:48,214,23,4,237
2025-06-06T01:24:47,214,23,4,237
2025-06-06T01:54:46,214,23,4,237
2025-06-06T02:24:51,214,23,4,237
2025-06-06T02:55:00,214,23,4,237
2025-06-06T03:25:13,214,23,4,237
2025-06-06T03:55:11,214,23,4,237
2025-06-06T04:35:00,214,23,4,237
2025-06-06T05:05:28,214,23,4,237
2025-06-06T05:35:27,214,23,4,237
2025-06-06T06:05:26,214,23,4,237
2025-06-06T06:35:25,214,23,4,237
2025-06-06T07:05:26,214,23,4,237
2025-06-06T07:35:25,214,23,4,237
2025-06-06T08:05:21,214,23,4,237
2025-06-06T08:35:25,214,23,4,237
2025-06-06T09:05:19,214,23,4,237
2025-06-06T09:35:13,215,22,4,237
2025-06-06T10:05:11,215,22,4,237
2025-06-06T10:35:09,215,22,4,237
2025-06-06T11:05:14,215,22,4,237
2025-06-06T11:35:09,217,20,5,237
2025-06-06T12:05:18,217,20,5,237
2025-06-06T12:35:14,217,20,5,237
2025-06-06T13:05:10,217,20,5,237
2025-06-06T13:35:17,219,18,5,237
2025-06-06T14:05:13,219,18,5,237
2025-06-06T14:35:12,219,18,5,237
2025-06-06T15:05:17,219,18,5,237
2025-06-06T15:35:15,219,18,5,237
2025-06-06T16:05:22,219,18,5,237
2025-06-06T16:35:19,219,18,5,237
2025-06-06T17:05:14,220,17,5,237
2025-06-06T17:35:22,220,17,5,237
2025-06-06T18:05:19,220,17,5,237
2025-06-06T18:35:15,220,17,5,237
2025-06-06T19:05:21,219,18,5,237
2025-06-06T19:35:18,219,18,5,237
2025-06-06T20:05:16,219,18,5,237
2025-06-06T20:35:13,219,18,5,237
2025-06-06T21:05:19,219,18,6,237
2025-06-06T21:35:16,219,18,6,237
2025-06-06T22:05:14,220,17,6,237
2025-06-06T22:35:11,220,17,6,237
2025-06-06T23:05:17,220,17,6,237
2025-06-06T23:35:15,220,17,6,237
2025-06-07T00:05:13,220,17,6,237
2025-06-07T00:35:17,221,16,6,237
2025-06-07T01:05:18,221,16,6,237
2025-06-07T01:35:30,221,16,6,237
2025-06-07T02:05:30,221,16,6,237
2025-06-07T02:35:28,221,16,6,237
2025-06-07T03:05:25,221,16,6,237
2025-06-07T03:35:37,221,16,6,237
2025-06-07T04:05:36,221,16,6,237
2025-06-07T04:25:59,221,16,6,237
2025-06-07T04:56:27,221,16,6,237
2025-06-07T05:26:27,221,16,6,237
2025-06-07T05:56:32,221,16,6,237
2025-06-07T06:26:32,221,16,6,237
2025-06-07T06:56:40,221,16,6,237
2025-06-07T07:26:42,221,16,6,237
2025-06-07T07:56:40,221,16,6,237
2025-06-07T08:26:38,221,16,6,237
2025-06-07T08:56:36,221,16,6,237
2025-06-07T09:26:41,221,16,6,237
2025-06-07T09:56:38,221,16,6,237
2025-06-07T10:26:33,221,16,6,237
2025-06-07T10:56:29,221,16,6,237
2025-06-07T11:26:27,221,16,6,237
2025-06-07T11:56:23,221,16,6,237
2025-06-07T12:26:29,221,16,6,237
2025-06-07T12:56:25,221,16,6,237
2025-06-07T13:26:21,221,16,6,237
2025-06-07T13:56:18,221,16,6,237
2025-06-07T14:26:16,221,16,6,237
2025-06-07T14:56:21,221,16,6,237
2025-06-07T15:26:20,221,16,6,237
2025-06-07T15:56:27,221,16,6,237
2025-06-07T16:26:24,221,16,6,237
2025-06-07T16:56:20,221,16,6,237
2025-06-07T17:26:17,221,16,6,237
2025-06-07T17:56:17,221,16,6,237
2025-06-07T18:26:26,221,16,6,237
2025-06-07T18:56:24,221,16,6,237
2025-06-07T19:26:22,221,16,6,237
2025-06-07T19:56:21,221,16,6,237
2025-06-07T20:26:28,221,16,6,237
2025-06-07T20:56:25,221,16,6,237
2025-06-07T21:26:22,221,16,6,237
2025-06-07T21:56:19,221,16,6,237
2025-06-07T22:26:18,221,16,6,237
2025-06-07T22:56:27,221,16,6,237
2025-06-07T23:26:24,221,16,7,237
2025-06-07T23:56:21,221,16,7,237
2025-06-08T00:26:27,221,16,7,237
2025-06-08T00:56:31,221,16,7,237
2025-06-08T01:26:31,221,16,7,237
2025-06-08T01:56:41,221,16,7,237
2025-06-08T02:26:51,221,16,7,237
2025-06-08T02:56:52,221,16,7,237
2025-06-08T03:26:52,221,16,7,237
2025-06-08T03:56:52,221,16,7,237
2025-06-08T04:28:00,221,16,7,237
2025-06-08T04:58:20,221,16,7,237
2025-06-08T05:28:19,221,16,7,237
2025-06-08T05:58:21,222,15,7,237
2025-06-08T06:28:21,222,15,7,237
2025-06-08T06:58:25,222,15,7,237
2025-06-08T07:28:26,222,15,7,237
2025-06-08T07:58:26,222,15,7,237
2025-06-08T08:28:34,222,15,7,237
2025-06-08T08:58:33,222,15,7,237
2025-06-08T09:28:30,222,15,7,237
2025-06-08T09:58:28,222,15,7,237
2025-06-08T10:28:27,222,15,7,237
2025-06-08T10:58:26,222,15,8,237
2025-06-08T11:28:25,222,15,8,237
2025-06-08T11:58:32,222,15,8,237
2025-06-08T12:28:29,222,15,8,237
2025-06-08T12:58:26,222,15,8,237
2025-06-08T13:28:21,222,15,8,237
2025-06-08T13:58:28,222,15,8,237
2025-06-08T14:28:24,222,15,8,237
2025-06-08T14:58:19,222,15,8,237
2025-06-08T15:28:17,222,15,8,237
2025-06-08T15:58:23,222,15,8,237
2025-06-08T16:28:18,222,15,8,237
2025-06-08T16:58:15,222,15,8,237
2025-06-08T17:28:22,222,15,8,237
2025-06-08T17:58:17,222,15,8,237
2025-06-08T18:28:16,222,15,8,237
2025-06-08T18:58:13,222,15,8,237
2025-06-08T19:28:18,222,15,8,237
2025-06-08T19:58:15,222,15,8,237
2025-06-08T20:28:35,222,15,8,237
2025-06-08T20:58:31,222,15,8,237
2025-06-08T21:28:40,222,15,8,237
2025-06-08T21:58:41,222,15,8,237
2025-06-08T22:28:39,222,15,9,237
2025-06-08T22:58:35,222,15,9,237
2025-06-08T23:28:42,222,15,9,237
2025-06-08T23:58:39,222,15,9,237
2025-06-09T00:28:42,222,15,9,237
2025-06-09T00:58:45,222,15,9,237
2025-06-09T01:29:12,222,15,9,237
2025-06-09T01:59:12,222,15,9,237
2025-06-09T02:29:20,222,15,9,237
2025-06-09T02:59:29,222,15,9,237
2025-06-09T03:29:27,222,15,9,237
2025-06-09T03:59:25,222,15,9,237
2025-06-09T04:26:45,222,15,9,237
2025-06-09T04:58:24,222,15,9,237
2025-06-09T05:28:24,222,15,9,237
2025-06-09T05:58:25,222,15,9,237
2025-06-09T06:28:26,222,15,9,237
2025-06-09T06:58:30,222,15,9,237
2025-06-09T07:28:31,222,15,9,237
2025-06-09T07:58:37,222,15,9,237
2025-06-09T08:28:33,222,15,9,237
2025-06-09T08:58:30,222,15,9,237
2025-06-09T09:28:27,222,15,9,237
2025-06-09T09:58:24,222,15,9,237
2025-06-09T10:28:33,222,15,9,237
2025-06-09T10:58:30,222,15,9,237
2025-06-09T11:28:36,222,15,9,237
2025-06-09T11:58:32,222,15,10,237
2025-06-09T12:28:31,222,15,10,237
2025-06-09T12:58:38,222,15,10,237
2025-06-09T13:28:36,222,15,10,237
2025-06-09T13:58:45,222,15,10,237
2025-06-09T14:28:42,222,15,10,237
2025-06-09T14:58:40,222,15,10,237
2025-06-09T15:28:50,222,15,10,237
2025-06-09T15:58:47,222,15,10,237
2025-06-09T16:28:55,222,15,10,237
2025-06-09T16:58:53,222,15,10,237
2025-06-09T17:28:51,222,15,10,237
2025-06-09T17:58:48,222,15,10,237
2025-06-09T18:28:56,222,15,10,237
2025-06-09T18:58:53,222,15,10,237
2025-06-09T19:28:50,222,15,10,237
2025-06-09T19:58:57,222,15,10,237
2025-06-09T20:28:54,222,15,10,237
2025-06-09T20:58:51,222,15,10,237
2025-06-09T21:29:02,222,15,10,237
2025-06-09T21:58:59,222,15,10,237
2025-06-09T22:28:57,222,15,10,237
2025-06-09T22:58:56,222,15,10,237
2025-06-09T23:29:06,222,15,10,237
2025-06-09T23:59:04,222,15,10,237
2025-06-10T00:29:06,222,15,10,237
2025-06-10T00:59:09,222,15,10,237
2025-06-10T01:29:26,222,15,10,237
2025-06-10T01:59:28,222,15,9,237
2025-06-10T02:29:31,222,15,9,237
2025-06-10T02:59:29,222,15,9,237
2025-06-10T03:29:30,222,15,9,237
2025-06-10T03:59:31,222,15,9,237
2025-06-10T04:34:15,222,15,9,237
2025-06-10T05:04:39,222,15,9,237
2025-06-10T05:34:39,222,15,9,237
2025-06-10T06:04:44,222,15,9,237
2025-06-10T06:34:45,222,15,9,237
2025-06-10T07:04:52,222,15,9,237
2025-06-10T07:34:59,222,15,9,237
2025-06-10T08:04:57,222,15,9,237
2025-06-10T08:34:57,222,15,9,237
2025-06-10T09:04:55,222,15,9,237
2025-06-10T09:34:53,222,15,9,237
2025-06-10T10:05:04,222,15,9,237
2025-06-10T10:35:03,222,15,9,237
2025-06-10T11:05:03,222,15,9,237
2025-06-10T11:35:11,222,15,9,237
2025-06-10T12:05:08,222,15,9,237
2025-06-10T12:35:05,222,15,9,237
2025-06-10T13:05:12,222,15,9,237
2025-06-10T13:35:10,222,15,9,237
2025-06-10T14:05:08,222,15,9,237
2025-06-10T14:35:19,222,15,9,237
2025-06-10T15:05:16,222,15,9,237
2025-06-10T15:35:25,222,15,9,237
2025-06-10T16:05:23,222,15,9,237
2025-06-10T16:35:20,222,15,9,237
2025-06-10T17:05:28,222,15,9,237
2025-06-10T17:35:27,222,15,9,237
2025-06-10T18:05:26,222,15,9,237
2025-06-10T18:35:28,222,15,9,237
2025-06-10T19:05:36,222,15,9,237
2025-06-10T19:35:33,222,15,9,237
2025-06-10T20:05:30,222,15,9,237
2025-06-10T20:35:27,222,15,9,237
2025-06-10T21:05:35,222,15,9,237
2025-06-10T21:35:32,222,15,9,237
2025-06-10T22:05:29,222,15,9,237
2025-06-10T22:35:28,222,15,9,237
2025-06-10T23:05:37,222,15,9,237
2025-06-10T23:35:35,222,15,9,237
2025-06-11T00:05:34,222,15,9,237
2025-06-11T00:35:36,222,15,9,237
2025-06-11T01:05:49,222,15,9,237
2025-06-11T01:35:53,222,15,9,237
2025-06-11T02:05:57,222,15,9,237
2025-06-11T02:36:03,222,15,9,237
2025-06-11T03:06:05,222,15,9,237
2025-06-11T03:36:09,222,15,9,237
2025-06-11T04:06:10,222,15,9,237
2025-06-11T04:24:34,222,15,9,237
2025-06-11T04:55:00,222,15,9,237
2025-06-11T05:26:56,222,15,9,237
2025-06-11T05:56:58,222,15,9,237
2025-06-11T06:27:02,222,15,9,237
2025-06-11T06:57:06,222,15,9,237
2025-06-11T07:27:06,222,15,9,237
2025-06-11T07:57:04,222,15,9,237
2025-06-11T08:27:12,222,15,9,237
2025-06-11T08:57:10,222,15,9,237
2025-06-11T09:27:09,222,15,9,237
2025-06-11T09:57:06,222,15,9,237
2025-06-11T10:27:14,222,15,9,237
2025-06-11T10:57:13,222,15,9,237
2025-06-11T11:27:12,222,15,9,237
2025-06-11T11:57:20,222,15,9,237
2025-06-11T12:27:17,222,15,9,237
2025-06-11T12:57:17,222,15,9,237
2025-06-11T13:27:26,222,15,9,237
2025-06-11T13:57:24,222,15,9,237
2025-06-11T14:27:23,222,15,9,237
2025-06-11T14:57:33,222,15,9,237
2025-06-11T15:27:35,222,15,9,237
2025-06-11T15:57:45,222,15,9,237
2025-06-11T16:27:48,222,15,9,237
2025-06-11T16:57:56,222,15,9,237
2025-06-11T17:27:55,223,14,9,237
2025-06-11T17:57:55,223,14,9,237
2025-06-11T18:27:54,223,14,9,237
2025-06-11T18:58:03,223,14,9,237
2025-06-11T19:28:02,223,14,9,237
2025-06-11T19:58:03,223,14,9,237
2025-06-11T20:28:02,223,14,9,237
2025-06-11T20:58:10,223,14,9,237
2025-06-11T21:28:09,223,14,9,237
2025-06-11T21:58:09,224,13,9,237
2025-06-11T22:28:18,224,13,9,237
2025-06-11T22:58:17,224,13,9,237
2025-06-11T23:28:18,224,13,9,237
2025-06-11T23:58:17,224,13,9,237
2025-06-12T00:28:32,224,13,9,237
2025-06-12T00:58:36,224,13,9,237
2025-06-12T01:28:40,224,13,9,237
2025-06-12T01:58:43,224,13,9,237
2025-06-12T02:28:49,224,13,9,237
2025-06-12T02:58:49,224,13,9,237
2025-06-12T03:28:51,224,13,9,237
2025-06-12T03:59:14,224,13,9,237
2025-06-12T04:24:10,224,13,9,237
2025-06-12T04:54:44,224,13,9,237
2025-06-12T05:24:44,224,13,9,237
2025-06-12T05:54:47,224,13,9,237
2025-06-12T06:24:50,224,13,9,237
2025-06-12T06:54:52,224,13,9,237
2025-06-12T07:24:54,224,13,9,237
2025-06-12T07:55:02,224,13,9,237
2025-06-12T08:25:02,224,13,9,237
2025-06-12T08:55:01,224,13,9,237
2025-06-12T09:25:00,224,13,9,237
2025-06-12T09:54:59,224,13,9,237
2025-06-12T10:25:11,224,13,9,237
2025-06-12T10:55:12,224,13,9,237
2025-06-12T11:25:13,224,13,9,237
2025-06-12T11:55:25,224,13,9,237
2025-06-12T12:25:25,224,13,9,237
2025-06-12T12:55:34,224,13,9,237
2025-06-12T13:25:32,224,13,9,237
2025-06-12T13:55:31,224,13,9,237
2025-06-12T14:25:43,224,13,9,237
2025-06-12T14:55:42,224,13,9,237
2025-06-12T15:25:43,224,13,9,237
2025-06-12T15:55:52,224,13,9,237
2025-06-12T16:25:51,224,13,9,237
2025-06-12T16:55:49,224,13,9,237
2025-06-12T17:26:01,224,13,9,237
2025-06-12T17:56:00,224,13,9,237
2025-06-12T18:25:59,224,13,9,237
2025-06-12T18:56:10,224,13,9,237
2025-06-12T19:26:09,224,13,9,237
2025-06-12T19:56:08,225,12,9,237
2025-06-12T20:26:19,225,12,9,237
2025-06-12T20:56:18,225,12,9,237
2025-06-12T21:26:16,225,12,9,237
2025-06-12T21:56:17,225,12,9,237
2025-06-12T22:26:28,225,12,9,237
2025-06-12T22:56:30,225,12,9,237
2025-06-12T23:26:30,225,12,9,237
2025-06-12T23:56:29,225,12,9,237
2025-06-13T00:26:43,225,12,9,237
2025-06-13T00:56:45,225,12,9,237
2025-06-13T01:27:57,225,12,9,237
2025-06-13T01:57:56,225,12,9,237
2025-06-13T02:27:54,225,12,9,237
2025-06-13T02:58:01,225,12,9,237
2025-06-13T03:27:56,225,12,9,237
2025-06-13T03:57:53,225,12,9,237
2025-06-13T04:32:13,225,12,9,237
2025-06-13T05:02:33,225,12,9,237
2025-06-13T05:32:38,225,12,9,237
2025-06-13T06:02:42,225,12,9,237
2025-06-13T06:32:49,225,12,9,237
2025-06-13T07:03:36,225,12,9,237
2025-06-13T07:33:46,225,12,9,237
2025-06-13T08:03:45,225,12,9,237
2025-06-13T08:33:44,225,12,9,237
2025-06-13T09:03:42,225,12,9,237
2025-06-13T09:33:41,225,12,10,237
2025-06-13T10:03:49,225,12,10,237
2025-06-13T10:33:49,225,12,10,237
2025-06-13T11:03:48,225,12,10,237
2025-06-13T11:34:00,225,12,10,237
2025-06-13T12:03:58,225,12,10,237
2025-06-13T12:34:07,225,12,10,237
2025-06-13T13:04:05,225,12,10,237
2025-06-13T13:34:04,225,12,10,237
2025-06-13T14:04:14,225,12,10,237
2025-06-13T14:34:13,225,12,10,237
2025-06-13T15:04:12,225,12,10,237
2025-06-13T15:34:24,225,12,10,237
2025-06-13T16:04:23,225,12,10,237
2025-06-13T16:34:33,225,12,10,237
2025-06-13T17:04:31,225,12,10,237
2025-06-13T17:34:29,225,12,10,237
2025-06-13T18:04:28,224,13,10,237
2025-06-13T18:34:41,224,13,10,237
2025-06-13T19:04:41,224,13,10,237
2025-06-13T19:34:39,224,13,10,237
2025-06-13T20:04:49,224,13,10,237
2025-06-13T20:34:48,224,13,10,237
2025-06-13T21:04:46,224,13,10,237
2025-06-13T21:34:45,224,13,10,237
2025-06-13T22:04:43,224,13,10,237
2025-06-13T22:34:53,224,13,10,237
2025-06-13T23:04:53,224,13,10,237
2025-06-13T23:34:53,224,13,10,237
2025-06-14T00:04:53,224,13,10,237
2025-06-14T00:34:57,224,13,10,237
2025-06-14T01:05:12,224,13,10,237
2025-06-14T01:35:17,224,13,10,237
2025-06-14T02:05:21,224,13,10,237
2025-06-14T02:35:26,224,13,10,237
2025-06-14T03:05:26,224,13,10,237
2025-06-14T03:35:36,224,13,10,237
2025-06-14T04:05:53,224,13,10,237
2025-06-14T04:21:05,224,13,10,237
2025-06-14T04:52:52,224,13,10,237
2025-06-14T05:22:55,224,13,10,237
2025-06-14T05:52:58,224,13,10,237
2025-06-14T06:23:02,224,13,10,237
2025-06-14T06:53:14,224,13,10,237
2025-06-14T07:23:18,224,13,10,237
2025-06-14T07:53:19,224,13,10,237
2025-06-14T08:23:21,224,13,10,237
2025-06-14T08:53:21,224,13,10,237
2025-06-14T09:23:30,224,13,10,237
2025-06-14T09:53:31,224,13,10,237
2025-06-14T10:23:30,224,13,10,237
2025-06-14T10:53:29,224,13,10,237
2025-06-14T11:23:30,224,13,10,237
2025-06-14T11:53:38,224,13,10,237
2025-06-14T12:23:37,225,12,10,237
2025-06-14T12:53:38,225,12,10,237
2025-06-14T13:23:46,225,12,10,237
2025-06-14T13:53:44,225,12,10,237
2025-06-14T14:23:42,225,12,10,237
2025-06-14T14:53:52,224,13,10,237
2025-06-14T15:23:51,224,13,10,237
2025-06-14T15:53:50,224,13,10,237
2025-06-14T16:24:00,224,13,10,237
2025-06-14T16:53:59,224,13,10,237
2025-06-14T17:23:57,224,13,10,237
2025-06-14T17:53:58,224,13,10,237
2025-06-14T18:24:10,224,13,10,237
2025-06-14T18:54:11,224,13,10,237
2025-06-14T19:24:11,224,13,10,237
2025-06-14T19:54:11,224,13,10,237
2025-06-14T20:24:19,224,13,10,237
2025-06-14T20:54:18,224,13,10,237
2025-06-14T21:24:16,224,13,10,237
2025-06-14T21:54:16,224,13,10,237
2025-06-14T22:24:27,224,13,10,237
2025-06-14T22:54:27,225,12,9,237
2025-06-14T23:24:25,225,12,9,237
2025-06-14T23:54:26,225,12,9,237
2025-06-15T00:24:37,225,12,9,237
2025-06-15T00:58:39,225,12,9,237
2025-06-15T01:28:43,225,12,9,237
2025-06-15T01:58:50,225,12,9,237
2025-06-15T02:28:58,225,12,9,237
2025-06-15T02:59:01,225,12,9,237
2025-06-15T03:29:10,225,12,9,237
2025-06-15T03:59:11,225,12,9,237
2025-06-15T04:19:16,225,12,9,237
2025-06-15T04:49:51,225,12,9,237
2025-06-15T05:20:32,225,12,9,237
2025-06-15T05:50:47,225,12,9,237
2025-06-15T06:21:39,225,12,9,237
2025-06-15T06:51:44,225,12,9,237
2025-06-15T07:21:53,225,12,9,237
2025-06-15T07:51:55,225,12,9,237
2025-06-15T08:21:57,225,12,9,237
2025-06-15T08:52:00,225,12,9,237
2025-06-15T09:22:04,225,12,9,237
2025-06-15T09:52:16,225,12,9,237
2025-06-15T10:22:19,225,12,9,237
2025-06-15T10:52:19,225,12,9,237
2025-06-15T11:22:17,225,12,9,237
2025-06-15T11:52:26,225,12,9,237
2025-06-15T12:22:25,225,12,9,237
2025-06-15T12:52:23,225,12,9,237
2025-06-15T13:22:30,225,12,9,237
2025-06-15T13:52:28,225,12,9,237
2025-06-15T14:22:26,225,12,9,237
2025-06-15T14:52:34,225,12,9,237
2025-06-15T15:22:31,225,12,9,237
2025-06-15T15:52:39,225,12,9,237
2025-06-15T16:22:38,225,12,9,237
2025-06-15T16:52:35,225,12,9,237
2025-06-15T17:22:45,226,11,9,237
2025-06-15T17:52:43,226,11,9,237
2025-06-15T18:22:42,226,11,9,237
2025-06-15T18:52:52,226,11,9,237
2025-06-15T19:22:51,226,11,9,237
2025-06-15T19:52:50,226,11,9,237
2025-06-15T20:22:50,226,11,9,237
2025-06-15T20:52:58,226,11,9,237
2025-06-15T21:22:57,226,11,9,237
2025-06-15T21:52:58,226,11,9,237
2025-06-15T22:23:07,226,11,9,237
2025-06-15T22:53:06,226,11,9,237
2025-06-15T23:23:06,226,11,9,237
2025-06-15T23:53:16,226,11,9,237
2025-06-16T00:23:19,226,11,9,237
2025-06-16T00:53:24,226,11,9,237
2025-06-16T01:23:37,226,11,9,237
2025-06-16T01:53:39,226,11,9,237
2025-06-16T02:23:44,226,11,9,237
2025-06-16T02:53:45,226,11,9,237
2025-06-16T03:23:46,226,11,9,237
2025-06-16T03:53:46,226,11,9,237
2025-06-16T04:32:07,226,11,9,237
2025-06-16T05:02:38,226,11,9,237
2025-06-16T05:32:40,226,11,9,237
2025-06-16T06:02:42,226,11,9,237
2025-06-16T06:32:45,226,11,9,237
2025-06-16T07:02:53,226,11,9,237
2025-06-16T07:32:55,226,11,9,237
2025-06-16T08:03:03,226,11,9,237
2025-06-16T08:33:03,226,11,9,237
2025-06-16T09:03:02,226,11,9,237
2025-06-16T09:33:14,226,11,9,237
2025-06-16T10:03:15,226,11,9,237
2025-06-16T10:33:19,226,11,9,237
2025-06-16T11:03:31,226,11,9,237
2025-06-16T11:33:31,226,11,9,237
2025-06-16T12:03:42,226,11,9,237
2025-06-16T12:33:43,226,11,9,237
2025-06-16T13:03:53,226,11,9,237
2025-06-16T13:34:07,226,11,9,237
2025-06-16T14:04:07,227,10,9,237
2025-06-16T14:34:22,227,10,9,237
2025-06-16T15:04:22,227,10,9,237
2025-06-16T15:34:34,227,10,9,237
2025-06-16T16:04:33,227,10,9,237
2025-06-16T16:34:45,227,10,9,237
2025-06-16T17:04:45,227,10,9,237
2025-06-16T17:34:58,227,10,9,237
2025-06-16T18:05:10,227,10,9,237
2025-06-16T18:35:10,227,10,9,237
2025-06-16T19:05:09,227,10,9,237
2025-06-16T19:35:21,227,10,9,237
2025-06-16T20:05:20,227,10,9,237
2025-06-16T20:35:31,227,10,9,237
2025-06-16T21:05:32,227,10,9,237
2025-06-16T21:35:44,227,10,9,237
2025-06-16T22:05:43,227,10,9,237
2025-06-16T22:35:55,228,9,8,237
2025-06-16T23:05:55,228,9,8,237
2025-06-16T23:36:07,228,9,8,237
2025-06-17T00:06:08,228,9,8,237
2025-06-17T00:36:12,229,8,8,237
2025-06-17T01:06:28,229,8,8,237
2025-06-17T01:36:34,229,8,8,237
2025-06-17T02:06:37,229,8,8,237
2025-06-17T02:36:46,229,8,8,237
2025-06-17T03:07:04,229,8,8,237
2025-06-17T03:37:17,229,8,8,237
2025-06-17T04:07:19,229,8,8,237
2025-06-17T04:34:10,229,8,8,237
2025-06-17T05:04:38,229,8,8,237
2025-06-17T05:34:41,229,8,8,237
2025-06-17T06:04:45,229,8,8,237
2025-06-17T06:34:47,229,8,8,237
2025-06-17T07:04:49,229,8,8,237
2025-06-17T07:35:00,229,8,8,237
2025-06-17T08:05:00,229,8,8,237
2025-06-17T08:35:00,229,8,8,237
2025-06-17T09:05:12,229,8,8,237
2025-06-17T09:35:11,229,8,8,237
2025-06-17T10:05:22,229,8,8,237
2025-06-17T10:35:22,229,8,8,237
2025-06-17T11:05:35,229,8,8,237
2025-06-17T11:35:35,229,8,8,237
2025-06-17T12:05:46,229,8,8,237
2025-06-17T12:35:55,229,8,8,237
2025-06-17T13:06:02,229,8,8,237
2025-06-17T13:36:00,229,8,8,237
2025-06-17T14:06:10,229,8,8,237
2025-06-17T14:36:08,229,8,8,237
2025-06-17T15:06:15,229,8,8,237
2025-06-17T15:36:29,229,8,8,237
2025-06-17T16:06:41,229,8,8,237
2025-06-17T16:36:41,229,8,8,237
2025-06-17T17:06:51,229,8,8,237
2025-06-17T17:37:05,229,8,8,237
2025-06-17T18:07:05,229,8,8,237
2025-06-17T18:37:18,230,7,8,237
2025-06-17T19:07:30,230,7,8,237
2025-06-17T19:37:31,230,7,8,237
2025-06-17T20:07:42,230,7,8,237
2025-06-17T20:37:43,230,7,8,237
2025-06-17T21:07:56,230,7,8,237
2025-06-17T21:37:56,230,7,8,237
2025-06-17T22:08:10,230,7,8,237
2025-06-17T22:38:26,230,7,8,237
2025-06-17T23:08:29,230,7,8,237
2025-06-17T23:38:44,230,7,8,237
2025-06-18T00:08:47,230,7,8,237
2025-06-18T00:39:11,230,7,8,237
2025-06-18T01:09:17,230,7,8,237
2025-06-18T01:39:37,230,7,8,237
2025-06-18T02:09:50,230,7,8,237
2025-06-18T02:39:53,230,7,8,237
2025-06-18T03:10:09,230,7,8,237
2025-06-18T03:40:12,230,7,8,237
2025-06-18T04:22:17,230,7,8,237
2025-06-18T04:52:49,230,7,8,237
2025-06-18T05:22:54,230,7,8,237
2025-06-18T05:52:56,230,7,8,237
2025-06-18T06:23:00,230,7,8,237
2025-06-18T06:53:14,230,7,8,237
2025-06-18T07:23:17,230,7,8,237
2025-06-18T07:53:19,230,7,8,237
2025-06-18T08:23:32,230,7,8,237
2025-06-18T08:53:35,230,7,8,237
2025-06-18T09:23:48,230,7,8,237
2025-06-18T09:53:53,230,7,8,237
2025-06-18T10:24:07,230,7,8,237
2025-06-18T10:54:20,230,7,8,237
2025-06-18T11:24:26,230,7,8,237
2025-06-18T11:54:43,230,7,8,237
2025-06-18T12:25:01,230,7,8,237
2025-06-18T12:55:14,230,7,8,237
2025-06-18T13:25:22,230,7,8,237
2025-06-18T13:55:37,230,7,9,237
2025-06-18T14:25:42,230,7,10,237
2025-06-18T14:55:55,230,7,10,237
2025-06-18T15:26:11,230,7,10,237
2025-06-18T15:56:16,230,7,10,237
2025-06-18T16:26:28,230,7,10,237
2025-06-18T16:56:44,230,7,10,237
2025-06-18T17:26:47,230,7,10,237
2025-06-18T17:56:52,231,6,10,237
2025-06-18T18:27:07,231,6,10,237
2025-06-18T18:57:10,231,6,10,237
2025-06-18T19:27:24,231,6,10,237
2025-06-18T19:57:26,231,6,10,237
2025-06-18T20:27:45,231,6,10,237
2025-06-18T20:57:49,231,6,10,237
2025-06-18T21:28:01,231,6,10,237
2025-06-18T21:58:03,231,6,10,237
2025-06-18T22:28:10,231,6,10,237
2025-06-18T22:58:26,231,6,10,237
2025-06-18T23:28:32,231,6,10,237
2025-06-18T23:58:35,231,6,10,237
2025-06-19T00:28:53,231,6,10,237
2025-06-19T00:59:53,231,6,10,237
2025-06-19T01:29:58,231,6,10,237
2025-06-19T02:00:03,231,6,10,237
2025-06-19T02:30:22,231,6,10,237
2025-06-19T03:00:24,231,6,10,237
2025-06-19T03:30:43,231,6,10,237
2025-06-19T04:00:47,231,6,10,237
2025-06-19T04:35:05,231,6,10,237
2025-06-19T05:05:28,231,6,10,237
2025-06-19T05:35:32,231,6,10,237
2025-06-19T06:05:40,231,6,10,237
2025-06-19T06:35:44,231,6,10,237
2025-06-19T07:05:47,231,6,10,237
2025-06-19T07:36:02,231,6,10,237
2025-06-19T08:06:03,231,6,10,237
2025-06-19T08:36:04,231,6,10,237
2025-06-19T09:06:05,231,6,10,237
2025-06-19T09:36:06,231,6,10,237
2025-06-19T10:06:17,231,6,10,237
2025-06-19T10:36:18,231,6,10,237
2025-06-19T11:06:19,231,6,10,237
2025-06-19T11:36:30,231,6,10,237
2025-06-19T12:06:31,232,5,10,237
2025-06-19T12:36:34,232,5,10,237
2025-06-19T13:06:43,232,5,10,237
2025-06-19T13:36:45,232,5,10,237
2025-06-19T14:06:46,232,5,10,237
2025-06-19T14:36:57,232,5,10,237
2025-06-19T15:06:58,232,5,10,237
2025-06-19T15:37:09,232,5,10,237
2025-06-19T16:07:10,232,5,10,237
2025-06-19T16:37:11,232,5,10,237
2025-06-19T17:07:23,232,5,10,237
2025-06-19T17:37:24,232,5,10,237
2025-06-19T18:07:26,232,5,10,237
2025-06-19T18:37:37,232,5,10,237
2025-06-19T19:07:38,232,5,10,237
2025-06-19T19:37:39,232,5,10,237
2025-06-19T20:07:41,232,5,10,237
2025-06-19T20:37:52,232,5,10,237
2025-06-19T21:07:54,232,5,10,237
2025-06-19T21:38:05,232,5,10,237
2025-06-19T22:08:06,232,5,10,237
2025-06-19T22:38:08,232,5,10,237
2025-06-19T23:08:11,232,5,10,237
2025-06-19T23:38:26,232,5,10,237
2025-06-20T00:08:28,232,5,10,237
2025-06-20T00:39:14,232,5,10,237
2025-06-20T01:09:25,232,5,10,237
2025-06-20T01:39:39,232,5,10,237
2025-06-20T02:09:44,232,5,10,237
2025-06-20T02:39:48,232,5,10,237
2025-06-20T03:09:50,232,5,10,237
2025-06-20T03:39:53,232,5,10,237
2025-06-20T04:10:10,232,5,10,237
2025-06-20T04:28:40,232,5,10,237
2025-06-20T05:00:23,232,5,10,237
2025-06-20T05:30:26,232,5,10,237
2025-06-20T06:00:32,232,5,10,237
2025-06-20T06:30:37,232,5,10,237
2025-06-20T07:00:42,232,5,10,237
2025-06-20T07:30:47,232,5,10,237
2025-06-20T08:00:48,232,5,10,237
2025-06-20T08:30:59,232,5,10,237
2025-06-20T09:01:01,232,5,10,237
2025-06-20T09:31:02,232,5,10,237
2025-06-20T10:01:03,232,5,10,237
2025-06-20T10:31:18,232,5,10,237
2025-06-20T11:01:20,232,5,10,237
2025-06-20T11:31:22,232,5,10,237
2025-06-20T12:01:35,232,5,10,237
2025-06-20T12:31:36,232,5,10,237
2025-06-20T13:01:37,232,5,10,237
2025-06-20T13:31:51,232,5,10,237
2025-06-20T14:01:52,232,5,10,237
2025-06-20T14:32:05,232,5,10,237
2025-06-20T15:02:06,232,5,10,237
2025-06-20T15:32:11,232,5,10,237
2025-06-20T16:02:25,232,5,10,237
2025-06-20T16:32:27,232,5,10,237
2025-06-20T17:02:28,232,5,10,237
2025-06-20T17:32:41,232,5,10,237
2025-06-20T18:02:43,232,5,10,237
2025-06-20T18:32:45,233,4,10,237
2025-06-20T19:02:56,233,4,10,237
2025-06-20T19:32:56,233,4,10,237
2025-06-20T20:02:57,233,4,10,237
2025-06-20T20:32:57,233,4,10,237
2025-06-20T21:03:08,233,4,10,237
2025-06-20T21:33:08,233,4,10,237
2025-06-20T22:03:10,233,4,10,237
2025-06-20T22:33:11,233,4,10,237
2025-06-20T23:03:34,233,4,10,237
2025-06-20T23:34:09,233,4,10,237
2025-06-21T00:04:11,233,4,10,237
2025-06-21T00:34:57,234,3,10,237
2025-06-21T01:05:23,234,3,10,237
2025-06-21T01:35:32,234,3,10,237
2025-06-21T02:05:38,234,3,10,237
2025-06-21T02:35:43,234,3,10,237
2025-06-21T03:06:25,234,3,10,237
2025-06-21T03:36:30,234,3,10,237
2025-06-21T04:06:35,234,3,10,237
2025-06-21T04:29:51,234,3,10,237
2025-06-21T05:00:21,234,3,10,237
2025-06-21T05:30:25,234,3,10,237
2025-06-21T06:00:29,234,3,10,237
2025-06-21T06:30:33,234,3,10,237
2025-06-21T07:00:39,234,3,10,237
2025-06-21T07:30:51,234,3,10,237
2025-06-21T08:00:54,234,3,10,237
2025-06-21T08:30:56,234,3,10,237
2025-06-21T09:00:57,234,3,10,237
2025-06-21T09:30:58,234,3,10,237
2025-06-21T10:01:09,234,3,10,237
2025-06-21T10:31:09,234,3,10,237
2025-06-21T11:01:09,234,3,10,237
2025-06-21T11:31:10,234,3,10,237
2025-06-21T12:01:21,234,3,10,237
2025-06-21T12:31:22,234,3,10,237
2025-06-21T13:01:22,234,3,10,237
2025-06-21T13:31:25,234,3,10,237
2025-06-21T14:01:35,234,3,10,237
2025-06-21T14:31:35,234,3,10,237
2025-06-21T15:01:36,234,3,10,237
2025-06-21T15:31:47,234,3,10,237
2025-06-21T16:01:48,234,3,10,237
2025-06-21T16:31:48,234,3,10,237
2025-06-21T17:01:49,234,3,10,237
2025-06-21T17:32:00,234,3,10,237
2025-06-21T18:02:01,234,3,10,237
2025-06-21T18:32:01,234,3,10,237
2025-06-21T19:02:03,234,3,10,237
2025-06-21T19:32:04,234,3,10,237
2025-06-21T20:02:14,234,3,10,237
2025-06-21T20:32:15,234,3,10,237
2025-06-21T21:02:15,234,3,10,237
2025-06-21T21:32:16,234,3,10,237
2025-06-21T22:02:27,234,3,10,237
2025-06-21T22:32:29,234,3,10,237
2025-06-21T23:02:31,234,3,10,237
2025-06-21T23:32:34,234,3,10,237
2025-06-22T00:02:45,234,3,10,237
2025-06-22T00:32:55,234,3,10,237
2025-06-22T01:03:03,234,3,10,237
2025-06-22T01:33:08,234,3,10,237
2025-06-22T02:03:12,234,3,10,237
2025-06-22T02:33:30,234,3,10,237
2025-06-22T03:03:55,234,3,10,237
2025-06-22T03:34:01,234,3,10,237
2025-06-22T04:04:04,234,3,10,237
2025-06-25T11:07:05,237,0,9,237
2025-06-25T11:37:19,237,0,9,237
2025-06-25T12:07:23,237,0,9,237
2025-06-25T12:37:38,237,0,9,237
2025-06-25T13:07:41,237,0,9,237
2025-06-25T13:37:44,237,0,9,237
2025-06-25T14:07:48,237,0,9,237
2025-06-25T14:38:03,237,0,9,237
2025-06-25T15:08:06,237,0,9,237
2025-06-25T15:38:23,237,0,9,237
2025-06-25T16:08:26,237,0,9,237
2025-06-25T16:38:30,237,0,9,237
2025-06-25T17:08:44,237,0,9,237
2025-06-25T17:38:47,237,0,9,237
2025-06-25T18:08:51,237,0,9,237
2025-06-25T18:38:54,237,0,9,237
2025-06-25T19:09:09,237,0,9,237
2025-06-25T19:39:12,237,0,9,237
2025-06-25T20:09:16,237,0,9,237
2025-06-25T20:39:29,237,0,9,237
2025-06-25T21:09:32,237,0,9,237
2025-06-25T21:39:34,237,0,9,237
2025-06-25T22:09:37,237,0,9,237
2025-06-25T22:39:51,237,0,9,237
2025-06-25T23:09:53,237,0,9,237
2025-06-25T23:39:56,237,0,9,237
2025-06-26T00:10:00,237,0,9,237
2025-06-26T00:40:19,237,0,9,237
2025-06-26T01:10:26,237,0,9,237
2025-06-26T01:40:34,237,0,9,237
2025-06-26T02:10:41,237,0,9,237
2025-06-26T02:40:48,237,0,9,237
2025-06-26T03:10:55,237,0,9,237
2025-06-26T03:41:13,237,0,9,237
2025-06-26T04:21:43,237,0,9,237
2025-06-26T04:53:27,237,0,9,237
2025-06-26T05:23:32,237,0,9,237
2025-06-26T05:53:44,237,0,9,237
2025-06-26T06:23:52,237,0,9,237
2025-06-26T06:54:12,237,0,9,237
2025-06-26T07:24:19,237,0,9,237
2025-06-26T07:54:23,237,0,9,237
2025-06-26T08:24:28,237,0,9,237
2025-06-26T08:54:32,237,0,9,237
2025-06-26T09:24:36,237,0,9,237
2025-06-26T09:54:52,237,0,9,237
2025-06-26T10:24:54,237,0,9,237
2025-06-26T10:54:57,237,0,9,237
2025-06-26T11:25:02,237,0,9,237
2025-06-26T11:55:15,237,0,9,237
2025-06-26T12:25:18,237,0,9,237
2025-06-26T12:55:21,237,0,9,237
2025-06-26T13:25:36,237,0,9,237
2025-06-26T13:55:40,237,0,9,237
2025-06-26T14:25:43,237,0,9,237
2025-06-26T14:55:47,237,0,9,237
2025-06-26T15:26:07,237,0,9,237
2025-06-26T15:56:10,237,0,9,237
2025-06-26T16:26:17,237,0,9,237
2025-06-26T16:56:29,237,0,9,237
2025-06-26T17:26:32,237,0,9,237
2025-06-26T17:56:36,237,0,9,237
2025-06-26T18:27:00,237,0,9,237
2025-06-26T18:57:04,237,0,9,237
2025-06-26T19:28:02,237,0,9,237
2025-06-26T19:59:03,237,0,9,237
2025-06-26T20:29:46,237,0,9,237
2025-06-26T21:00:52,237,0,9,237
2025-06-26T21:31:40,237,0,9,237
2025-06-26T22:02:45,237,0,9,237
2025-06-26T22:33:27,237,0,9,237
2025-06-26T23:04:13,237,0,9,237
2025-06-26T23:35:11,237,0,9,237
2025-06-27T00:05:53,237,0,9,237
2025-06-27T00:36:09,237,0,9,237
2025-06-27T01:06:41,237,0,9,237
2025-06-27T01:37:42,237,0,9,237
2025-06-27T02:08:31,237,0,9,237
2025-06-27T02:39:30,237,0,9,237
2025-06-27T03:10:19,237,0,9,237
2025-06-27T03:41:13,237,0,9,237
2025-06-27T04:11:53,237,0,9,237
2025-06-27T15:28:41,237,0,10,237
2025-06-27T15:59:25,237,0,10,237
2025-06-27T16:29:59,237,0,10,237
2025-06-27T17:00:45,237,0,10,237
2025-06-27T17:31:18,237,0,10,237
2025-06-27T18:01:46,237,0,10,237
2025-06-27T18:32:25,237,0,10,237
2025-06-27T19:03:01,237,0,10,237
2025-06-27T19:33:40,237,0,10,237
2025-06-27T20:04:04,237,0,10,237
2025-06-27T20:34:54,237,0,10,237
2025-06-27T21:05:41,237,0,10,237
2025-06-27T21:36:05,237,0,10,237
2025-06-27T22:06:48,237,0,10,237
2025-06-27T22:37:15,237,0,10,237
2025-06-27T23:08:10,237,0,10,237
2025-06-27T23:39:24,237,0,10,237
2025-06-28T00:10:19,237,0,10,237
2025-06-28T00:41:27,237,0,10,237
2025-06-28T01:12:13,237,0,10,237
2025-06-28T01:42:58,237,0,10,237
2025-06-28T02:13:14,237,0,10,237
2025-06-28T02:44:28,237,0,10,237
2025-06-28T03:15:24,237,0,10,237
2025-06-28T03:46:47,237,0,10,237
2025-06-28T04:29:09,237,0,10,237
2025-06-28T05:01:11,237,0,10,237
2025-06-28T05:32:23,237,0,10,237
2025-06-28T06:02:52,237,0,10,237
2025-06-28T06:33:39,237,0,10,237
2025-06-28T07:04:07,237,0,10,237
2025-06-28T07:34:30,237,0,10,237
2025-06-28T08:05:29,237,0,10,237
2025-06-28T08:35:51,237,0,10,237
2025-06-28T09:06:12,237,0,10,237
2025-06-28T09:36:31,237,0,10,237
2025-06-28T10:07:05,237,0,10,237
2025-06-28T10:37:22,237,0,10,237
2025-06-28T11:08:30,237,0,10,237
2025-06-28T11:39:14,237,0,10,237
2025-06-28T12:10:04,237,0,10,237
2025-06-28T12:40:31,237,0,10,237
2025-06-28T13:11:13,237,0,10,237
2025-06-28T13:42:24,237,0,10,237
2025-06-28T14:13:12,237,0,10,237
2025-06-28T14:43:41,237,0,10,237
2025-06-28T15:14:23,237,0,10,237
2025-06-28T15:44:46,237,0,10,237
2025-06-28T16:15:08,237,0,10,237
2025-06-28T16:46:16,237,0,10,237
2025-06-28T17:16:58,237,0,10,237
2025-06-28T17:47:52,237,0,10,237
2025-06-28T18:18:23,237,0,10,237
2025-06-28T18:49:20,237,0,10,237
2025-06-28T19:19:56,237,0,10,237
2025-06-28T19:50:53,237,0,10,237
2025-06-28T20:21:25,237,0,10,237
2025-06-28T20:52:07,237,0,10,237
2025-06-28T21:22:32,237,0,10,237
2025-06-28T21:53:25,237,0,10,237
2025-06-28T22:23:47,237,0,10,237
2025-06-28T22:54:15,237,0,10,237
2025-06-28T23:24:50,237,0,11,237
2025-06-28T23:55:29,237,0,11,237
2025-06-29T00:26:18,237,0,11,237
2025-06-29T00:57:35,237,0,11,237
2025-06-29T01:28:21,237,0,11,237
2025-06-29T01:59:15,237,0,11,237
2025-06-29T02:29:57,237,0,11,237
2025-06-29T03:00:32,237,0,11,237
2025-06-29T03:31:24,237,0,11,237
2025-06-29T04:02:11,237,0,11,237
2025-06-29T04:23:19,237,0,11,237
2025-06-29T04:56:45,237,0,11,237
2025-06-29T05:28:54,237,0,11,237
2025-06-29T06:00:10,237,0,11,237
2025-06-29T06:31:09,237,0,11,237
2025-06-29T07:01:43,237,0,11,237
2025-06-29T07:32:27,237,0,11,237
2025-06-29T08:03:32,237,0,11,237
2025-06-29T08:34:07,237,0,11,237
2025-06-29T09:04:23,237,0,11,237
2025-06-29T09:34:46,237,0,11,237
2025-06-29T10:05:23,237,0,11,237
2025-06-29T10:35:53,237,0,11,237
2025-06-29T11:06:40,237,0,10,237
2025-06-29T11:37:00,237,0,10,237
2025-06-29T12:07:31,237,0,10,237
2025-06-29T12:38:08,237,0,10,237
2025-06-29T13:08:23,237,0,10,237
2025-06-29T13:39:08,237,0,10,237
2025-06-29T14:09:29,237,0,10,237
2025-06-29T14:40:14,237,0,10,237
2025-06-29T15:10:44,237,0,10,237
2025-06-29T15:41:03,237,0,10,237
2025-06-29T16:11:26,237,0,10,237
2025-06-29T16:42:08,237,0,10,237
2025-06-29T17:12:42,237,0,10,237
2025-06-29T17:43:01,237,0,10,237
2025-06-29T18:13:34,237,0,10,237
2025-06-29T18:44:03,237,0,10,237
2025-06-29T19:14:24,237,0,10,237
2025-06-29T19:45:32,237,0,10,237
2025-06-29T20:15:50,237,0,10,237
2025-06-29T20:46:18,237,0,10,237
2025-06-29T21:17:06,237,0,10,237
2025-06-29T21:47:42,237,0,10,237
2025-06-29T22:18:14,237,0,10,237
2025-06-29T22:48:27,237,0,10,237
2025-06-29T23:18:47,237,0,10,237
2025-06-29T23:49:11,237,0,10,237
2025-06-30T00:19:41,237,0,10,237
2025-06-30T00:49:51,237,0,10,237
2025-06-30T01:20:26,237,0,10,237
2025-06-30T01:51:02,237,0,10,237
2025-06-30T02:21:49,237,0,10,237
2025-06-30T02:52:28,237,0,10,237
2025-06-30T03:23:15,237,0,10,237
2025-06-30T03:54:04,237,0,10,237
2025-06-30T04:26:40,237,0,10,237
2025-06-30T04:57:49,237,0,10,237
2025-06-30T05:28:16,237,0,10,237
2025-06-30T05:58:49,237,0,10,237
2025-06-30T06:29:40,237,0,10,237
2025-06-30T07:00:08,237,0,10,237
2025-06-30T07:30:42,237,0,10,237
2025-06-30T08:01:03,237,0,10,237
2025-06-30T08:32:08,237,0,10,237
2025-06-30T09:02:41,237,0,10,237
2025-06-30T09:33:04,237,0,10,237
2025-06-30T10:03:56,237,0,10,237
2025-06-30T10:35:02,237,0,10,237
2025-06-30T11:06:11,237,0,10,237
2025-06-30T11:36:42,237,0,10,237
2025-06-30T12:07:26,237,0,10,237
2025-06-30T12:37:51,237,0,10,237
2025-06-30T13:08:43,236,1,10,237
2025-06-30T13:39:34,236,1,10,237
2025-06-30T14:10:45,236,1,10,237
2025-06-30T14:41:35,236,1,10,237
2025-06-30T15:12:03,236,1,10,237
2025-06-30T15:42:41,236,1,10,237
2025-06-30T16:13:11,236,1,10,237
2025-06-30T16:44:04,236,1,10,237
2025-06-30T17:15:11,236,1,10,237
2025-06-30T17:45:45,236,1,10,237
2025-06-30T18:15:58,236,1,10,237
2025-06-30T18:46:39,236,1,10,237
2025-06-30T19:17:03,236,1,10,237
2025-06-30T19:47:26,236,1,10,237
2025-06-30T20:17:44,236,1,10,237
2025-06-30T20:48:31,236,1,10,237
2025-06-30T21:19:08,236,1,10,237
2025-06-30T21:50:06,236,1,10,237
2025-06-30T22:21:29,236,1,10,237
2025-06-30T22:52:14,237,0,9,237
2025-06-30T23:22:47,237,0,9,237
2025-06-30T23:53:45,237,0,9,237
2025-07-01T00:24:40,237,0,9,237
2025-07-01T00:55:51,237,0,9,237
2025-07-01T01:26:28,237,0,9,237
2025-07-01T01:56:45,237,0,9,237
2025-07-01T02:27:13,237,0,9,237
2025-07-01T02:57:36,237,0,9,237
2025-07-01T03:28:12,237,0,9,237
2025-07-01T03:58:57,237,0,9,237
2025-07-01T04:27:45,237,0,9,237
2025-07-01T04:58:59,237,0,9,237
2025-07-01T05:29:16,237,0,9,237
2025-07-01T05:59:42,237,0,9,237
2025-07-01T06:30:23,237,0,9,237
2025-07-01T07:00:52,237,0,9,237
2025-07-01T07:31:07,237,0,9,237
2025-07-01T08:01:38,237,0,9,237
2025-07-01T08:32:22,237,0,9,237
2025-07-01T09:02:43,237,0,9,237
2025-07-01T09:33:27,237,0,9,237
2025-07-01T10:03:53,237,0,9,237
2025-07-01T10:35:14,236,1,9,237
2025-07-01T11:06:05,236,1,9,237
2025-07-01T11:37:21,236,1,9,237
2025-07-01T12:08:05,236,1,9,237
2025-07-01T12:39:01,236,1,9,237
2025-07-01T13:10:01,236,1,9,237
2025-07-01T13:40:32,236,1,9,237
2025-07-01T14:11:30,236,1,9,237
2025-07-01T14:42:08,236,1,9,237
2025-07-01T15:12:23,236,1,9,237
2025-07-01T15:43:19,236,1,9,237
2025-07-01T16:14:09,236,1,9,237
2025-07-01T16:44:52,236,1,9,237
2025-07-01T17:15:47,236,1,9,237
2025-07-01T17:46:17,236,1,9,237
2025-07-01T18:17:16,236,1,9,237
2025-07-01T18:48:23,236,1,9,237
2025-07-01T19:19:21,236,1,9,237
2025-07-01T19:49:53,236,1,9,237
2025-07-01T20:20:05,235,2,9,237
2025-07-01T20:50:34,235,2,9,237
2025-07-01T21:20:47,235,2,9,237
2025-07-01T21:51:30,235,2,9,237
2025-07-01T22:22:29,235,2,9,237
2025-07-01T22:52:55,236,1,8,237
2025-07-01T23:23:17,236,1,8,237
2025-07-01T23:53:56,236,1,8,237
2025-07-02T00:24:42,236,1,8,237
2025-07-02T00:55:15,236,1,8,237
2025-07-02T01:26:04,236,1,8,237
2025-07-02T01:56:32,236,1,8,237
2025-07-02T02:27:02,236,1,8,237
2025-07-02T02:57:22,236,1,8,237
2025-07-02T03:27:52,236,1,8,237
2025-07-02T03:58:40,236,1,8,237
2025-07-02T04:24:47,236,1,8,237
2025-07-02T04:55:55,236,1,8,237
2025-07-02T05:26:33,236,1,8,237
2025-07-02T05:57:08,236,1,8,237
2025-07-02T06:28:00,236,1,8,237
2025-07-02T06:58:38,236,1,8,237
2025-07-02T07:29:11,236,1,8,237
2025-07-02T07:59:44,236,1,8,237
2025-07-02T08:30:44,236,1,8,237
2025-07-02T09:01:13,236,1,8,237
2025-07-02T09:31:34,236,1,8,237
2025-07-02T10:02:48,235,2,8,237
2025-07-02T10:33:54,235,2,8,237
2025-07-02T11:04:53,235,2,8,237
2025-07-02T11:35:40,235,2,8,237
2025-07-02T12:06:52,235,2,8,237
2025-07-02T12:38:12,235,2,8,237
2025-07-02T13:09:23,235,2,8,237
2025-07-02T13:40:13,235,2,8,237
2025-07-02T14:10:53,235,2,8,237
2025-07-02T14:41:49,235,2,8,237
2025-07-02T15:12:32,235,2,8,237
2025-07-02T15:43:27,235,2,8,237
2025-07-02T16:14:23,235,2,8,237
2025-07-02T16:44:48,235,2,8,237
2025-07-02T17:15:10,235,2,8,237
2025-07-02T17:45:44,235,2,8,237
2025-07-02T18:16:28,235,2,8,237
2025-07-02T18:47:05,235,2,8,237
2025-07-02T19:17:47,236,1,8,237
2025-07-02T19:48:03,236,1,8,237
2025-07-02T20:18:39,236,1,8,237
2025-07-02T20:49:08,236,1,8,237
2025-07-02T21:19:27,236,1,8,237
2025-07-02T21:49:52,236,1,8,237
2025-07-02T22:20:19,236,1,8,237
2025-07-02T22:50:43,237,0,7,237
2025-07-02T23:21:09,237,0,7,237
2025-07-02T23:51:32,237,0,7,237
2025-07-03T00:22:29,237,0,7,237
2025-07-03T00:53:33,237,0,7,237
2025-07-03T01:24:12,237,0,7,237
2025-07-03T01:54:54,237,0,7,237
2025-07-03T02:26:06,237,0,7,237
2025-07-03T02:57:04,237,0,7,237
2025-07-03T03:28:04,237,0,7,237
2025-07-03T04:00:52,237,0,7,237
2025-07-03T04:22:46,237,0,7,237
2025-07-03T04:54:02,237,0,7,237
2025-07-03T05:24:55,237,0,7,237
2025-07-03T05:55:59,237,0,7,237
2025-07-03T06:27:01,237,0,7,237
2025-07-03T06:57:31,237,0,7,237
2025-07-03T07:27:46,237,0,7,237
2025-07-03T07:58:37,237,0,7,237
2025-07-03T08:29:40,237,0,7,237
2025-07-03T09:00:11,237,0,7,237
2025-07-03T09:30:48,237,0,7,237
2025-07-03T10:01:17,237,0,7,237
2025-07-03T10:31:58,237,0,7,237
2025-07-03T11:02:28,237,0,7,237
2025-07-03T11:33:31,237,0,7,237
2025-07-03T12:04:18,237,0,7,237
2025-07-03T12:35:11,237,0,7,237
2025-07-03T13:06:23,237,0,7,237
2025-07-03T13:37:21,237,0,7,237
2025-07-03T14:08:29,237,0,7,237
2025-07-03T14:38:43,237,0,7,237
2025-07-03T15:09:05,237,0,7,237
2025-07-03T15:39:27,237,0,7,237
2025-07-03T16:10:05,237,0,7,237
2025-07-03T16:40:38,237,0,7,237
2025-07-03T17:11:29,237,0,7,237
2025-07-03T17:41:57,237,0,7,237
2025-07-03T18:13:15,237,0,7,237
2025-07-03T18:44:11,237,0,7,237
2025-07-03T19:14:49,237,0,7,237
2025-07-03T19:45:23,236,1,7,237
2025-07-03T20:16:03,236,1,7,237
2025-07-03T20:46:52,236,1,7,237
2025-07-03T21:17:16,236,1,7,237
2025-07-03T21:47:57,236,1,7,237
2025-07-03T22:18:47,236,1,7,237
2025-07-03T22:49:22,237,0,6,237
2025-07-03T23:19:56,237,0,6,237
2025-07-03T23:50:26,237,0,6,237
2025-07-04T00:21:11,237,0,6,237
2025-07-04T00:51:30,237,0,6,237
2025-07-04T01:22:11,237,0,6,237
2025-07-04T01:52:56,237,0,6,237
2025-07-04T02:23:53,237,0,6,237
2025-07-04T02:54:29,237,0,6,237
2025-07-04T03:25:19,237,0,6,237
2025-07-04T03:56:22,237,0,6,237
2025-07-04T04:27:53,237,0,6,237
2025-07-04T05:00:10,237,0,6,237
2025-07-04T05:30:48,237,0,6,237
2025-07-04T06:01:42,237,0,6,237
2025-07-04T06:32:36,237,0,6,237
2025-07-04T07:03:26,237,0,6,237
2025-07-04T07:34:21,237,0,6,237
2025-07-04T08:04:45,237,0,6,237
2025-07-04T08:35:28,237,0,6,237
2025-07-04T09:06:35,237,0,6,237
2025-07-04T09:37:00,237,0,6,237
2025-07-04T10:07:45,237,0,6,237
2025-07-04T10:38:17,237,0,6,237
2025-07-04T11:08:39,237,0,6,237
2025-07-04T11:39:05,237,0,6,237
2025-07-04T12:09:25,237,0,6,237
2025-07-04T12:40:40,237,0,6,237
2025-07-04T13:11:42,237,0,6,237
2025-07-04T13:42:22,237,0,6,237
2025-07-04T14:12:52,237,0,6,237
2025-07-04T14:43:19,237,0,6,237
2025-07-04T15:13:34,237,0,6,237
2025-07-04T15:43:53,237,0,6,237
2025-07-04T16:14:35,237,0,6,237
2025-07-04T16:44:49,237,0,6,237
2025-07-04T17:15:22,237,0,6,237
2025-07-04T17:46:01,237,0,6,237
2025-07-04T18:16:32,237,0,6,237
2025-07-04T18:47:01,237,0,6,237
2025-07-04T19:17:35,237,0,6,237
2025-07-04T19:47:57,237,0,6,237
2025-07-04T20:18:32,237,0,6,237
2025-07-04T20:49:08,237,0,6,237
2025-07-04T21:20:21,237,0,6,237
2025-07-04T21:51:20,237,0,6,237
2025-07-04T22:22:23,237,0,6,237
2025-07-04T22:52:54,237,0,6,237
2025-07-04T23:23:20,237,0,6,237
2025-07-04T23:53:47,237,0,6,237
2025-07-05T00:24:37,237,0,6,237
2025-07-05T00:55:36,237,0,6,237
2025-07-05T01:26:24,237,0,6,237
2025-07-05T01:57:09,237,0,6,237
2025-07-05T02:27:53,237,0,6,237
2025-07-05T02:58:20,237,0,6,237
2025-07-05T03:28:44,237,0,6,237
2025-07-05T03:59:32,237,0,6,237
2025-07-05T18:21:38,237,0,6,237
2025-07-05T18:52:39,237,0,6,237
2025-07-05T19:23:55,237,0,6,237
2025-07-05T19:54:45,237,0,6,237
2025-07-05T20:25:44,237,0,6,237
2025-07-05T20:56:11,237,0,6,237
2025-07-05T21:26:35,237,0,6,237
2025-07-05T21:57:05,237,0,6,237
2025-07-05T22:27:32,237,0,6,237
2025-07-05T22:58:36,237,0,6,237
2025-07-05T23:29:05,237,0,6,237
2025-07-05T23:59:52,237,0,6,237
2025-07-06T00:31:39,237,0,6,237
2025-07-06T01:02:26,237,0,6,237
2025-07-06T01:33:06,237,0,6,237
2025-07-06T02:03:47,237,0,6,237
2025-07-06T02:34:27,237,0,6,237
2025-07-06T03:05:34,237,0,6,237
2025-07-06T03:36:17,237,0,6,237
2025-07-06T04:07:10,237,0,6,237
2025-07-06T04:23:40,237,0,6,237
2025-07-06T04:54:30,237,0,6,237
2025-07-06T05:25:03,237,0,6,237
2025-07-06T05:55:19,237,0,6,237
2025-07-06T06:25:31,237,0,6,237
2025-07-06T06:56:10,237,0,6,237
2025-07-06T07:26:55,237,0,6,237
2025-07-06T07:57:45,237,0,6,237
2025-07-06T08:28:49,237,0,6,237
2025-07-06T08:59:32,237,0,6,237
2025-07-06T09:30:05,237,0,6,237
2025-07-06T10:00:42,237,0,6,237
2025-07-06T10:31:25,237,0,6,237
2025-07-06T11:02:02,237,0,6,237
2025-07-06T11:32:44,237,0,6,237
2025-07-06T12:03:05,237,0,6,237
2025-07-06T12:33:31,237,0,6,237
2025-07-06T13:04:08,237,0,6,237
2025-07-06T13:34:56,237,0,6,237
2025-07-06T14:05:48,237,0,6,237
2025-07-06T14:36:25,237,0,6,237
2025-07-06T15:06:47,237,0,6,237
2025-07-06T15:37:40,237,0,6,237
2025-07-06T16:08:40,237,0,6,237
2025-07-06T16:39:18,237,0,6,237
2025-07-06T17:10:12,237,0,6,237
2025-07-06T17:41:25,237,0,6,237
2025-07-06T18:12:39,237,0,6,237
2025-07-06T18:43:32,237,0,6,237
2025-07-06T19:14:29,237,0,6,237
2025-07-06T19:44:49,237,0,6,237
2025-07-06T20:15:38,237,0,6,237
2025-07-06T21:17:26,237,0,6,237
2025-07-06T21:48:22,237,0,6,237
2025-07-06T22:19:23,237,0,6,237
2025-07-06T22:49:59,237,0,6,237
2025-07-06T23:20:36,237,0,6,237
2025-07-06T23:51:17,237,0,6,237
2025-07-07T00:22:07,237,0,6,237
2025-07-07T00:53:03,236,1,6,237
2025-07-07T01:23:32,236,1,6,237
2025-07-07T01:54:39,236,1,6,237
2025-07-07T02:25:38,236,1,6,237
2025-07-07T02:56:38,236,1,6,237
2025-07-07T03:27:06,236,1,6,237
2025-07-07T03:58:00,236,1,6,237
2025-07-07T04:19:37,236,1,6,237
2025-07-07T04:51:55,236,1,6,237
2025-07-07T05:22:35,236,1,6,237
2025-07-07T05:53:00,236,1,6,237
2025-07-07T06:23:21,236,1,6,237
2025-07-07T06:53:54,236,1,6,237
2025-07-07T07:24:37,236,1,6,237
2025-07-07T07:55:26,236,1,6,237
2025-07-07T08:26:23,236,1,6,237
2025-07-07T08:57:01,236,1,6,237
2025-07-07T09:28:07,236,1,6,237
2025-07-07T09:58:50,236,1,6,237
2025-07-07T10:29:17,236,1,6,237
2025-07-07T11:00:13,236,1,6,237
2025-07-07T11:31:28,235,2,6,237
2025-07-07T12:02:30,235,2,6,237
2025-07-07T12:33:03,235,2,6,237
2025-07-07T13:03:50,235,2,6,237
2025-07-07T13:34:59,235,2,6,237
2025-07-07T14:05:27,235,2,6,237
2025-07-07T14:36:27,235,2,6,237
2025-07-07T15:07:06,235,2,6,237
2025-07-07T15:37:38,235,2,6,237
2025-07-07T16:08:03,235,2,6,237
2025-07-07T16:38:22,235,2,6,237
2025-07-07T17:09:27,235,2,6,237
2025-07-07T17:50:46,235,2,6,237
2025-07-07T18:21:16,235,2,6,237
2025-07-07T18:51:39,235,2,6,237
2025-07-07T19:22:18,235,2,6,237
2025-07-07T19:52:44,235,2,6,237
2025-07-07T20:23:16,235,2,6,237
2025-07-07T20:53:31,235,2,6,237
2025-07-07T21:23:58,235,2,6,237
2025-07-07T21:54:21,235,2,6,237
2025-07-07T22:24:42,235,2,6,237
2025-07-07T22:55:14,236,1,5,237
2025-07-07T23:26:05,236,1,5,237
2025-07-07T23:56:56,236,1,5,237
2025-07-08T00:27:43,236,1,5,237
2025-07-08T00:58:57,236,1,5,237
2025-07-08T01:29:58,236,1,5,237
2025-07-08T02:00:25,236,1,5,237
2025-07-08T02:31:19,236,1,5,237
2025-07-08T03:01:57,236,1,5,237
2025-07-08T03:32:46,236,1,5,237
2025-07-08T04:03:17,236,1,5,237
2025-07-08T04:22:01,236,1,5,237
2025-07-08T04:54:29,236,1,5,237
2025-07-08T05:25:25,236,1,5,237
2025-07-08T05:56:03,236,1,5,237
2025-07-08T06:27:10,236,1,5,237
2025-07-08T06:58:00,236,1,5,237
2025-07-08T07:28:35,236,1,5,237
2025-07-08T07:59:38,236,1,5,237
2025-07-08T08:30:38,236,1,5,237
2025-07-08T09:01:14,236,1,5,237
2025-07-08T09:31:31,236,1,5,237
2025-07-08T10:02:22,236,1,5,237
2025-07-08T10:33:31,236,1,5,237
2025-07-08T11:04:33,236,1,5,237
2025-07-08T11:35:44,236,1,5,237
2025-07-08T12:06:31,236,1,5,237
2025-07-08T12:36:53,236,1,5,237
2025-07-08T13:08:06,236,1,5,237
2025-07-08T13:38:46,236,1,5,237
2025-07-08T14:09:28,236,1,5,237
2025-07-08T14:40:02,236,1,5,237
2025-07-08T15:11:14,236,1,5,237
2025-07-08T15:42:22,236,1,5,237
2025-07-08T16:13:22,236,1,5,237
2025-07-08T16:44:05,236,1,5,237
2025-07-08T17:14:37,236,1,5,237
2025-07-08T17:45:01,236,1,5,237
2025-07-08T18:15:38,236,1,5,237
2025-07-08T18:45:55,236,1,5,237
2025-07-08T19:16:28,236,1,5,237
2025-07-08T19:46:38,236,1,5,237
2025-07-08T20:17:21,236,1,5,237
2025-07-08T20:48:25,236,1,5,237
2025-07-08T21:19:10,236,1,5,237
2025-07-08T21:49:34,236,1,5,237
2025-07-08T22:20:16,236,1,5,237
2025-07-08T22:51:15,237,0,4,237
2025-07-08T23:21:41,237,0,4,237
2025-07-08T23:52:15,237,0,4,237
2025-07-09T00:22:40,237,0,4,237
2025-07-09T00:53:13,237,0,4,237
2025-07-09T01:23:56,237,0,4,237
2025-07-09T01:55:04,237,0,4,237
2025-07-09T02:25:51,237,0,4,237
2025-07-09T02:57:03,237,0,4,237
2025-07-09T03:27:35,237,0,4,237
2025-07-09T03:58:04,237,0,4,237
2025-07-09T04:25:08,237,0,4,237
2025-07-09T04:55:44,237,0,4,237
2025-07-09T05:26:03,237,0,4,237
2025-07-09T05:58:35,237,0,4,237
2025-07-09T06:29:11,237,0,4,237
2025-07-09T06:59:53,237,0,4,237
2025-07-09T07:30:44,237,0,4,237
2025-07-09T08:01:52,237,0,4,237
2025-07-09T08:32:51,236,1,5,237
2025-07-09T09:03:58,236,1,5,237
2025-07-09T09:34:37,236,1,5,237
2025-07-09T10:05:55,236,1,5,237
2025-07-09T10:37:12,236,1,5,237
2025-07-09T11:08:18,236,1,5,237
2025-07-09T11:38:59,236,1,5,237
2025-07-09T12:09:41,236,1,5,237
2025-07-09T12:40:39,236,1,5,237
2025-07-09T13:11:38,237,0,5,237
2025-07-09T13:42:12,237,0,5,237
2025-07-09T14:12:57,237,0,5,237
2025-07-09T14:43:53,236,1,5,237
2025-07-09T15:14:54,236,1,5,237
2025-07-09T15:46:21,236,1,5,237
2025-07-09T16:17:10,236,1,5,237
2025-07-09T16:48:33,236,1,5,237
2025-07-09T17:19:31,236,1,5,237
2025-07-09T17:50:12,236,1,5,237
2025-07-09T18:21:08,236,1,5,237
2025-07-09T18:51:55,236,1,5,237
2025-07-09T19:23:26,236,1,5,237
2025-07-09T19:54:18,236,1,5,237
2025-07-09T20:24:55,236,1,5,237
2025-07-09T20:56:14,236,1,5,237
2025-07-09T21:27:18,236,1,5,237
2025-07-09T21:58:06,236,1,5,237
2025-07-09T22:28:58,236,1,5,237
2025-07-09T22:59:48,236,1,5,237
2025-07-09T23:30:44,236,1,5,237
2025-07-10T00:01:52,236,1,5,237
2025-07-10T00:32:42,236,1,5,237
2025-07-10T01:04:06,236,1,5,237
2025-07-10T01:36:25,236,1,5,237
2025-07-10T02:07:21,236,1,5,237
2025-07-10T02:37:42,236,1,5,237
2025-07-10T03:08:13,236,1,5,237
2025-07-10T03:38:58,236,1,5,237
2025-07-10T04:09:41,236,1,5,237
2025-07-10T04:24:22,236,1,5,237
2025-07-10T04:56:07,236,1,5,237
2025-07-10T05:26:44,236,1,5,237
2025-07-10T05:57:32,236,1,5,237
2025-07-10T06:28:31,236,1,5,237
2025-07-10T06:59:26,236,1,5,237
2025-07-10T07:29:55,236,1,5,237
2025-07-10T08:00:30,236,1,5,237
2025-07-10T08:31:06,236,1,5,237
2025-07-10T09:01:41,236,1,5,237
2025-07-10T09:32:28,236,1,5,237
2025-07-10T10:03:47,236,1,5,237
2025-07-10T10:34:20,236,1,5,237
2025-07-10T11:05:51,236,1,5,237
2025-07-10T11:36:55,236,1,5,237
2025-07-10T12:07:39,236,1,5,237
2025-07-10T12:38:15,236,1,5,237
2025-07-10T13:08:49,236,1,5,237
2025-07-10T13:39:22,236,1,5,237
2025-07-10T14:10:01,236,1,5,237
2025-07-10T14:41:07,236,1,5,237
2025-07-10T15:12:13,236,1,5,237
2025-07-10T15:43:10,236,1,5,237
2025-07-10T16:14:13,236,1,5,237
2025-07-10T16:45:20,235,2,5,237
2025-07-10T17:16:18,235,2,5,237
2025-07-10T17:47:21,235,2,5,237
2025-07-10T18:18:25,235,2,5,237
2025-07-10T18:49:05,235,2,5,237
2025-07-10T19:19:35,235,2,5,237
2025-07-10T19:50:17,235,2,5,237
2025-07-10T20:21:04,235,2,5,237
2025-07-10T20:51:32,235,2,5,237
2025-07-10T21:22:22,235,2,5,237
2025-07-10T21:52:43,236,1,5,237
2025-07-10T22:23:34,236,1,5,237
2025-07-10T22:54:20,237,0,4,237
2025-07-10T23:24:56,237,0,4,237
2025-07-10T23:55:43,237,0,4,237
2025-07-11T00:26:40,237,0,4,237
2025-07-11T00:57:23,237,0,4,237
2025-07-11T01:28:04,237,0,4,237
2025-07-11T01:59:06,237,0,4,237
2025-07-11T02:29:50,237,0,4,237
2025-07-11T03:00:34,237,0,4,237
2025-07-11T03:31:30,237,0,4,237
2025-07-11T04:02:27,237,0,4,237
2025-07-11T04:32:56,237,0,4,237
2025-07-11T05:03:58,237,0,4,237
2025-07-11T05:34:21,237,0,4,237
2025-07-11T06:05:08,237,0,4,237
2025-07-11T06:35:58,237,0,4,237
2025-07-11T07:06:51,237,0,4,237
2025-07-11T07:37:17,237,0,4,237
2025-07-11T08:07:59,237,0,4,237
2025-07-11T08:38:27,237,0,4,237
2025-07-11T09:09:54,237,0,4,237
2025-07-11T09:40:29,237,0,4,237
2025-07-11T10:11:38,237,0,4,237
2025-07-11T10:42:01,237,0,4,237
2025-07-11T11:13:03,237,0,4,237
2025-07-11T11:44:02,237,0,4,237
2025-07-11T12:15:23,237,0,4,237
2025-07-11T12:45:46,237,0,4,237
2025-07-11T13:16:29,237,0,4,237
2025-07-11T13:46:50,237,0,4,237
2025-07-11T14:17:27,237,0,4,237
2025-07-11T14:47:58,237,0,4,237
2025-07-11T15:19:14,237,0,4,237
2025-07-11T15:50:05,237,0,4,237
2025-07-11T16:21:13,237,0,4,237
2025-07-11T16:51:54,237,0,4,237
2025-07-11T17:22:42,237,0,4,237
2025-07-11T17:53:47,237,0,4,237
2025-07-11T18:24:51,237,0,4,237
2025-07-11T18:56:06,237,0,4,237
2025-07-11T19:26:47,237,0,4,237
2025-07-11T19:57:39,237,0,4,237
2025-07-11T20:28:06,237,0,4,237
2025-07-11T20:59:07,237,0,4,237
2025-07-11T21:29:47,237,0,4,237
2025-07-11T22:00:06,237,0,4,237
2025-07-11T22:30:34,237,0,4,237
2025-07-11T23:01:37,237,0,4,237
2025-07-11T23:32:26,237,0,4,237
2025-07-12T00:03:08,237,0,4,237
2025-07-12T00:34:14,237,0,4,237
2025-07-12T01:05:27,237,0,4,237
2025-07-12T01:36:08,237,0,4,237
2025-07-12T02:07:07,237,0,4,237
2025-07-12T02:37:59,237,0,4,237
2025-07-12T03:09:31,237,0,4,237
2025-07-12T03:40:36,237,0,4,237
2025-07-12T04:14:25,237,0,4,237
2025-07-12T04:35:00,237,0,4,237
2025-07-12T05:06:01,237,0,4,237
2025-07-12T05:36:27,237,0,4,237
2025-07-12T06:07:09,237,0,4,237
2025-07-12T06:37:34,237,0,4,237
2025-07-12T07:08:04,237,0,4,237
2025-07-12T07:38:35,237,0,4,237
2025-07-12T08:09:34,237,0,4,237
2025-07-12T08:40:11,237,0,4,237
2025-07-12T09:10:40,237,0,4,237
2025-07-12T09:41:19,237,0,4,237
2025-07-12T10:12:13,237,0,4,237
2025-07-12T10:43:03,237,0,4,237
2025-07-12T11:13:56,237,0,4,237
2025-07-12T11:44:28,237,0,4,237
2025-07-12T12:15:19,237,0,4,237
2025-07-12T12:46:06,237,0,4,237
2025-07-12T13:17:14,237,0,4,237
2025-07-12T13:47:57,237,0,5,237
2025-07-12T14:18:24,237,0,5,237
2025-07-12T14:49:09,237,0,5,237
2025-07-12T15:20:12,237,0,5,237
2025-07-12T15:51:06,237,0,5,237
2025-07-12T16:21:42,237,0,5,237
2025-07-12T16:51:53,237,0,5,237
2025-07-12T17:22:37,237,0,5,237
2025-07-12T17:53:18,237,0,5,237
2025-07-12T18:24:03,237,0,5,237
2025-07-12T18:54:53,237,0,5,237
2025-07-12T19:25:21,237,0,5,237
2025-07-12T19:55:33,237,0,5,237
2025-07-12T20:26:35,237,0,5,237
2025-07-12T20:57:28,237,0,5,237
2025-07-12T21:28:32,237,0,5,237
2025-07-12T21:59:17,237,0,5,237
2025-07-12T22:29:57,237,0,5,237
2025-07-12T23:00:37,237,0,5,237
2025-07-12T23:31:21,237,0,5,237
2025-07-13T00:01:55,237,0,5,237
2025-07-13T00:33:04,237,0,5,237
2025-07-13T01:04:02,237,0,5,237
2025-07-13T01:34:27,237,0,5,237
2025-07-13T02:05:19,237,0,5,237
2025-07-13T02:35:57,237,0,5,237
2025-07-13T03:06:52,237,0,5,237
2025-07-13T03:37:35,237,0,5,237
2025-07-13T04:08:56,237,0,5,237
2025-07-13T04:47:17,237,0,5,237
2025-07-13T05:17:55,237,0,5,237
2025-07-13T05:48:36,237,0,5,237
2025-07-13T06:19:12,237,0,5,237
2025-07-13T06:50:05,237,0,5,237
2025-07-13T07:21:07,237,0,5,237
2025-07-13T07:52:07,237,0,5,237
2025-07-13T08:22:57,237,0,5,237
2025-07-13T08:53:28,237,0,5,237
2025-07-13T09:24:05,237,0,5,237
2025-07-13T09:54:44,237,0,5,237
2025-07-13T10:25:13,237,0,5,237
2025-07-13T10:55:48,237,0,5,237
2025-07-13T11:26:37,237,0,5,237
2025-07-13T11:57:38,237,0,5,237
2025-07-13T12:28:25,237,0,5,237
2025-07-13T12:59:20,237,0,5,237
2025-07-13T13:30:13,237,0,6,237
2025-07-13T14:00:55,237,0,6,237
2025-07-13T14:31:26,237,0,6,237
2025-07-13T15:02:34,237,0,6,237
2025-07-13T15:33:15,237,0,6,237
2025-07-13T16:04:38,237,0,6,237
2025-07-13T16:35:32,237,0,6,237
2025-07-13T17:06:28,237,0,6,237
2025-07-13T17:36:51,237,0,6,237
2025-07-13T18:07:08,237,0,6,237
2025-07-13T18:38:23,237,0,6,237
2025-07-13T19:09:10,237,0,6,237
2025-07-13T19:39:56,237,0,6,237
2025-07-13T20:10:44,237,0,6,237
2025-07-13T20:41:31,237,0,6,237
2025-07-13T21:12:08,237,0,6,237
2025-07-13T21:42:52,237,0,6,237
2025-07-13T22:13:37,237,0,6,237
2025-07-13T22:43:59,237,0,6,237
2025-07-13T23:15:10,237,0,6,237
2025-07-13T23:45:50,237,0,6,237
2025-07-14T00:16:26,237,0,6,237
2025-07-14T00:47:59,237,0,6,237
2025-07-14T01:18:46,237,0,6,237
2025-07-14T01:49:45,237,0,6,237
2025-07-14T02:20:44,237,0,6,237
2025-07-14T02:52:11,237,0,6,237
2025-07-14T03:23:09,237,0,6,237
2025-07-14T03:53:44,237,0,6,237
2025-07-14T04:37:17,237,0,6,237
2025-07-14T05:08:16,237,0,6,237
2025-07-14T05:39:28,237,0,6,237
2025-07-14T06:10:18,237,0,6,237
2025-07-14T06:41:11,237,0,6,237
2025-07-14T07:11:43,237,0,6,237
2025-07-14T07:42:33,237,0,6,237
2025-07-14T08:13:04,237,0,6,237
2025-07-14T08:43:41,237,0,6,237
2025-07-14T09:14:28,237,0,5,237
2025-07-14T09:45:35,237,0,5,237
2025-07-14T10:15:52,237,0,5,237
2025-07-14T10:46:39,237,0,5,237
2025-07-14T11:17:08,237,0,5,237
2025-07-14T11:48:09,237,0,5,237
2025-07-14T12:19:06,237,0,5,237
2025-07-14T12:49:46,237,0,5,237
2025-07-14T13:20:55,237,0,5,237
2025-07-14T13:51:57,237,0,5,237
2025-07-14T14:22:50,237,0,5,237
2025-07-14T14:53:38,237,0,5,237
2025-07-14T15:24:16,237,0,5,237
2025-07-14T15:55:06,237,0,5,237
2025-07-14T16:25:43,237,0,5,237
2025-07-14T16:57:02,237,0,5,237
2025-07-14T17:27:41,237,0,5,237
2025-07-14T17:58:12,237,0,5,237
2025-07-14T18:28:40,237,0,5,237
2025-07-14T18:59:26,237,0,5,237
2025-07-14T19:30:14,237,0,5,237
2025-07-14T20:01:01,237,0,5,237
2025-07-14T20:31:58,237,0,5,237
2025-07-14T21:02:46,237,0,5,237
2025-07-14T21:33:55,236,1,5,237
2025-07-14T22:04:40,236,1,5,237
2025-07-14T22:35:31,236,1,5,237
2025-07-14T23:06:09,236,1,5,237
2025-07-14T23:36:55,236,1,5,237
2025-07-15T00:07:40,236,1,5,237
2025-07-15T00:38:28,236,1,5,237
2025-07-15T01:09:18,236,1,5,237
2025-07-15T01:40:34,236,1,5,237
2025-07-15T02:11:31,236,1,5,237
2025-07-15T02:42:24,236,1,5,237
2025-07-15T03:13:20,236,1,5,237
2025-07-15T03:44:49,236,1,5,237
2025-07-15T04:27:04,236,1,5,237
2025-07-15T04:59:24,236,1,5,237
2025-07-15T05:30:18,236,1,5,237
2025-07-15T06:01:10,236,1,5,237
2025-07-15T06:32:19,236,1,5,237
2025-07-15T07:03:22,236,1,5,237
2025-07-15T07:34:21,236,1,5,237
2025-07-15T08:05:00,236,1,5,237
2025-07-15T08:35:44,236,1,5,237
2025-07-15T09:06:24,236,1,5,237
2025-07-15T09:37:05,236,1,5,237
2025-07-15T10:08:04,236,1,5,237
2025-07-15T10:39:22,236,1,5,237
2025-07-15T11:10:08,236,1,5,237
2025-07-15T11:41:16,236,1,5,237
2025-07-15T12:11:39,236,1,5,237
2025-07-15T12:42:10,236,1,5,237
2025-07-15T13:12:53,236,1,5,237
2025-07-15T13:43:29,236,1,5,237
2025-07-15T14:14:10,236,1,5,237
2025-07-15T14:45:24,236,1,5,237
2025-07-15T15:16:36,236,1,5,237
2025-07-15T15:47:27,236,1,5,237
2025-07-15T16:18:15,236,1,5,237
2025-07-15T16:48:54,236,1,5,237
2025-07-15T17:19:26,236,1,5,237
2025-07-15T17:50:18,236,1,5,237
2025-07-15T19:25:00,236,1,5,237
2025-07-15T19:56:11,237,0,5,237
2025-07-15T20:26:57,237,0,5,237
2025-07-15T20:57:38,237,0,5,237
2025-07-15T21:28:15,237,0,5,237
2025-07-15T21:59:21,237,0,5,237
2025-07-15T22:30:17,237,0,5,237
2025-07-15T23:00:48,237,0,5,237
2025-07-15T23:31:59,237,0,5,237
2025-07-16T00:02:56,237,0,5,237
2025-07-16T00:33:54,237,0,5,237
2025-07-16T01:04:50,237,0,5,237
2025-07-16T01:35:35,237,0,5,237
2025-07-16T02:06:22,237,0,5,237
2025-07-16T02:37:44,237,0,5,237
2025-07-16T03:08:29,237,0,5,237
2025-07-16T03:39:20,237,0,5,237
2025-07-16T04:20:38,237,0,5,237
2025-07-16T04:51:29,237,0,5,237
2025-07-16T05:22:20,237,0,5,237
2025-07-16T05:53:19,237,0,5,237
2025-07-16T06:24:11,237,0,5,237
2025-07-16T06:54:54,237,0,5,237
2025-07-16T07:25:45,237,0,5,237
2025-07-16T07:56:40,237,0,5,237
2025-07-16T08:27:34,237,0,5,237
2025-07-16T08:58:34,237,0,5,237
2025-07-16T09:29:24,237,0,5,237
2025-07-16T10:00:39,237,0,5,237
2025-07-16T10:31:47,237,0,5,237
2025-07-16T11:02:26,237,0,5,237
2025-07-16T11:33:11,237,0,5,237
2025-07-16T12:04:03,237,0,5,237
2025-07-16T12:35:13,237,0,5,237
2025-07-16T13:05:56,237,0,5,237
2025-07-16T13:36:22,237,0,5,237
2025-07-16T14:07:41,237,0,5,237
2025-07-16T14:38:52,237,0,5,237
2025-07-16T15:09:57,237,0,5,237
2025-07-16T15:40:52,237,0,5,237
2025-07-16T16:11:55,237,0,5,237
2025-07-16T16:43:05,237,0,5,237
2025-07-16T17:13:50,237,0,5,237
2025-07-16T17:44:51,237,0,5,237
2025-07-16T18:15:46,237,0,5,237
2025-07-16T18:46:39,237,0,5,237
2025-07-16T19:18:01,237,0,5,237
2025-07-16T19:48:58,237,0,5,237
2025-07-16T20:19:46,237,0,5,237
2025-07-16T20:50:42,237,0,5,237
2025-07-16T21:21:38,237,0,5,237
2025-07-16T21:52:19,237,0,5,237
2025-07-16T22:23:13,237,0,5,237
2025-07-16T22:54:13,237,0,5,237
2025-07-16T23:25:02,237,0,5,237
2025-07-16T23:55:54,237,0,5,237
2025-07-17T00:26:48,237,0,5,237
2025-07-17T00:58:09,237,0,5,237
2025-07-17T01:29:03,237,0,5,237
2025-07-17T02:00:01,237,0,5,237
2025-07-17T02:31:15,237,0,5,237
2025-07-17T03:02:13,237,0,5,237
2025-07-17T03:33:39,237,0,5,237
2025-07-17T04:04:30,237,0,5,237
2025-07-17T04:25:36,237,0,5,237
2025-07-17T04:57:11,237,0,5,237
2025-07-17T05:28:07,237,0,5,237
2025-07-17T05:59:31,237,0,6,237
2025-07-17T06:30:38,237,0,6,237
2025-07-17T07:01:32,237,0,6,237
2025-07-17T07:32:24,237,0,6,237
2025-07-17T08:03:17,237,0,6,237
2025-07-17T08:34:14,237,0,6,237
2025-07-17T09:05:17,237,0,6,237
2025-07-17T09:35:53,237,0,6,237
2025-07-17T10:06:45,237,0,6,237
2025-07-17T10:37:54,237,0,6,237
2025-07-17T11:08:21,237,0,6,237
2025-07-17T11:39:10,237,0,6,237
2025-07-17T12:09:57,237,0,6,237
2025-07-17T12:41:00,237,0,6,237
2025-07-17T13:12:28,237,0,6,237
2025-07-17T13:43:52,237,0,6,237
2025-07-17T14:15:26,237,0,6,237
2025-07-17T14:46:18,237,0,6,237
2025-07-17T15:16:56,237,0,6,237
2025-07-17T15:48:06,237,0,6,237
2025-07-17T16:18:51,237,0,6,237
2025-07-17T16:49:55,237,0,6,237
2025-07-17T17:21:02,237,0,6,237
2025-07-17T17:51:41,237,0,6,237
2025-07-17T18:22:25,237,0,6,237
2025-07-17T18:53:13,237,0,6,237
2025-07-17T19:23:57,237,0,6,237
2025-07-17T19:54:31,237,0,6,237
2025-07-17T20:25:20,237,0,6,237
2025-07-17T20:55:55,237,0,6,237
2025-07-17T21:26:34,237,0,6,237
2025-07-17T21:57:41,237,0,6,237
2025-07-17T22:28:46,237,0,6,237
2025-07-17T23:00:00,237,0,6,237
2025-07-17T23:31:05,237,0,6,237
2025-07-18T00:02:07,237,0,6,237
2025-07-18T00:33:16,237,0,6,237
2025-07-18T01:04:22,237,0,6,237
2025-07-18T01:35:21,237,0,6,237
2025-07-18T02:05:53,237,0,6,237
2025-07-18T02:36:40,237,0,6,237
2025-07-18T03:07:58,237,0,6,237
2025-07-18T03:38:40,237,0,6,237
2025-07-18T04:09:15,237,0,6,237
2025-07-18T04:26:02,237,0,6,237
2025-07-18T04:58:20,237,0,6,237
2025-07-18T05:29:01,237,0,6,237
2025-07-18T05:59:56,237,0,6,237
2025-07-18T06:31:06,237,0,6,237
2025-07-18T07:02:00,237,0,6,237
2025-07-18T07:32:55,237,0,6,237
2025-07-18T08:03:57,237,0,6,237
2025-07-18T08:34:58,237,0,6,237
2025-07-18T09:06:26,237,0,6,237
2025-07-18T09:37:23,237,0,6,237
2025-07-18T10:08:12,237,0,6,237
2025-07-18T10:38:52,237,0,6,237
2025-07-18T11:09:28,237,0,6,237
2025-07-18T11:40:22,237,0,6,237
2025-07-18T12:11:09,237,0,6,237
2025-07-18T12:42:04,237,0,6,237
2025-07-18T13:13:01,237,0,6,237
2025-07-18T13:43:45,237,0,6,237
2025-07-18T14:14:52,237,0,6,237
2025-07-18T14:46:04,237,0,6,237
2025-07-18T15:16:39,237,0,6,237
2025-07-18T15:47:12,237,0,6,237
2025-07-18T16:18:41,237,0,6,237
2025-07-18T16:50:25,237,0,6,237
2025-07-18T17:21:07,237,0,7,237
2025-07-18T17:51:49,237,0,7,237
2025-07-18T18:22:39,237,0,7,237
2025-07-18T18:53:23,237,0,7,237
2025-07-18T19:24:26,237,0,7,237
2025-07-18T19:55:04,237,0,7,237
2025-07-18T20:25:54,237,0,7,237
2025-07-18T20:56:51,237,0,7,237
2025-07-18T21:28:03,237,0,7,237
2025-07-18T21:59:04,237,0,7,237
2025-07-18T22:30:08,237,0,7,237
2025-07-18T23:01:30,237,0,7,237
2025-07-18T23:32:32,237,0,7,237
2025-07-19T00:03:38,237,0,7,237
2025-07-19T00:34:31,237,0,7,237
2025-07-19T01:05:09,237,0,7,237
2025-07-19T01:35:57,237,0,7,237
2025-07-19T02:06:59,237,0,7,237
2025-07-19T02:38:03,237,0,7,237
2025-07-19T03:08:56,237,0,7,237
2025-07-19T03:39:38,237,0,7,237
2025-07-19T04:10:35,237,0,7,237
2025-07-19T04:29:43,237,0,7,237
2025-07-19T05:00:56,237,0,7,237
2025-07-19T05:31:55,237,0,7,237
2025-07-19T06:03:12,237,0,7,237
2025-07-19T06:34:21,237,0,7,237
2025-07-19T07:05:31,237,0,7,237
2025-07-19T07:36:19,237,0,7,237
2025-07-19T08:07:17,237,0,7,237
2025-07-19T08:37:52,237,0,7,237
2025-07-19T09:08:57,237,0,7,237
2025-07-19T09:39:42,237,0,7,237
2025-07-19T10:10:33,237,0,7,237
2025-07-19T10:41:31,237,0,7,237
2025-07-19T11:12:14,237,0,7,237
2025-07-19T11:43:05,237,0,7,237
2025-07-19T12:14:08,237,0,7,237
2025-07-19T12:45:12,237,0,7,237
2025-07-19T13:16:12,237,0,7,237
2025-07-19T13:46:54,237,0,7,237
2025-07-19T14:17:33,236,1,7,237
2025-07-19T14:48:24,236,1,7,237
2025-07-19T15:19:13,236,1,7,237
2025-07-19T15:50:00,236,1,7,237
2025-07-19T16:20:38,236,1,7,237
2025-07-19T16:51:41,236,1,7,237
2025-07-19T17:22:32,236,1,7,237
2025-07-19T17:53:11,236,1,7,237
2025-07-19T18:23:59,236,1,7,237
2025-07-19T18:54:57,236,1,7,237
2025-07-19T19:26:26,236,1,7,237
2025-07-19T19:57:12,236,1,7,237
2025-07-19T20:28:05,236,1,7,237
2025-07-19T20:58:59,236,1,7,237
2025-07-19T21:30:02,236,1,7,237
2025-07-19T22:00:56,236,1,7,237
2025-07-19T22:31:42,237,0,6,237
2025-07-19T23:02:23,237,0,6,237
2025-07-19T23:33:24,237,0,6,237
2025-07-20T00:04:25,237,0,6,237
2025-07-20T00:35:21,237,0,6,237
2025-07-20T00:52:53,237,0,6,237
2025-07-20T01:23:49,237,0,6,237
2025-07-20T01:55:07,237,0,6,237
2025-07-20T02:26:30,237,0,6,237
2025-07-20T02:57:34,237,0,6,237
2025-07-20T03:28:44,237,0,6,237
2025-07-20T03:59:40,237,0,6,237
2025-07-24T15:22:59,237,0,5,237
2025-07-24T15:54:06,237,0,5,237
2025-07-24T16:25:21,237,0,5,237
2025-07-24T16:56:24,237,0,5,237
2025-07-24T17:27:24,237,0,5,237
2025-07-24T17:58:51,237,0,5,237
2025-07-24T18:30:04,237,0,5,237
2025-07-24T19:01:26,237,0,5,237
2025-07-24T19:32:50,237,0,5,237
2025-07-24T20:03:53,237,0,5,237
2025-07-24T20:34:59,237,0,5,237
2025-07-24T21:06:02,237,0,5,237
2025-07-24T21:36:58,237,0,5,237
2025-07-24T22:08:07,237,0,5,237
2025-07-24T22:39:08,237,0,5,237
2025-07-24T23:10:30,237,0,5,237
2025-07-24T23:41:41,237,0,5,237
2025-07-25T00:12:48,237,0,5,237
2025-07-25T00:44:45,237,0,5,237
2025-07-25T01:15:44,237,0,5,237
2025-07-25T01:46:54,237,0,5,237
2025-07-25T02:18:04,237,0,5,237
2025-07-25T02:49:04,237,0,5,237
2025-07-25T03:20:09,237,0,5,237
2025-07-25T03:51:12,237,0,5,237
2025-07-25T04:24:46,237,0,5,237
2025-07-25T04:56:00,237,0,5,237
2025-07-25T05:29:49,237,0,5,237
2025-07-25T06:00:56,237,0,5,237
2025-07-25T06:32:08,237,0,5,237
2025-07-27T23:36:04,237,0,5,237
2025-07-28T00:07:12,237,0,5,237
2025-07-28T00:38:17,237,0,5,237
2025-07-28T01:09:34,237,0,5,237
2025-07-28T01:40:39,237,0,5,237
2025-07-28T02:11:45,237,0,5,237
2025-07-28T02:42:52,237,0,5,237
2025-07-28T03:13:44,237,0,5,237
2025-07-28T03:44:58,237,0,5,237
2025-07-28T04:28:03,237,0,5,237
2025-07-28T05:01:09,237,0,5,237
2025-07-28T05:32:12,237,0,5,237
2025-07-28T06:03:12,237,0,5,237
2025-07-28T06:34:05,237,0,5,237
2025-07-28T07:05:17,237,0,5,237
2025-07-28T07:36:08,237,0,5,237
2025-07-28T08:07:44,237,0,5,237
2025-07-28T08:39:09,237,0,5,237
2025-07-28T09:10:17,237,0,5,237
2025-07-28T09:41:11,237,0,5,237
2025-07-28T10:12:10,237,0,5,237
2025-07-28T10:43:30,237,0,5,237
2025-07-28T11:14:47,237,0,5,237
2025-07-28T11:45:41,237,0,5,237
2025-07-28T12:16:20,236,1,5,237
2025-07-28T12:47:43,236,1,5,237
2025-07-28T13:19:19,236,1,5,237
2025-07-28T13:50:43,236,1,5,237
2025-07-28T14:21:48,236,1,5,237
2025-07-28T14:53:02,236,1,5,237
2025-07-28T15:24:22,236,1,5,237
2025-07-28T15:55:31,236,1,5,237
2025-07-28T16:26:47,236,1,5,237
2025-07-28T16:57:51,236,1,5,237
2025-07-28T17:29:00,236,1,5,237
2025-07-28T18:00:18,236,1,5,237
2025-07-28T18:31:22,236,1,5,237
2025-07-28T19:02:08,236,1,5,237
2025-07-28T19:33:51,236,1,5,237
2025-07-28T20:05:17,236,1,5,237
2025-07-28T20:36:49,236,1,5,237
2025-07-28T21:07:55,236,1,5,237
2025-07-28T21:38:46,236,1,5,237
2025-07-28T22:10:05,236,1,5,237
2025-07-28T22:41:20,236,1,5,237
2025-07-28T23:12:55,236,1,5,237
2025-07-28T23:44:17,236,1,5,237
2025-07-29T00:15:57,236,1,5,237
2025-07-29T00:46:56,236,1,5,237
2025-07-29T01:17:46,236,1,5,237
2025-07-29T01:48:40,236,1,5,237
2025-07-29T02:19:46,236,1,5,237
2025-07-29T02:51:03,236,1,5,237
2025-07-29T03:22:07,237,0,5,237
2025-07-29T03:53:09,237,0,5,237
2025-07-29T04:28:28,237,0,5,237
2025-07-29T05:00:06,237,0,5,237
2025-07-29T05:31:30,237,0,5,237
2025-07-29T06:02:29,237,0,5,237
2025-07-29T06:33:44,237,0,5,237
2025-07-29T07:04:37,237,0,5,237
2025-07-29T07:35:36,237,0,5,237
2025-07-29T08:06:45,237,0,5,237
2025-07-29T08:37:56,237,0,5,237
2025-07-29T09:09:25,237,0,5,237
2025-07-29T09:40:09,237,0,5,237
2025-07-29T10:11:18,237,0,5,237
2025-07-29T10:43:12,237,0,5,237
2025-07-29T11:14:32,237,0,5,237
2025-07-29T11:45:13,237,0,5,237
2025-07-29T12:16:39,237,0,5,237
2025-07-29T12:48:02,237,0,5,237
2025-07-29T13:19:07,237,0,5,237
2025-07-29T13:50:20,237,0,5,237
2025-07-29T14:21:50,237,0,5,237
2025-07-29T14:53:16,237,0,5,237
2025-07-29T15:24:30,237,0,5,237
2025-07-29T15:55:32,237,0,5,237
2025-07-29T16:26:48,237,0,5,237
2025-07-29T16:58:26,237,0,5,237
2025-07-29T17:29:10,237,0,5,237
2025-07-29T18:00:09,237,0,5,237
2025-07-29T18:31:46,237,0,5,237
2025-07-29T19:03:22,237,0,5,237
2025-07-29T19:34:15,237,0,5,237
2025-07-29T20:05:50,237,0,5,237
2025-07-29T20:37:18,237,0,5,237
2025-07-29T21:08:28,237,0,5,237
2025-07-29T21:39:06,237,0,5,237
2025-07-29T22:10:39,237,0,5,237
2025-07-29T22:41:50,237,0,5,237
2025-07-29T23:12:50,237,0,5,237
2025-07-29T23:43:57,237,0,5,237
2025-07-30T00:15:30,237,0,5,237
2025-07-30T00:46:50,237,0,5,237
2025-07-30T01:18:29,237,0,5,237
2025-07-30T01:49:33,237,0,5,237
2025-07-30T02:20:45,237,0,5,237
2025-07-30T02:52:26,237,0,5,237
2025-07-30T03:23:46,237,0,5,237
2025-07-30T03:55:03,237,0,5,237
2025-07-30T04:19:58,237,0,5,237
2025-07-30T04:52:41,237,0,5,237
2025-07-30T05:23:55,237,0,5,237
2025-07-30T05:55:11,237,0,5,237
2025-07-30T06:26:23,237,0,5,237
2025-07-30T06:57:19,237,0,5,237
2025-07-30T07:28:29,237,0,5,237
2025-07-30T07:59:22,237,0,5,237
2025-07-30T08:30:42,237,0,5,237
2025-07-30T09:01:52,237,0,5,237
2025-07-30T09:33:01,237,0,5,237
2025-07-30T10:03:59,237,0,5,237
2025-07-30T10:35:19,237,0,5,237
2025-07-30T11:06:56,237,0,5,237
2025-07-30T11:37:55,237,0,5,237
2025-07-30T12:08:45,237,0,5,237
2025-07-30T12:40:09,237,0,5,237
2025-07-30T13:11:15,237,0,5,237
2025-07-30T13:42:23,237,0,5,237
2025-07-30T14:13:16,237,0,5,237
2025-07-30T14:44:31,237,0,5,237
2025-07-30T15:16:07,237,0,5,237
2025-07-30T15:47:27,237,0,5,237
2025-07-30T16:18:29,237,0,5,237
2025-07-30T16:49:47,237,0,5,237
2025-07-30T17:21:32,237,0,5,237
2025-07-30T17:52:25,237,0,5,237
2025-07-30T18:23:39,237,0,5,237
2025-07-30T18:54:51,237,0,5,237
2025-07-30T19:26:31,237,0,5,237
2025-07-30T19:57:37,237,0,5,237
2025-07-30T20:28:50,237,0,5,237
2025-07-30T21:00:28,237,0,5,237
2025-07-30T21:31:24,237,0,5,237
2025-07-30T22:02:19,237,0,5,237
2025-07-30T22:33:53,237,0,5,237
2025-07-30T23:05:22,237,0,5,237
2025-07-30T23:36:34,237,0,5,237
2025-07-31T00:07:32,237,0,5,237
2025-07-31T00:38:54,237,0,5,237
2025-07-31T01:10:12,237,0,5,237
2025-07-31T01:41:22,237,0,5,237
2025-07-31T02:12:59,237,0,5,237
2025-07-31T02:43:53,237,0,5,237
2025-07-31T03:14:51,237,0,5,237
2025-07-31T03:45:56,237,0,5,237
2025-07-31T04:27:37,237,0,5,237
2025-07-31T05:00:24,237,0,5,237
2025-07-31T05:31:20,237,0,5,237
2025-07-31T06:02:32,237,0,5,237
2025-07-31T06:33:48,237,0,5,237
2025-07-31T07:04:39,237,0,5,237
2025-07-31T07:35:42,237,0,5,237
2025-07-31T08:07:12,237,0,5,237
2025-07-31T08:38:13,237,0,5,237
2025-07-31T09:09:35,237,0,5,237
2025-07-31T09:40:50,237,0,5,237
2025-07-31T10:11:35,237,0,5,237
2025-07-31T10:43:17,237,0,5,237
2025-07-31T11:14:36,237,0,5,237
2025-07-31T11:46:05,237,0,5,237
2025-07-31T12:17:25,237,0,5,237
2025-07-31T12:48:36,237,0,5,237
2025-07-31T13:19:39,237,0,5,237
2025-07-31T13:51:01,237,0,5,237
2025-07-31T14:22:30,237,0,5,237
2025-07-31T14:53:51,237,0,5,237
2025-07-31T15:24:47,237,0,5,237
2025-07-31T15:55:53,237,0,5,237
2025-07-31T16:27:20,237,0,5,237
2025-07-31T16:58:31,237,0,5,237
2025-07-31T17:29:43,237,0,5,237
2025-07-31T18:01:10,236,1,5,237
2025-07-31T18:32:14,236,1,5,237
2025-07-31T19:03:27,236,1,5,237
2025-07-31T19:34:28,236,1,5,237
2025-07-31T20:05:56,236,1,5,237
2025-07-31T20:37:17,236,1,5,237
2025-07-31T21:08:31,236,1,5,237
2025-07-31T21:39:44,236,1,5,237
2025-07-31T22:10:41,236,1,5,237
2025-07-31T22:41:48,237,0,4,237
2025-07-31T23:12:52,237,0,4,237
2025-07-31T23:43:57,237,0,4,237
2025-08-01T00:15:27,237,0,4,237
2025-08-01T00:46:57,237,0,4,237
2025-08-01T01:18:08,237,0,4,237
2025-08-01T01:49:43,237,0,4,237
2025-08-01T02:20:37,237,0,4,237
2025-08-01T02:51:55,237,0,4,237
2025-08-01T03:23:31,237,0,4,237
2025-08-01T03:54:50,237,0,4,237
2025-08-01T04:27:24,237,0,4,237
2025-08-01T05:00:23,237,0,4,237
2025-08-01T05:31:34,237,0,4,237
2025-08-01T06:03:08,237,0,4,237
2025-08-01T06:34:50,237,0,4,237
2025-08-01T07:06:26,237,0,4,237
2025-08-01T07:37:59,237,0,4,237
2025-08-01T08:09:13,237,0,4,237
2025-08-01T08:40:11,237,0,4,237
2025-08-01T09:11:19,237,0,4,237
2025-08-01T09:42:21,237,0,4,237
2025-08-01T10:13:51,237,0,4,237
2025-08-01T10:45:33,237,0,4,237
2025-08-01T11:17:00,237,0,4,237
2025-08-01T11:48:27,237,0,4,237
2025-08-01T12:20:13,237,0,4,237
2025-08-01T12:52:00,237,0,4,237
2025-08-01T13:23:14,237,0,4,237
2025-08-01T13:54:36,237,0,4,237
2025-08-01T14:26:14,237,0,4,237
2025-08-01T14:57:34,237,0,4,237
2025-08-01T15:29:19,237,0,4,237
2025-08-01T16:00:29,237,0,4,237
2025-08-01T16:31:16,237,0,4,237
2025-08-01T17:02:25,237,0,4,237
2025-08-01T17:33:44,237,0,4,237
2025-08-01T18:05:17,237,0,4,237
2025-08-01T18:36:28,237,0,4,237
2025-08-01T19:08:06,237,0,4,237
2025-08-01T19:39:39,237,0,4,237
2025-08-01T20:10:56,237,0,4,237
2025-08-01T20:42:02,237,0,4,237
2025-08-01T21:13:21,237,0,4,237
2025-08-01T21:44:34,237,0,4,237
2025-08-01T22:15:42,237,0,4,237
2025-08-01T22:46:38,237,0,4,237
2025-08-01T23:17:29,237,0,4,237
2025-08-01T23:48:29,237,0,4,237
2025-08-02T00:19:46,237,0,4,237
2025-08-02T00:50:59,237,0,4,237
2025-08-02T01:22:14,237,0,4,237
2025-08-02T01:53:22,237,0,4,237
2025-08-02T02:24:47,237,0,4,237
2025-08-02T02:56:36,237,0,4,237
2025-08-02T03:28:16,237,0,4,237
2025-08-02T03:59:24,237,0,4,237
2025-08-02T04:26:10,237,0,4,237
2025-08-02T04:57:41,237,0,4,237
2025-08-02T05:29:19,237,0,4,237
2025-08-02T06:00:44,237,0,4,237
2025-08-02T06:31:35,237,0,4,237
2025-08-02T07:02:25,237,0,4,237
2025-08-02T07:33:22,237,0,4,237
2025-08-02T08:04:35,237,0,4,237
2025-08-02T08:35:53,237,0,4,237
2025-08-02T09:06:52,237,0,4,237
2025-08-02T09:37:59,237,0,4,237
2025-08-02T10:09:16,237,0,4,237
2025-08-02T10:40:59,237,0,4,237
2025-08-02T11:12:05,237,0,4,237
2025-08-02T11:42:53,237,0,4,237
2025-08-02T12:14:12,237,0,4,237
2025-08-02T12:45:45,237,0,4,237
2025-08-02T13:16:49,237,0,4,237
2025-08-02T13:48:05,237,0,4,237
2025-08-02T14:19:16,237,0,4,237
2025-08-02T14:50:25,237,0,4,237
2025-08-02T15:21:18,237,0,4,237
2025-08-02T15:52:15,237,0,4,237
2025-08-02T16:23:39,237,0,4,237
2025-08-02T16:55:04,237,0,4,237
2025-08-02T17:26:07,237,0,4,237
2025-08-02T17:57:11,237,0,4,237
2025-08-02T18:28:38,237,0,4,237
2025-08-02T18:59:57,237,0,4,237
2025-08-02T19:31:21,237,0,4,237
2025-08-02T20:02:17,237,0,4,237
2025-08-02T20:33:28,237,0,4,237
2025-08-02T21:04:28,237,0,4,237
2025-08-02T21:35:36,237,0,4,237
2025-08-02T22:07:06,237,0,4,237
2025-08-02T22:38:26,237,0,4,237
2025-08-02T23:09:33,237,0,4,237
2025-08-02T23:40:47,237,0,4,237
2025-08-03T00:12:09,237,0,4,237
2025-08-03T00:44:09,237,0,4,237
2025-08-03T01:16:34,237,0,4,237
2025-08-03T01:48:18,237,0,4,237
2025-08-03T02:19:50,237,0,4,237
2025-08-03T02:50:56,237,0,4,237
2025-08-03T03:22:24,237,0,4,237
2025-08-03T03:53:34,237,0,4,237
2025-08-03T04:23:50,237,0,4,237
2025-08-03T04:55:03,237,0,4,237
2025-08-03T05:26:08,237,0,4,237
2025-08-03T05:57:26,237,0,4,237
2025-08-03T06:28:43,237,0,4,237
2025-08-03T07:00:18,237,0,4,237
2025-08-03T07:31:44,237,0,4,237
2025-08-03T08:02:46,237,0,4,237
2025-08-03T08:34:03,237,0,4,237
2025-08-03T09:05:11,237,0,4,237
2025-08-03T09:36:22,237,0,4,237
2025-08-03T10:07:21,237,0,4,237
2025-08-03T10:38:39,237,0,4,237
2025-08-03T11:09:35,237,0,4,237
2025-08-03T11:40:48,237,0,4,237
2025-08-03T12:12:02,237,0,4,237
2025-08-03T12:42:50,237,0,4,237
2025-08-03T13:13:55,237,0,4,237
2025-08-03T13:45:15,237,0,4,237
2025-08-03T14:16:17,237,0,4,237
2025-08-03T14:47:09,237,0,4,237
2025-08-03T15:18:11,237,0,4,237
2025-08-03T15:49:16,237,0,4,237
2025-08-03T16:20:12,237,0,4,237
2025-08-03T16:51:42,237,0,4,237
2025-08-03T17:22:37,237,0,4,237
2025-08-03T17:53:59,237,0,4,237
2025-08-03T18:25:03,237,0,4,237
2025-08-03T18:56:05,237,0,4,237
2025-08-03T19:26:56,237,0,4,237
2025-08-03T19:57:46,237,0,4,237
2025-08-03T20:29:01,237,0,4,237
2025-08-03T21:00:21,237,0,4,237
2025-08-03T21:31:25,237,0,4,237
2025-08-03T22:02:37,237,0,4,237
2025-08-03T22:33:46,237,0,4,237
2025-08-03T23:04:51,237,0,4,237
2025-08-03T23:36:10,237,0,4,237
2025-08-04T00:07:21,237,0,4,237
2025-08-04T00:38:43,237,0,4,237
2025-08-04T01:09:41,237,0,4,237
2025-08-04T01:41:01,237,0,4,237
2025-08-04T02:12:24,237,0,4,237
2025-08-04T02:43:37,237,0,4,237
2025-08-04T03:14:49,237,0,4,237
2025-08-04T03:46:06,237,0,4,237
2025-08-04T04:24:34,237,0,4,237
2025-08-04T04:56:09,237,0,4,237
2025-08-04T05:27:51,237,0,4,237
2025-08-04T05:59:03,237,0,4,237
2025-08-04T06:30:25,237,0,4,237
2025-08-04T07:01:20,237,0,4,237
2025-08-04T07:32:05,237,0,4,237
2025-08-04T08:02:59,237,0,4,237
2025-08-04T08:33:48,237,0,4,237
2025-08-04T09:05:00,237,0,4,237
2025-08-04T09:36:26,237,0,4,237
2025-08-04T10:07:45,237,0,4,237
2025-08-04T10:39:03,236,1,4,237
2025-08-04T11:09:58,236,1,4,237
2025-08-04T11:41:22,236,1,4,237
2025-08-04T12:12:51,236,1,4,237
2025-08-04T12:44:24,236,1,4,237
2025-08-04T13:15:35,236,1,4,237
2025-08-04T13:47:04,236,1,4,237
2025-08-04T14:18:05,236,1,4,237
2025-08-04T14:49:58,236,1,4,237
2025-08-04T15:21:02,236,1,4,237
2025-08-04T15:52:21,236,1,4,237
2025-08-04T16:23:44,236,1,4,237
2025-08-04T16:55:23,236,1,4,237
2025-08-04T17:26:55,236,1,4,237
2025-08-04T17:57:50,236,1,4,237
2025-08-04T18:28:55,236,1,4,237
2025-08-04T19:00:08,236,1,4,237
2025-08-04T19:31:10,236,1,4,237
2025-08-04T20:02:27,236,1,4,237
2025-08-04T20:33:39,236,1,4,237
2025-08-04T21:04:59,236,1,4,237
2025-08-04T21:36:14,236,1,4,237
2025-08-04T22:07:05,236,1,4,237
2025-08-04T22:38:38,237,0,3,237
2025-08-04T23:10:02,237,0,3,237
2025-08-04T23:41:12,237,0,3,237
2025-08-05T00:12:27,237,0,3,237
2025-08-05T00:43:39,237,0,3,237
2025-08-05T01:14:28,237,0,3,237
2025-08-05T01:46:03,237,0,3,237
2025-08-05T02:17:35,237,0,3,237
2025-08-05T02:48:41,237,0,3,237
2025-08-05T03:20:10,237,0,3,237
2025-08-05T03:51:34,237,0,3,237
2025-08-05T04:22:39,237,0,3,237
2025-08-05T04:54:41,237,0,3,237
2025-08-05T05:26:25,237,0,3,237
2025-08-05T05:57:37,237,0,3,237
2025-08-05T06:28:47,237,0,3,237
2025-08-05T06:59:50,237,0,3,237
2025-08-05T07:30:56,237,0,3,237
2025-08-05T08:02:27,237,0,3,237
2025-08-05T08:33:39,237,0,3,237
2025-08-05T09:04:52,237,0,3,237
2025-08-05T09:36:02,237,0,3,237
2025-08-05T10:07:11,237,0,3,237
2025-08-05T10:38:55,237,0,3,237
2025-08-05T11:10:34,237,0,3,237
2025-08-05T11:42:28,237,0,3,237
2025-08-05T12:13:57,237,0,3,237
2025-08-05T12:45:11,237,0,3,237
2025-08-05T13:16:21,237,0,3,237
2025-08-05T13:47:51,237,0,3,237
2025-08-05T14:19:06,237,0,3,237
2025-08-05T14:50:14,237,0,3,237
2025-08-05T15:21:38,237,0,3,237
2025-08-05T15:53:11,237,0,3,237
2025-08-05T16:24:19,237,0,3,237
2025-08-05T16:55:40,237,0,4,237
2025-08-05T17:26:56,237,0,4,237
2025-08-05T17:58:21,237,0,4,237
2025-08-05T18:29:42,237,0,4,237
2025-08-05T19:00:35,237,0,4,237
2025-08-05T19:32:14,237,0,4,237
2025-08-05T20:03:27,237,0,4,237
2025-08-05T20:35:00,237,0,4,237
2025-08-05T21:06:17,237,0,4,237
2025-08-05T21:37:54,236,1,4,237
2025-08-05T22:09:08,236,1,4,237
2025-08-05T22:40:22,236,1,4,237
2025-08-05T23:11:48,236,1,4,237
2025-08-05T23:43:01,236,1,4,237
2025-08-06T00:14:27,236,1,4,237
2025-08-06T00:46:06,236,1,4,237
2025-08-06T01:17:27,236,1,4,237
2025-08-06T01:49:10,236,1,4,237
2025-08-06T02:20:46,236,1,4,237
2025-08-06T02:52:09,236,1,4,237
2025-08-06T03:23:20,236,1,4,237
2025-08-06T03:54:52,236,1,4,237
2025-08-06T04:28:23,236,1,4,237
2025-08-06T04:59:55,236,1,4,237
2025-08-06T05:32:55,236,1,4,237
2025-08-06T06:04:28,236,1,4,237
2025-08-06T06:35:53,236,1,4,237
2025-08-06T07:07:04,236,1,4,237
2025-08-06T08:01:05,236,1,4,237
2025-08-06T08:32:11,236,1,4,237
2025-08-06T09:03:25,236,1,4,237
2025-08-06T09:34:53,236,1,4,237
2025-08-06T10:06:17,236,1,4,237
2025-08-06T10:37:45,236,1,4,237
2025-08-06T11:09:39,236,1,4,237
2025-08-06T11:40:28,236,1,4,237
2025-08-06T12:11:49,236,1,4,237
2025-08-06T12:42:35,236,1,4,237
2025-08-06T13:14:10,236,1,4,237
2025-08-06T13:45:29,236,1,4,237
2025-08-06T14:17:07,236,1,4,237
2025-08-06T14:48:36,236,1,4,237
2025-08-06T15:19:40,236,1,4,237
2025-08-06T15:50:30,236,1,4,237
2025-08-06T16:22:01,236,1,4,237
2025-08-06T16:53:37,236,1,4,237
2025-08-06T17:24:29,236,1,4,237
2025-08-06T17:56:03,236,1,4,237
2025-08-06T18:27:38,236,1,4,237
2025-08-06T18:59:07,236,1,4,237
2025-08-06T19:30:25,236,1,4,237
2025-08-06T20:01:40,236,1,4,237
2025-08-06T20:33:08,236,1,4,237
2025-08-06T21:04:53,236,1,4,237
2025-08-06T21:35:40,236,1,4,237
2025-08-06T22:06:57,236,1,4,237
2025-08-06T22:38:29,236,1,4,237
2025-08-06T23:09:54,236,1,4,237
2025-08-06T23:40:48,236,1,4,237
2025-08-07T00:12:14,236,1,4,237
2025-08-07T00:43:33,236,1,4,237
2025-08-07T01:14:48,236,1,4,237
2025-08-07T01:45:52,236,1,4,237
2025-08-07T02:17:28,236,1,4,237
2025-08-07T02:49:14,236,1,4,237
2025-08-07T03:20:48,236,1,4,237
2025-08-07T03:51:49,236,1,4,237
2025-08-07T04:26:59,236,1,4,237
2025-08-07T04:58:47,236,1,4,237
2025-08-07T05:30:07,236,1,4,237
2025-08-07T06:01:11,236,1,4,237
2025-08-07T06:32:02,236,1,4,237
2025-08-07T07:03:30,236,1,4,237
2025-08-07T07:34:59,236,1,4,237
2025-08-07T08:05:56,236,1,4,237
2025-08-07T08:37:01,236,1,4,237
2025-08-07T09:08:06,236,1,4,237
2025-08-07T09:38:57,236,1,4,237
2025-08-07T10:10:13,236,159,4,395
2025-08-07T10:41:23,236,159,4,395
2025-08-07T11:12:15,236,159,4,395
2025-08-07T11:43:27,236,159,4,395
2025-08-07T12:14:40,236,159,4,395
2025-08-07T12:46:06,236,159,4,395
2025-08-07T13:17:05,236,159,4,395
2025-08-07T13:48:16,236,159,4,395
2025-08-07T14:19:23,236,159,4,395
2025-08-07T14:51:02,236,159,4,395
2025-08-07T15:22:24,236,159,4,395
2025-08-07T15:53:51,236,159,4,395
2025-08-07T16:24:58,236,159,4,395
2025-08-07T16:56:19,236,159,4,395
2025-08-07T17:27:26,236,159,4,395
2025-08-07T17:58:24,236,159,4,395
2025-08-07T18:29:49,236,159,4,395
2025-08-07T19:01:11,236,159,4,395
2025-08-07T19:32:15,236,159,4,395
2025-08-07T20:03:39,236,159,4,395
2025-08-07T20:34:57,236,159,4,395
2025-08-07T21:06:20,236,159,4,395
2025-08-07T21:37:29,236,159,4,395
2025-08-07T22:09:02,236,159,4,395
2025-08-07T22:40:26,236,159,4,395
2025-08-07T23:12:37,236,159,4,395
2025-08-07T23:43:34,236,159,4,395
2025-08-08T00:17:04,236,159,4,395
2025-08-08T00:48:51,236,159,4,395
2025-08-08T01:21:25,236,159,4,395
2025-08-08T01:52:36,236,159,4,395
2025-08-08T02:24:25,236,159,4,395
2025-08-08T02:55:28,236,159,4,395
2025-08-08T03:27:00,236,159,4,395
2025-08-08T03:58:12,236,159,4,395
2025-08-08T11:29:49,236,159,4,395
2025-08-08T12:01:07,236,159,4,395
2025-08-08T12:32:20,236,159,4,395
2025-08-08T13:04:03,236,159,4,395
2025-08-08T13:35:16,236,159,4,395
2025-08-08T14:06:12,236,159,4,395
2025-08-08T14:37:22,236,159,4,395
2025-08-08T15:08:40,236,159,4,395
2025-08-08T15:40:13,236,159,4,395
2025-08-08T16:11:06,236,159,4,395
2025-08-08T16:42:12,236,159,4,395
2025-08-08T17:13:47,236,159,4,395
2025-08-08T17:45:10,236,159,4,395
2025-08-08T18:15:56,236,159,4,395
2025-08-08T18:47:22,236,159,4,395
2025-08-08T19:18:39,236,159,4,395
2025-08-08T19:49:53,236,159,4,395
2025-08-08T20:21:16,236,159,4,395
2025-08-08T20:52:17,236,159,4,395
2025-08-08T21:24:03,236,159,4,395
2025-08-08T21:54:50,236,159,4,395
2025-08-08T22:26:06,236,159,4,395
2025-08-08T22:57:27,236,159,4,395
2025-08-08T23:28:40,236,159,4,395
2025-08-08T23:59:40,236,159,4,395
2025-08-09T00:31:11,236,159,4,395
2025-08-09T01:02:57,236,159,4,395
2025-08-09T01:34:20,236,159,4,395
2025-08-09T02:06:06,236,159,4,395
2025-08-09T02:37:19,236,159,4,395
2025-08-09T03:08:41,236,159,4,395
2025-08-09T03:39:57,236,159,4,395
2025-08-09T04:11:15,236,159,4,395
2025-08-09T04:26:42,236,159,4,395
2025-08-09T04:59:04,236,159,4,395
2025-08-09T05:30:32,236,159,4,395
2025-08-09T06:02:03,236,159,4,395
2025-08-09T06:33:36,236,159,4,395
2025-08-09T07:04:35,236,159,4,395
2025-08-09T07:35:43,236,159,4,395
2025-08-09T08:06:50,236,159,4,395
2025-08-09T08:38:00,236,159,4,395
2025-08-09T09:09:23,236,159,4,395
2025-08-09T09:40:41,236,159,4,395
2025-08-09T10:11:51,236,159,4,395
2025-08-09T10:43:05,236,159,4,395
2025-08-09T11:13:59,236,159,4,395
2025-08-09T11:44:47,236,159,4,395
2025-08-09T12:15:38,236,159,4,395
2025-08-09T12:46:41,236,159,4,395
2025-08-09T13:17:49,236,159,4,395
2025-08-09T13:49:10,236,159,4,395
2025-08-09T14:20:35,236,159,4,395
2025-08-09T14:51:52,236,159,4,395
2025-08-09T15:23:00,236,159,4,395
2025-08-09T15:53:56,236,159,4,395
2025-08-09T16:25:00,236,159,4,395
2025-08-09T16:56:12,236,159,4,395
2025-08-09T17:27:34,236,159,4,395
2025-08-09T17:58:50,236,159,4,395
2025-08-09T18:30:01,236,159,4,395
2025-08-09T19:01:00,236,159,4,395
2025-08-09T19:32:30,236,159,4,395
2025-08-09T20:03:51,236,159,4,395
2025-08-09T20:34:53,236,159,4,395
2025-08-09T21:06:07,236,159,4,395
2025-08-09T21:37:38,236,159,4,395
2025-08-09T22:08:41,236,159,4,395
2025-08-09T22:40:03,236,159,4,395
2025-08-09T23:11:24,236,159,4,395
2025-08-09T23:42:46,236,159,4,395
2025-08-10T00:14:06,236,159,4,395
2025-08-10T00:45:22,236,159,4,395
2025-08-10T01:16:47,236,159,4,395
2025-08-10T01:47:47,236,159,4,395
2025-08-10T02:18:51,236,159,4,395
2025-08-10T02:50:11,236,159,4,395
2025-08-10T03:21:40,236,159,4,395
2025-08-10T03:53:07,236,159,4,395
2025-08-10T04:33:51,236,159,4,395
2025-08-10T05:05:59,236,159,4,395
2025-08-10T05:37:16,236,159,4,395
2025-08-10T06:08:26,236,159,4,395
2025-08-10T06:39:48,236,159,4,395
2025-08-10T07:11:02,236,159,4,395
2025-08-10T07:42:16,236,159,4,395
2025-08-10T08:13:35,236,159,4,395
2025-08-10T08:44:43,236,159,4,395
2025-08-10T09:16:11,236,159,4,395
2025-08-10T09:47:14,236,159,4,395
2025-08-10T10:18:12,236,159,4,395
2025-08-10T10:49:53,236,159,4,395
2025-08-10T11:21:20,236,159,4,395
2025-08-10T11:52:12,236,159,4,395
2025-08-10T12:23:30,236,159,4,395
2025-08-10T12:54:35,236,159,4,395
2025-08-10T13:25:55,236,159,4,395
2025-08-10T13:57:09,236,159,4,395
2025-08-10T14:28:10,236,159,4,395
2025-08-10T14:59:07,236,159,4,395
2025-08-10T15:30:22,236,159,4,395
2025-08-10T16:01:20,236,159,4,395
2025-08-10T16:32:45,236,159,4,395
2025-08-10T17:03:47,236,159,4,395
2025-08-10T17:35:47,236,159,4,395
2025-08-10T18:07:05,236,159,4,395
2025-08-10T18:38:11,236,159,4,395
2025-08-10T19:09:07,236,159,4,395
2025-08-10T19:40:14,236,159,4,395
2025-08-10T20:11:12,236,159,4,395
2025-08-10T20:42:22,236,159,4,395
2025-08-10T21:13:41,236,159,4,395
2025-08-10T21:44:43,236,159,4,395
2025-08-10T22:16:25,236,159,4,395
2025-08-10T22:47:59,236,159,4,395
2025-08-10T23:19:06,236,159,4,395
2025-08-10T23:50:29,236,159,4,395
2025-08-11T00:21:32,236,159,4,395
2025-08-11T00:52:56,236,159,4,395
2025-08-11T01:24:13,236,159,4,395
2025-08-11T01:55:16,236,159,4,395
2025-08-11T02:26:28,236,159,4,395
2025-08-11T02:57:19,236,159,4,395
2025-08-11T03:28:43,236,159,4,395
2025-08-11T03:59:57,236,159,4,395
2025-08-11T04:21:13,236,159,4,395
2025-08-11T04:53:58,236,159,4,395
2025-08-11T05:25:38,236,159,4,395
2025-08-11T05:57:09,236,159,4,395
2025-08-11T06:28:24,236,159,4,395
2025-08-11T06:59:33,236,159,4,395
2025-08-11T07:30:43,236,159,4,395
2025-08-11T08:02:00,236,159,4,395
2025-08-11T08:33:08,236,159,4,395
2025-08-11T09:04:09,236,159,4,395
2025-08-11T09:35:20,236,159,4,395
2025-08-11T10:06:31,236,159,4,395
2025-08-11T10:37:58,236,159,4,395
2025-08-11T11:09:06,236,159,4,395
2025-08-11T11:40:13,236,159,4,395
2025-08-11T12:11:33,236,159,4,395
2025-08-11T12:42:37,236,159,4,395
2025-08-11T13:14:06,236,159,4,395
2025-08-11T13:45:29,236,159,4,395
2025-08-11T14:16:46,236,159,4,395
2025-08-11T14:48:13,236,159,4,395
2025-08-11T15:19:37,236,159,4,395
2025-08-11T15:50:58,236,159,4,395
2025-08-11T16:21:59,236,159,4,395
2025-08-11T16:52:54,236,159,4,395
2025-08-11T17:23:59,236,159,4,395
2025-08-11T17:54:50,236,159,4,395
2025-08-11T18:25:49,236,159,4,395
2025-08-11T18:57:33,236,159,4,395
2025-08-11T19:28:52,236,159,4,395
2025-08-11T20:00:05,236,159,4,395
2025-08-11T20:31:04,236,159,4,395
2025-08-11T21:02:24,236,159,4,395
2025-08-11T21:34:09,236,159,4,395
2025-08-11T22:05:33,236,159,4,395
2025-08-11T22:37:11,236,159,4,395
2025-08-11T23:08:17,236,159,4,395
2025-08-11T23:39:20,236,159,4,395
2025-08-12T00:10:35,236,159,4,395
2025-08-12T00:42:41,236,159,4,395
2025-08-12T01:14:15,236,159,4,395
2025-08-12T01:46:24,236,159,4,395
2025-08-12T02:18:02,236,159,4,395
2025-08-12T02:49:42,236,159,4,395
2025-08-12T03:20:54,236,159,4,395
2025-08-12T03:51:54,236,159,4,395
2025-08-12T04:21:03,236,159,4,395
2025-08-12T04:52:06,236,159,4,395
2025-08-12T05:23:57,236,159,4,395
2025-08-12T05:55:30,236,159,4,395
2025-08-12T06:26:35,236,159,4,395
2025-08-12T06:57:34,236,159,4,395
2025-08-12T07:29:01,236,159,4,395
2025-08-12T08:00:15,236,159,4,395
2025-08-12T08:31:12,236,159,4,395
2025-08-12T09:02:09,236,159,4,395
2025-08-12T09:33:35,236,159,4,395
2025-08-12T10:04:46,236,159,4,395
2025-08-12T10:36:31,236,159,4,395
2025-08-12T11:07:56,236,159,4,395
2025-08-12T11:39:25,236,159,4,395
2025-08-12T12:10:25,236,159,4,395
2025-08-12T12:41:35,236,159,4,395
2025-08-12T13:12:58,236,159,4,395
2025-08-12T13:44:17,236,159,4,395
2025-08-12T14:15:25,236,159,4,395
2025-08-12T14:47:06,236,159,4,395
2025-08-12T15:18:00,236,159,4,395
2025-08-12T15:48:59,236,159,4,395
2025-08-12T16:20:02,236,159,4,395
2025-08-12T16:50:55,236,159,4,395
2025-08-12T17:22:01,236,159,4,395
2025-08-12T17:52:58,236,159,4,395
2025-08-12T18:23:54,236,159,4,395
2025-08-12T18:54:42,236,159,4,395
2025-08-12T19:26:10,236,159,4,395
2025-08-12T19:57:20,236,159,4,395
2025-08-12T20:28:17,236,159,4,395
2025-08-12T20:59:54,236,159,4,395
2025-08-12T21:31:10,236,159,4,395
2025-08-12T22:02:25,236,159,4,395
2025-08-12T22:33:50,236,159,4,395
2025-08-12T23:05:09,236,159,4,395
2025-08-12T23:36:59,236,159,4,395
2025-08-13T00:08:10,236,159,4,395
2025-08-13T00:39:17,236,159,4,395
2025-08-13T01:10:19,236,159,4,395
2025-08-13T01:41:37,236,159,4,395
2025-08-13T02:12:55,236,159,4,395
2025-08-13T02:44:09,236,159,4,395
2025-08-13T03:15:21,236,159,4,395
2025-08-13T03:47:01,236,159,4,395
2025-08-13T04:27:42,236,159,4,395
2025-08-13T04:59:01,236,159,4,395
2025-08-13T05:30:32,236,159,4,395
2025-08-13T06:01:43,236,159,4,395
2025-08-13T06:32:38,236,159,4,395
2025-08-13T07:03:53,236,159,4,395
2025-08-13T07:34:56,236,159,4,395
2025-08-13T08:05:55,238,157,4,395
2025-08-13T08:37:01,239,156,4,395
2025-08-13T09:08:57,240,155,4,395
2025-08-13T09:40:13,240,155,4,395
2025-08-13T10:11:34,243,152,4,395
2025-08-13T10:42:53,244,151,4,395
2025-08-13T11:14:21,244,151,4,395
2025-08-13T11:45:46,245,150,4,395
2025-08-13T12:16:41,246,149,4,395
2025-08-13T12:48:27,247,148,4,395
2025-08-13T13:20:17,247,148,4,395
2025-08-13T13:51:46,248,147,4,395
2025-08-13T14:23:03,249,146,4,395
2025-08-13T14:54:46,251,144,4,395
2025-08-13T15:11:55,253,142,4,395
2025-08-13T15:43:50,253,142,4,395
2025-08-13T16:15:40,253,142,4,395
2025-08-13T16:47:29,253,142,4,395
2025-08-13T17:18:54,253,142,4,395
2025-08-13T17:50:20,253,142,4,395
2025-08-13T18:21:29,253,142,4,395
2025-08-13T18:52:29,253,142,4,395
2025-08-13T19:23:44,253,142,4,395
2025-08-13T19:54:34,253,142,4,395
2025-08-13T20:25:52,253,142,4,395
2025-08-13T20:57:03,253,142,4,395
2025-08-13T21:27:52,253,142,4,395
2025-08-13T21:58:49,253,142,4,395
2025-08-13T22:30:02,253,142,4,395
2025-08-13T23:01:36,253,142,4,395
2025-08-13T23:32:30,253,142,4,395
2025-08-14T00:03:40,253,142,4,395
2025-08-14T00:34:39,253,142,4,395
2025-08-14T01:05:59,253,142,4,395
2025-08-14T01:37:07,253,142,4,395
2025-08-14T02:08:23,253,142,4,395
2025-08-14T02:39:45,253,142,4,395
2025-08-14T03:11:10,253,142,4,395
2025-08-14T03:42:32,253,142,4,395
2025-08-14T04:25:55,253,142,4,395
2025-08-14T04:57:59,253,142,4,395
2025-08-14T05:29:21,253,142,4,395
2025-08-14T06:00:33,253,142,4,395
2025-08-14T06:32:16,253,142,4,395
2025-08-14T07:03:33,253,142,4,395
2025-08-14T07:35:04,253,142,4,395
2025-08-14T08:06:23,253,142,4,395
2025-08-14T08:37:16,253,142,4,395
2025-08-14T09:08:29,254,141,4,395
2025-08-14T09:39:24,258,137,4,395
2025-08-14T10:10:39,260,135,4,395
2025-08-14T10:42:08,262,133,4,395
2025-08-14T11:13:45,265,130,4,395
2025-08-14T11:45:55,268,127,4,395
2025-08-14T12:17:34,269,126,4,395
2025-08-14T12:48:54,273,122,4,395
2025-08-14T13:19:54,276,119,4,395
2025-08-14T13:51:15,279,116,4,395
2025-08-14T14:22:41,284,111,4,395
2025-08-14T14:54:36,288,107,4,395
2025-08-14T15:26:13,294,101,4,395
2025-08-14T15:57:26,303,92,4,395
2025-08-14T16:28:40,310,85,4,395
2025-08-14T16:59:54,315,80,4,395
2025-08-14T17:31:33,322,73,4,395
2025-08-14T18:03:02,334,61,4,395
2025-08-14T18:34:14,340,55,4,395
2025-08-14T19:05:06,350,45,4,395
2025-08-14T19:36:23,361,34,4,395
2025-08-14T20:07:45,369,26,4,395
2025-08-14T20:38:54,373,22,4,395
2025-08-14T21:10:07,380,15,4,395
2025-08-14T21:41:03,382,13,4,395
2025-08-14T22:12:25,382,13,4,395
2025-08-14T22:43:34,382,13,4,395
2025-08-14T23:14:54,381,14,4,395
2025-08-14T23:45:56,381,14,4,395
2025-08-15T00:17:08,382,13,4,395
2025-08-15T00:50:07,382,13,4,395
2025-08-15T01:21:20,382,13,4,395
2025-08-15T01:52:42,383,12,4,395
2025-08-15T02:23:58,383,12,4,395
2025-08-15T02:55:26,383,12,4,395
2025-08-15T03:26:48,383,12,4,395
2025-08-15T03:58:02,383,12,4,395
2025-08-15T04:41:19,383,12,4,395
2025-08-15T05:12:52,383,12,4,395
2025-08-15T05:43:54,383,12,4,395
2025-08-15T06:15:03,383,12,4,395
2025-08-15T06:46:29,383,12,4,395
2025-08-15T07:17:27,383,12,4,395
2025-08-15T07:48:45,383,12,4,395
2025-08-15T08:19:46,383,12,4,395
2025-08-15T08:51:21,383,12,4,395
2025-08-15T09:22:24,383,12,4,395
2025-08-15T09:53:28,383,12,4,395
2025-08-15T10:25:06,383,12,4,395
2025-08-15T10:56:02,383,12,4,395
2025-08-15T11:27:14,383,12,4,395
2025-08-15T11:58:21,383,12,4,395
2025-08-15T12:30:15,383,12,4,395
2025-08-15T13:01:47,384,11,4,395
2025-08-15T13:33:04,384,11,4,395
2025-08-15T14:04:24,384,11,4,395
2025-08-15T14:35:31,384,11,4,395
2025-08-15T15:06:40,384,11,4,395
2025-08-15T15:38:01,384,11,4,395
2025-08-15T16:09:42,384,11,4,395
2025-08-15T16:41:05,384,11,4,395
2025-08-15T17:12:26,385,10,4,395
2025-08-15T17:43:20,385,10,4,395
2025-08-15T18:14:38,385,10,4,395
2025-08-15T18:46:02,385,10,4,395
2025-08-15T19:17:40,385,10,4,395
2025-08-15T19:48:45,385,10,4,395
2025-08-15T20:19:49,385,10,4,395
2025-08-15T20:50:45,385,10,4,395
2025-08-15T21:21:38,385,10,4,395
2025-08-15T21:52:52,385,10,4,395
2025-08-15T22:23:43,385,10,4,395
2025-08-15T22:54:56,385,10,4,395
2025-08-15T23:26:18,385,10,4,395
2025-08-15T23:57:36,384,11,4,395
2025-08-16T00:29:16,384,11,4,395
2025-08-16T01:00:44,384,11,4,395
2025-08-16T01:31:50,384,11,4,395
2025-08-16T02:03:01,384,11,4,395
2025-08-16T02:34:15,384,11,4,395
2025-08-16T03:05:58,384,11,4,395
2025-08-16T03:37:32,384,11,4,395
2025-08-16T04:23:15,384,11,4,395
2025-08-16T04:55:12,384,11,4,395
2025-08-16T05:26:15,384,11,4,395
2025-08-16T05:57:32,384,11,4,395
2025-08-16T06:28:47,384,11,4,395
2025-08-16T07:00:07,384,11,4,395
2025-08-16T07:31:15,384,11,4,395
2025-08-16T08:02:36,384,11,4,395
2025-08-16T08:33:49,384,11,4,395
2025-08-16T09:04:55,384,11,4,395
2025-08-16T09:36:11,384,11,4,395
2025-08-16T10:07:25,384,11,4,395
2025-08-16T10:38:32,384,11,4,395
2025-08-16T11:10:03,384,11,4,395
2025-08-16T11:41:12,384,11,4,395
2025-08-16T12:12:07,384,11,4,395
