time,enrolled,available,waitlisted,total
2025-05-20T14:37:33,0,8,0,8
2025-05-20T15:06:08,0,8,0,8
2025-05-20T15:34:54,0,8,0,8
2025-05-20T16:03:40,0,8,0,8
2025-05-20T16:32:16,0,8,0,8
2025-05-20T17:01:04,0,8,0,8
2025-05-20T17:29:43,0,8,0,8
2025-05-20T17:58:28,0,8,0,8
2025-05-20T18:27:07,0,8,0,8
2025-05-20T18:55:51,0,8,0,8
2025-05-20T19:24:25,0,8,0,8
2025-05-20T19:53:09,0,8,0,8
2025-05-20T20:21:43,0,8,0,8
2025-05-20T20:50:16,0,8,0,8
2025-05-20T21:19:00,0,8,0,8
2025-05-20T21:47:34,0,8,0,8
2025-05-20T22:16:07,0,8,0,8
2025-05-20T22:44:52,0,8,0,8
2025-05-20T23:13:26,0,8,0,8
2025-05-20T23:42:01,0,8,0,8
2025-05-21T00:10:37,0,8,0,8
2025-05-21T00:40:00,0,8,0,8
2025-05-21T01:08:39,0,8,0,8
2025-05-21T01:37:17,0,8,0,8
2025-05-21T02:05:55,0,8,0,8
2025-05-21T02:34:33,0,8,0,8
2025-05-21T03:03:33,0,8,0,8
2025-05-21T03:32:09,0,8,0,8
2025-05-21T04:01:04,0,8,0,8
2025-05-21T04:38:56,0,8,0,8
2025-05-21T05:07:34,0,8,0,8
2025-05-21T05:36:14,0,8,0,8
2025-05-21T06:04:52,0,8,0,8
2025-05-21T06:33:29,0,8,0,8
2025-05-21T07:02:07,0,8,0,8
2025-05-21T07:30:43,0,8,0,8
2025-05-21T07:59:22,0,8,0,8
2025-05-21T08:28:05,0,8,0,8
2025-05-21T08:56:51,0,8,0,8
2025-05-21T09:25:27,0,8,0,8
2025-05-21T09:54:22,0,8,0,8
2025-05-21T10:22:57,0,8,0,8
2025-05-21T10:51:41,0,8,0,8
2025-05-21T11:20:20,0,8,0,8
2025-05-21T11:49:08,0,8,0,8
2025-05-21T12:17:59,0,8,0,8
2025-05-21T12:46:49,0,8,0,8
2025-05-21T13:15:29,0,8,0,8
2025-05-21T13:44:20,0,8,0,8
2025-05-21T14:13:09,0,8,0,8
2025-05-21T14:41:48,0,8,0,8
2025-05-21T15:10:40,0,8,0,8
2025-05-21T15:39:26,0,8,0,8
2025-05-21T16:08:19,0,8,0,8
2025-05-21T16:37:12,0,8,0,8
2025-05-21T17:06:07,0,8,0,8
2025-05-21T17:34:49,0,8,0,8
2025-05-21T18:03:40,0,8,0,8
2025-05-21T18:32:22,0,8,0,8
2025-05-21T19:01:03,0,8,0,8
2025-05-21T19:29:55,0,8,0,8
2025-05-21T19:58:36,0,8,0,8
2025-05-21T20:27:28,0,8,0,8
2025-05-21T20:56:09,0,8,0,8
2025-05-21T21:25:05,0,8,0,8
2025-05-21T21:53:47,0,8,0,8
2025-05-21T22:22:28,0,8,0,8
2025-05-21T22:51:10,0,8,0,8
2025-05-21T23:20:03,0,8,0,8
2025-05-21T23:48:45,0,8,0,8
2025-05-22T00:17:28,0,8,0,8
2025-05-22T00:46:24,0,8,0,8
2025-05-22T01:15:13,0,8,0,8
2025-05-22T01:43:58,0,8,0,8
2025-05-22T02:12:43,0,8,0,8
2025-05-22T02:41:31,0,8,0,8
2025-05-22T03:10:26,0,8,0,8
2025-05-22T03:39:10,0,8,0,8
2025-05-22T04:08:06,0,8,0,8
2025-05-22T04:38:51,0,8,0,8
2025-05-22T05:07:53,0,8,0,8
2025-05-22T05:36:40,0,8,0,8
2025-05-22T06:05:26,0,8,0,8
2025-05-22T06:34:11,0,8,0,8
2025-05-22T07:02:56,0,8,0,8
2025-05-22T07:31:41,0,8,0,8
2025-05-22T08:00:24,0,8,0,8
2025-05-22T08:29:15,0,8,0,8
2025-05-22T08:57:59,0,8,0,8
2025-05-22T09:26:42,0,8,0,8
2025-05-22T09:55:27,0,8,0,8
2025-05-22T10:24:14,0,8,0,8
2025-05-22T10:53:11,0,8,0,8
2025-05-22T11:21:57,0,8,0,8
2025-05-22T11:50:52,0,8,0,8
2025-05-22T12:19:46,0,8,0,8
2025-05-22T12:48:41,0,8,0,8
2025-05-22T13:17:25,0,8,0,8
2025-05-22T13:46:22,0,8,0,8
2025-05-22T14:15:21,0,8,0,8
2025-05-22T14:44:06,0,8,0,8
2025-05-22T15:13:02,0,8,0,8
2025-05-22T15:41:49,0,8,0,8
2025-05-22T16:10:48,0,8,0,8
2025-05-22T16:39:36,0,8,0,8
2025-05-22T17:08:25,0,8,0,8
2025-05-22T17:37:23,0,8,0,8
2025-05-22T18:06:11,0,8,0,8
2025-05-22T18:34:59,0,8,0,8
2025-05-22T19:03:57,0,8,0,8
2025-05-22T19:32:45,0,8,0,8
2025-05-22T20:01:34,0,8,0,8
2025-05-22T20:30:24,0,8,0,8
2025-05-22T20:59:22,0,8,0,8
2025-05-22T21:28:10,0,8,0,8
2025-05-22T21:56:58,0,8,0,8
2025-05-22T22:25:45,0,8,0,8
2025-05-22T22:54:45,0,8,0,8
2025-05-22T23:23:35,0,8,0,8
2025-05-22T23:52:34,0,8,0,8
2025-05-23T00:21:46,0,8,0,8
2025-05-23T00:50:38,0,8,0,8
2025-05-23T01:19:30,0,8,0,8
2025-05-23T01:48:34,0,8,0,8
2025-05-23T02:17:26,0,8,0,8
2025-05-23T02:46:20,0,8,0,8
2025-05-23T03:15:16,0,8,0,8
2025-05-23T03:44:10,0,8,0,8
2025-05-23T04:13:10,0,8,0,8
2025-05-23T04:40:56,0,8,0,8
2025-05-23T05:09:50,0,8,0,8
2025-05-23T05:38:43,0,8,0,8
2025-05-23T06:07:35,0,8,0,8
2025-05-23T06:36:27,0,8,0,8
2025-05-23T07:05:19,0,8,0,8
2025-05-23T07:34:09,0,8,0,8
2025-05-23T08:03:07,0,8,0,8
2025-05-23T08:31:56,0,8,0,8
2025-05-23T09:00:44,0,8,0,8
2025-05-23T09:29:35,0,8,0,8
2025-05-23T09:58:25,0,8,0,8
2025-05-23T10:27:27,0,8,0,8
2025-05-23T10:56:17,0,8,0,8
2025-05-23T11:25:20,0,8,0,8
2025-05-23T11:54:12,0,8,0,8
2025-05-23T12:23:04,0,8,0,8
2025-05-23T12:52:06,0,8,0,8
2025-05-23T13:20:59,0,8,0,8
2025-05-23T13:50:00,0,8,0,8
2025-05-23T14:18:51,0,8,0,8
2025-05-23T14:47:54,0,8,0,8
2025-05-23T15:16:46,0,8,0,8
2025-05-23T15:45:47,0,8,0,8
2025-05-23T16:14:38,0,8,0,8
2025-05-23T16:43:30,0,8,0,8
2025-05-23T17:12:31,0,8,0,8
2025-05-23T17:41:23,0,8,0,8
2025-05-23T18:10:15,0,8,0,8
2025-05-23T18:39:07,0,8,0,8
2025-05-23T19:08:08,0,8,0,8
2025-05-23T19:36:59,0,8,0,8
2025-05-23T20:05:50,0,8,0,8
2025-05-23T20:34:42,0,8,0,8
2025-05-23T21:03:43,0,8,0,8
2025-05-23T21:32:34,0,8,0,8
2025-05-23T22:01:26,0,8,0,8
2025-05-23T22:30:17,0,8,0,8
2025-05-23T22:59:11,0,8,0,8
2025-05-23T23:28:12,0,8,0,8
2025-05-23T23:57:04,0,8,0,8
2025-05-24T00:25:59,0,8,0,8
2025-05-24T00:54:55,0,8,0,8
2025-05-24T01:23:59,0,8,0,8
2025-05-24T01:52:56,0,8,0,8
2025-05-24T02:21:51,0,8,0,8
2025-05-24T02:51:01,0,8,0,8
2025-05-24T03:20:05,0,8,0,8
2025-05-24T03:48:59,0,8,0,8
2025-05-24T04:38:46,0,8,0,8
2025-05-24T05:07:45,0,8,0,8
2025-05-24T05:36:41,0,8,0,8
2025-05-24T06:05:37,0,8,0,8
2025-05-24T06:34:32,0,8,0,8
2025-05-24T07:03:35,0,8,0,8
2025-05-24T07:32:31,0,8,0,8
2025-05-24T08:01:22,0,8,0,8
2025-05-24T08:30:14,0,8,0,8
2025-05-24T08:59:06,0,8,0,8
2025-05-24T09:28:07,0,8,0,8
2025-05-24T09:56:59,0,8,0,8
2025-05-24T10:25:50,0,8,0,8
2025-05-24T10:54:40,0,8,0,8
2025-05-24T11:23:31,0,8,0,8
2025-05-24T11:52:22,0,8,0,8
2025-05-24T12:21:23,0,8,0,8
2025-05-24T12:50:14,0,8,0,8
2025-05-24T13:19:05,0,8,0,8
2025-05-24T13:48:05,0,8,0,8
2025-05-24T14:16:56,0,8,0,8
2025-05-24T14:45:47,0,8,0,8
2025-05-24T15:14:37,0,8,0,8
2025-05-24T15:43:38,0,8,0,8
2025-05-24T16:12:28,0,8,0,8
2025-05-24T16:41:19,0,8,0,8
2025-05-24T17:10:11,0,8,0,8
2025-05-24T17:39:12,0,8,0,8
2025-05-24T18:08:05,0,8,0,8
2025-05-24T18:36:58,0,8,0,8
2025-05-24T19:05:49,0,8,0,8
2025-05-24T19:34:40,0,8,0,8
2025-05-24T20:03:41,0,8,0,8
2025-05-24T20:32:32,0,8,0,8
2025-05-24T21:01:23,0,8,0,8
2025-05-24T21:30:14,0,8,0,8
2025-05-24T21:59:15,0,8,0,8
2025-05-24T22:28:06,0,8,0,8
2025-05-24T22:56:58,0,8,0,8
2025-05-24T23:25:51,0,8,0,8
2025-05-24T23:54:43,0,8,0,8
2025-05-25T00:23:48,0,8,0,8
2025-05-25T00:52:45,0,8,0,8
2025-05-25T01:21:43,0,8,0,8
2025-05-25T01:50:38,0,8,0,8
2025-05-25T02:19:33,0,8,0,8
2025-05-25T02:48:32,0,8,0,8
2025-05-25T03:17:29,0,8,0,8
2025-05-25T03:46:27,0,8,0,8
2025-05-25T04:37:41,0,8,0,8
2025-05-25T05:06:43,0,8,0,8
2025-05-25T05:35:42,0,8,0,8
2025-05-25T06:04:41,0,8,0,8
2025-05-25T06:33:40,0,8,0,8
2025-05-25T07:02:35,0,8,0,8
2025-05-25T07:31:33,0,8,0,8
2025-05-25T08:00:30,0,8,0,8
2025-05-25T08:29:24,0,8,0,8
2025-05-25T08:58:35,0,8,0,8
2025-05-25T09:27:29,0,8,0,8
2025-05-25T09:56:21,0,8,0,8
2025-05-25T10:25:14,0,8,0,8
2025-05-25T10:54:08,0,8,0,8
2025-05-25T11:23:02,0,8,0,8
2025-05-25T11:51:56,0,8,0,8
2025-05-25T12:20:59,0,8,0,8
2025-05-25T12:49:50,0,8,0,8
2025-05-25T13:18:43,0,8,0,8
2025-05-25T13:47:34,0,8,0,8
2025-05-25T14:16:35,0,8,0,8
2025-05-25T14:45:26,0,8,0,8
2025-05-25T15:14:17,0,8,0,8
2025-05-25T15:43:24,0,8,0,8
2025-05-25T16:12:15,0,8,0,8
2025-05-25T16:41:08,0,8,0,8
2025-05-25T17:09:59,0,8,0,8
2025-05-25T17:38:50,0,8,0,8
2025-05-25T18:07:51,0,8,0,8
2025-05-25T18:36:43,0,8,0,8
2025-05-25T19:05:34,0,8,0,8
2025-05-25T19:34:27,0,8,0,8
2025-05-25T20:03:27,0,8,0,8
2025-05-25T20:32:19,0,8,0,8
2025-05-25T21:01:10,0,8,0,8
2025-05-25T21:30:11,0,8,0,8
2025-05-25T21:59:20,0,8,0,8
2025-05-25T22:28:11,0,8,0,8
2025-05-25T22:57:11,0,8,0,8
2025-05-25T23:26:03,0,8,0,8
2025-05-25T23:54:55,0,8,0,8
2025-05-26T00:23:58,0,8,0,8
2025-05-26T00:52:54,0,8,0,8
2025-05-26T01:22:00,0,8,0,8
2025-05-26T01:50:55,0,8,0,8
2025-05-26T02:20:00,0,8,0,8
2025-05-26T02:48:55,0,8,0,8
2025-05-26T03:17:50,0,8,0,8
2025-05-26T03:46:44,0,8,0,8
2025-05-26T04:15:38,0,8,0,8
2025-05-26T04:37:02,0,8,0,8
2025-05-26T05:05:59,0,8,0,8
2025-05-26T05:36:41,0,8,0,8
2025-05-26T06:05:38,0,8,0,8
2025-05-26T06:34:33,0,8,0,8
2025-05-26T07:03:26,0,8,0,8
2025-05-26T07:32:19,0,8,0,8
2025-05-26T08:01:10,0,8,0,8
2025-05-26T08:30:02,0,8,0,8
2025-05-26T08:59:05,0,8,0,8
2025-05-26T09:27:56,0,8,0,8
2025-05-26T09:56:47,0,8,0,8
2025-05-26T10:25:39,0,8,0,8
2025-05-26T10:54:30,0,8,0,8
2025-05-26T11:23:31,0,8,0,8
2025-05-26T11:52:21,0,8,0,8
2025-05-26T12:21:23,0,8,0,8
2025-05-26T12:50:14,0,8,0,8
2025-05-26T13:19:14,0,8,0,8
2025-05-26T13:48:05,0,8,0,8
2025-05-26T14:17:07,0,8,0,8
2025-05-26T14:45:59,0,8,0,8
2025-05-26T15:15:00,0,8,0,8
2025-05-26T15:43:51,0,8,0,8
2025-05-26T16:12:52,0,8,0,8
2025-05-26T16:41:46,0,8,0,8
2025-05-26T17:10:38,0,8,0,8
2025-05-26T17:39:40,0,8,0,8
2025-05-26T18:08:32,0,8,0,8
2025-05-26T18:37:33,0,8,0,8
2025-05-26T19:06:34,0,8,0,8
2025-05-26T19:35:26,0,8,0,8
2025-05-26T20:04:18,0,8,0,8
2025-05-26T20:33:19,0,8,0,8
2025-05-26T21:02:11,0,8,0,8
2025-05-26T21:31:11,0,8,0,8
2025-05-26T22:00:03,0,8,0,8
2025-05-26T22:29:06,0,8,0,8
2025-05-26T22:58:21,0,8,0,8
2025-05-26T23:27:22,0,8,0,8
2025-05-26T23:56:14,0,8,0,8
2025-05-27T00:25:19,0,8,0,8
2025-05-27T00:54:15,0,8,0,8
2025-05-27T01:23:19,0,8,0,8
2025-05-27T01:52:13,0,8,0,8
2025-05-27T02:21:07,0,8,0,8
2025-05-27T02:50:00,0,8,0,8
2025-05-27T03:18:54,0,8,0,8
2025-05-27T03:47:57,0,8,0,8
2025-05-28T00:44:56,0,8,0,8
2025-05-28T01:13:56,0,8,0,8
2025-05-28T01:43:06,0,8,0,8
2025-05-28T02:12:05,0,8,0,8
2025-05-28T02:41:15,0,8,0,8
2025-05-28T03:10:14,0,8,0,8
2025-05-28T03:39:13,0,8,0,8
2025-05-28T04:08:13,0,8,0,8
2025-05-28T04:32:42,0,8,0,8
2025-05-28T05:03:10,0,8,0,8
2025-05-28T05:32:10,0,8,0,8
2025-05-28T06:01:10,0,8,0,8
2025-05-28T06:30:10,0,8,0,8
2025-05-28T06:59:12,0,8,0,8
2025-05-28T07:28:09,0,8,0,8
2025-05-28T07:57:15,0,8,0,8
2025-05-28T08:26:13,0,8,0,8
2025-05-28T08:55:10,0,8,0,8
2025-05-28T09:24:10,0,8,0,8
2025-05-28T09:53:18,0,8,0,8
2025-05-28T10:22:30,0,8,0,8
2025-05-28T10:51:31,0,8,0,8
2025-05-28T11:20:42,0,8,0,8
2025-05-28T11:49:57,0,8,0,8
2025-05-28T12:19:11,0,8,0,8
2025-05-28T12:48:11,0,8,0,8
2025-05-28T13:17:24,0,8,0,8
2025-05-28T13:46:35,0,8,0,8
2025-05-28T14:15:34,0,8,0,8
2025-05-28T14:44:47,0,8,0,8
2025-05-28T15:14:01,0,8,0,8
2025-05-28T15:43:10,0,8,0,8
2025-05-28T16:12:07,0,8,0,8
2025-05-28T16:41:15,0,8,0,8
2025-05-28T17:10:12,0,8,0,8
2025-05-28T17:39:09,0,8,0,8
2025-05-28T18:08:16,0,8,0,8
2025-05-28T18:37:14,0,8,0,8
2025-05-28T19:06:22,0,8,0,8
2025-05-28T19:35:20,0,8,0,8
2025-05-28T20:04:17,0,8,0,8
2025-05-28T20:33:22,0,8,0,8
2025-05-28T21:02:18,0,8,0,8
2025-05-28T21:31:15,0,8,0,8
2025-05-28T22:00:21,0,8,0,8
2025-05-28T22:29:19,0,8,0,8
2025-05-28T22:58:17,0,8,0,8
2025-05-28T23:27:22,0,8,0,8
2025-05-28T23:56:20,0,8,0,8
2025-05-29T00:25:21,0,8,0,8
2025-05-29T00:54:23,0,8,0,8
2025-05-29T01:23:23,0,8,0,8
2025-05-29T01:52:33,0,8,0,8
2025-05-29T02:21:33,0,8,0,8
2025-05-29T02:50:38,0,8,0,8
2025-05-29T03:19:41,0,8,0,8
2025-05-29T03:48:40,0,8,0,8
2025-05-29T04:19:42,0,8,0,8
2025-05-29T04:43:38,0,8,0,8
2025-05-29T05:12:39,0,8,0,8
2025-05-29T05:41:41,0,8,0,8
2025-05-29T06:10:44,0,8,0,8
2025-05-29T06:39:45,0,8,0,8
2025-05-29T07:08:45,0,8,0,8
2025-05-29T07:37:43,0,8,0,8
2025-05-29T08:06:41,0,8,0,8
2025-05-29T08:35:48,0,8,0,8
2025-05-29T09:04:45,0,8,0,8
2025-05-29T09:33:44,0,8,0,8
2025-05-29T10:02:40,0,8,0,8
2025-05-29T10:31:50,0,8,0,8
2025-05-29T11:00:47,0,8,0,8
2025-05-29T11:29:53,0,8,0,8
2025-05-29T11:58:50,0,8,0,8
2025-05-29T12:27:57,0,8,0,8
2025-05-29T12:56:54,0,8,0,8
2025-05-29T13:26:00,0,8,0,8
2025-05-29T13:54:58,0,8,0,8
2025-05-29T14:23:56,0,8,0,8
2025-05-29T14:53:08,0,8,0,8
2025-05-29T15:22:05,0,8,0,8
2025-05-29T15:51:13,0,8,0,8
2025-05-29T16:20:37,0,8,0,8
2025-05-29T16:49:35,0,8,0,8
2025-05-29T17:18:42,0,8,0,8
2025-05-29T17:47:41,0,8,0,8
2025-05-29T18:16:41,0,8,0,8
2025-05-29T18:45:50,0,8,0,8
2025-05-29T19:14:47,0,8,0,8
2025-05-29T19:43:44,0,8,0,8
2025-05-29T20:12:51,0,8,0,8
2025-05-29T20:41:48,0,8,0,8
2025-05-29T21:10:46,0,8,0,8
2025-05-29T21:39:44,0,8,0,8
2025-05-29T22:08:42,0,8,0,8
2025-05-29T22:37:51,0,8,0,8
2025-05-29T23:06:49,0,8,0,8
2025-05-29T23:35:47,0,8,0,8
2025-05-30T00:04:46,0,8,0,8
2025-05-30T00:33:59,0,8,0,8
2025-05-30T01:03:02,0,8,0,8
2025-05-30T01:32:05,0,8,0,8
2025-05-30T02:01:18,0,8,0,8
2025-05-30T02:30:21,0,8,0,8
2025-05-30T02:59:21,0,8,0,8
2025-05-30T03:28:30,0,8,0,8
2025-05-30T03:57:29,0,8,0,8
2025-05-30T04:30:41,0,8,0,8
2025-05-30T05:01:21,0,8,0,8
2025-05-30T05:30:32,0,8,0,8
2025-05-30T05:59:38,0,8,0,8
2025-05-30T06:28:43,0,8,0,8
2025-05-30T06:57:53,0,8,0,8
2025-05-30T07:26:53,0,8,0,8
2025-05-30T07:55:53,0,8,0,8
2025-05-30T08:24:52,0,8,0,8
2025-05-30T08:53:50,0,8,0,8
2025-05-30T09:22:49,0,8,0,8
2025-05-30T09:52:00,0,8,0,8
2025-05-30T10:20:58,0,8,0,8
2025-05-30T10:49:57,0,8,0,8
2025-05-30T11:19:06,0,8,0,8
2025-05-30T11:48:04,0,8,0,8
2025-05-30T12:17:02,0,8,0,8
2025-05-30T12:46:11,0,8,0,8
2025-05-30T13:15:09,0,8,0,8
2025-05-30T13:44:08,0,8,0,8
2025-05-30T14:13:17,0,8,0,8
2025-05-30T14:42:15,0,8,0,8
2025-05-30T15:11:14,0,8,0,8
2025-05-30T15:40:23,0,8,0,8
2025-05-30T16:09:23,0,8,0,8
2025-05-30T16:38:32,0,8,0,8
2025-05-30T17:07:30,0,8,0,8
2025-05-30T17:36:29,0,8,0,8
2025-05-30T18:05:38,0,8,0,8
2025-05-30T18:34:36,0,8,0,8
2025-05-30T19:03:34,0,8,0,8
2025-05-30T19:32:32,0,8,0,8
2025-05-30T20:01:31,0,8,0,8
2025-05-30T20:30:41,0,8,0,8
2025-05-30T20:59:40,0,8,0,8
2025-05-30T21:28:38,0,8,0,8
2025-05-30T21:57:36,0,8,0,8
2025-05-30T22:26:44,0,8,0,8
2025-05-30T22:55:43,0,8,0,8
2025-05-30T23:24:43,0,8,0,8
2025-05-30T23:53:41,0,8,0,8
2025-05-31T00:23:19,0,8,0,8
2025-05-31T00:52:33,0,8,0,8
2025-05-31T01:21:36,0,8,0,8
2025-05-31T01:50:38,0,8,0,8
2025-05-31T02:19:39,0,8,0,8
2025-05-31T02:48:49,0,8,0,8
2025-05-31T03:17:49,0,8,0,8
2025-05-31T03:46:51,0,8,0,8
2025-05-31T04:16:04,0,8,0,8
2025-05-31T04:41:19,0,8,0,8
2025-05-31T05:10:24,0,8,0,8
2025-05-31T05:39:26,0,8,0,8
2025-05-31T06:08:30,0,8,0,8
2025-05-31T06:37:33,0,8,0,8
2025-05-31T07:06:35,0,8,0,8
2025-05-31T07:35:37,0,8,0,8
2025-05-31T08:04:43,0,8,0,8
2025-05-31T08:33:41,0,8,0,8
2025-05-31T09:02:40,0,8,0,8
2025-05-31T09:31:38,0,8,0,8
2025-05-31T10:00:35,0,8,0,8
2025-05-31T10:29:33,0,8,0,8
2025-05-31T10:58:41,0,8,0,8
2025-05-31T11:27:38,0,8,0,8
2025-05-31T11:56:35,0,8,0,8
2025-05-31T12:25:43,0,8,0,8
2025-05-31T12:54:40,0,8,0,8
2025-05-31T13:23:37,0,8,0,8
2025-05-31T13:52:34,0,8,0,8
2025-05-31T14:21:42,0,8,0,8
2025-05-31T14:50:49,0,8,0,8
2025-05-31T15:19:42,0,8,0,8
2025-05-31T15:48:50,0,8,0,8
2025-05-31T16:17:57,0,8,0,8
2025-05-31T16:46:52,0,8,0,8
2025-05-31T17:15:50,0,8,0,8
2025-05-31T17:44:48,0,8,0,8
2025-05-31T18:13:46,0,8,0,8
2025-05-31T18:42:56,0,8,0,8
2025-05-31T19:11:53,0,8,0,8
2025-05-31T19:40:51,0,8,0,8
2025-05-31T20:09:48,0,8,0,8
2025-05-31T20:38:45,0,8,0,8
2025-05-31T21:07:50,0,8,0,8
2025-05-31T21:36:48,0,8,0,8
2025-05-31T22:05:46,0,8,0,8
2025-05-31T22:34:43,0,8,0,8
2025-05-31T23:03:51,0,8,0,8
2025-05-31T23:32:49,0,8,0,8
2025-06-01T00:01:49,0,8,0,8
2025-06-01T00:31:16,0,8,0,8
2025-06-01T01:00:21,0,8,0,8
2025-06-01T01:29:21,0,8,0,8
2025-06-01T01:58:32,0,8,0,8
2025-06-01T02:27:35,0,8,0,8
2025-06-01T02:56:47,1,7,0,8
2025-06-01T03:25:49,1,7,0,8
2025-06-01T03:54:51,1,7,0,8
2025-06-01T04:37:23,1,7,0,8
2025-06-01T05:06:25,1,7,0,8
2025-06-01T05:35:27,1,7,0,8
2025-06-01T06:04:29,1,7,0,8
2025-06-01T06:33:34,1,7,0,8
2025-06-01T07:02:34,1,7,0,8
2025-06-01T07:31:37,1,7,0,8
2025-06-01T08:00:37,1,7,0,8
2025-06-01T08:29:43,1,7,0,8
2025-06-01T08:58:42,1,7,0,8
2025-06-01T09:27:39,1,7,0,8
2025-06-01T09:56:38,1,7,0,8
2025-06-01T10:25:39,1,7,0,8
2025-06-01T10:54:37,1,7,0,8
2025-06-01T11:23:38,1,7,0,8
2025-06-01T11:52:48,1,7,0,8
2025-06-01T12:21:46,1,7,0,8
2025-06-01T12:50:45,1,7,0,8
2025-06-01T13:19:50,1,7,0,8
2025-06-01T13:48:47,1,7,0,8
2025-06-01T14:17:44,1,7,0,8
2025-06-01T14:46:41,1,7,0,8
2025-06-01T15:15:43,1,7,0,8
2025-06-01T15:44:49,1,7,0,8
2025-06-01T16:13:45,1,7,0,8
2025-06-01T16:42:42,1,7,0,8
2025-06-01T17:11:49,1,7,0,8
2025-06-01T17:40:47,1,7,0,8
2025-06-01T18:09:44,1,7,0,8
2025-06-01T18:38:42,1,7,0,8
2025-06-01T19:07:49,1,7,0,8
2025-06-01T19:36:46,1,7,0,8
2025-06-01T20:05:44,1,7,0,8
2025-06-01T20:34:46,1,7,0,8
2025-06-01T21:03:54,1,7,0,8
2025-06-01T21:32:53,1,7,0,8
2025-06-01T22:01:51,1,7,0,8
2025-06-01T22:30:59,1,7,0,8
2025-06-01T22:59:59,1,7,0,8
2025-06-01T23:28:57,1,7,0,8
2025-06-01T23:57:57,1,7,0,8
2025-06-02T00:27:13,1,7,0,8
2025-06-02T00:56:39,1,7,0,8
2025-06-02T01:25:42,1,7,0,8
2025-06-02T01:54:43,1,7,0,8
2025-06-02T02:23:46,1,7,0,8
2025-06-02T02:52:46,1,7,0,8
2025-06-02T03:21:46,1,7,0,8
2025-06-02T03:50:45,1,7,0,8
2025-06-02T04:36:39,1,7,0,8
2025-06-02T05:05:43,1,7,0,8
2025-06-02T05:34:45,1,7,0,8
2025-06-02T06:03:47,1,7,0,8
2025-06-02T06:32:49,1,7,0,8
2025-06-02T07:01:49,1,7,0,8
2025-06-02T07:30:48,1,7,0,8
2025-06-02T07:59:50,1,7,0,8
2025-06-02T08:28:51,1,7,0,8
2025-06-02T08:58:00,1,7,0,8
2025-06-02T09:27:00,1,7,0,8
2025-06-02T09:56:01,1,7,0,8
2025-06-02T10:25:14,1,7,0,8
2025-06-02T10:54:16,1,7,0,8
2025-06-02T11:23:30,1,7,0,8
2025-06-02T11:52:37,1,7,0,8
2025-06-02T12:21:59,1,7,0,8
2025-06-02T12:51:09,1,7,0,8
2025-06-02T13:20:30,1,7,0,8
2025-06-02T13:49:41,1,7,0,8
2025-06-02T14:19:02,1,7,0,8
2025-06-02T14:48:13,1,7,0,8
2025-06-02T15:17:35,1,7,0,8
2025-06-02T15:46:46,1,7,0,8
2025-06-02T16:16:10,1,7,0,8
2025-06-02T16:45:21,1,7,0,8
2025-06-02T17:14:44,1,7,0,8
2025-06-02T17:43:55,1,7,0,8
2025-06-02T18:13:19,1,7,0,8
2025-06-02T18:42:31,1,7,0,8
2025-06-02T19:11:53,1,7,0,8
2025-06-02T19:41:17,1,7,0,8
2025-06-02T20:10:29,1,7,0,8
2025-06-02T20:39:51,1,7,0,8
2025-06-02T21:09:02,1,7,0,8
2025-06-02T21:38:25,1,7,0,8
2025-06-02T22:07:36,1,7,0,8
2025-06-02T22:36:59,1,7,0,8
2025-06-02T23:06:12,1,7,0,8
2025-06-02T23:35:24,1,7,0,8
2025-06-03T00:04:47,1,7,0,8
2025-06-03T00:34:04,1,7,0,8
2025-06-03T01:03:31,1,7,0,8
2025-06-03T01:32:47,1,7,0,8
2025-06-03T02:02:02,1,7,0,8
2025-06-03T02:31:22,1,7,0,8
2025-06-03T03:00:34,1,7,0,8
2025-06-03T03:29:58,1,7,0,8
2025-06-03T03:59:28,1,7,0,8
2025-06-03T04:32:18,1,7,0,8
2025-06-03T05:01:32,1,7,0,8
2025-06-03T05:30:46,1,7,0,8
2025-06-03T06:00:02,1,7,0,8
2025-06-03T06:29:21,1,7,0,8
2025-06-03T06:58:37,1,7,0,8
2025-06-03T07:27:50,1,7,0,8
2025-06-03T07:57:10,1,7,0,8
2025-06-03T08:26:22,1,7,0,8
2025-06-03T08:55:35,1,7,0,8
2025-06-03T09:24:47,1,7,0,8
2025-06-03T09:54:11,1,7,0,8
2025-06-03T10:23:24,1,7,0,8
2025-06-03T10:52:46,1,7,0,8
2025-06-03T11:22:01,1,7,0,8
2025-06-03T11:51:23,1,7,0,8
2025-06-03T12:20:41,1,7,0,8
2025-06-03T12:50:03,1,7,0,8
2025-06-03T13:19:26,1,7,0,8
2025-06-03T13:48:43,1,7,0,8
2025-06-03T14:18:13,2,6,0,8
2025-06-03T14:47:47,2,6,0,8
2025-06-03T15:17:12,2,6,0,8
2025-06-03T15:46:47,2,6,0,8
2025-06-03T16:16:51,2,6,0,8
2025-06-03T16:46:44,2,6,0,8
2025-06-03T17:16:50,2,6,0,8
2025-06-03T17:46:54,2,6,0,8
2025-06-03T18:16:48,2,6,0,8
2025-06-03T18:46:51,2,6,0,8
2025-06-03T19:16:45,2,6,0,8
2025-06-03T19:46:47,2,6,0,8
2025-06-03T20:16:40,2,6,0,8
2025-06-03T20:46:42,2,6,0,8
2025-06-03T21:16:35,2,6,0,8
2025-06-03T21:46:37,2,6,0,8
2025-06-03T22:16:29,2,6,0,8
2025-06-03T22:46:21,2,6,0,8
2025-06-03T23:16:25,2,6,0,8
2025-06-03T23:46:18,2,6,0,8
2025-06-04T00:16:12,2,6,0,8
2025-06-04T00:46:18,2,6,0,8
2025-06-04T01:16:14,2,6,0,8
2025-06-04T01:46:09,2,6,0,8
2025-06-04T02:16:06,2,6,0,8
2025-06-04T02:46:19,2,6,0,8
2025-06-04T03:16:13,2,6,0,8
2025-06-04T03:46:07,2,6,0,8
2025-06-04T04:18:39,2,6,0,8
2025-06-04T04:40:22,2,6,0,8
2025-06-04T05:10:17,2,6,0,8
2025-06-04T05:40:12,2,6,0,8
2025-06-04T06:10:26,2,6,0,8
2025-06-04T06:40:23,2,6,0,8
2025-06-04T07:10:22,2,6,0,8
2025-06-04T07:40:16,2,6,0,8
2025-06-04T08:10:11,2,6,0,8
2025-06-04T08:40:14,2,6,0,8
2025-06-04T09:10:09,2,6,0,8
2025-06-04T09:40:03,2,6,0,8
2025-06-04T10:10:09,2,6,0,8
2025-06-04T10:40:04,2,6,0,8
2025-06-04T11:10:12,2,6,0,8
2025-06-04T11:40:19,2,6,0,8
2025-06-04T12:10:38,2,6,0,8
2025-06-04T12:40:49,2,6,0,8
2025-06-04T13:10:44,2,6,0,8
2025-06-04T13:40:50,2,6,0,8
2025-06-04T13:59:29,2,6,0,8
2025-06-04T14:29:25,2,6,0,8
2025-06-04T14:59:31,2,6,0,8
2025-06-04T15:29:40,2,6,0,8
2025-06-04T15:59:48,2,6,0,8
2025-06-04T16:29:48,2,6,0,8
2025-06-04T16:59:56,2,6,0,8
2025-06-04T17:30:06,2,6,0,8
2025-06-04T18:00:03,2,6,0,8
2025-06-04T18:30:14,2,6,0,8
2025-06-04T19:00:10,2,6,0,8
2025-06-04T19:30:15,2,6,0,8
2025-06-04T20:00:10,2,6,0,8
2025-06-04T20:30:16,2,6,0,8
2025-06-04T21:00:12,2,6,0,8
2025-06-04T21:30:17,2,6,0,8
2025-06-04T22:00:13,2,6,0,8
2025-06-04T22:30:21,2,6,0,8
2025-06-04T23:00:17,2,6,0,8
2025-06-04T23:30:25,2,6,0,8
2025-06-05T00:00:20,2,6,0,8
2025-06-05T00:30:19,2,6,0,8
2025-06-05T01:00:18,2,6,0,8
2025-06-05T01:30:27,2,6,0,8
2025-06-05T02:00:25,2,6,0,8
2025-06-05T02:30:23,2,6,0,8
2025-06-05T03:00:20,2,6,0,8
2025-06-05T03:30:24,2,6,0,8
2025-06-05T04:00:33,2,6,0,8
2025-06-05T04:33:28,2,6,0,8
2025-06-05T05:03:26,2,6,0,8
2025-06-05T05:33:25,2,6,0,8
2025-06-05T06:03:26,2,6,0,8
2025-06-05T06:33:24,2,6,0,8
2025-06-05T07:03:24,2,6,0,8
2025-06-05T07:33:21,2,6,0,8
2025-06-05T08:03:17,2,6,0,8
2025-06-05T08:33:22,2,6,0,8
2025-06-05T09:03:17,2,6,0,8
2025-06-05T09:33:11,2,6,0,8
2025-06-05T10:03:17,2,6,0,8
2025-06-05T10:33:13,2,6,0,8
2025-06-05T11:03:18,2,6,0,8
2025-06-05T11:33:17,2,6,0,8
2025-06-05T12:03:23,2,6,0,8
2025-06-05T12:33:28,2,6,0,8
2025-06-05T13:03:23,2,6,0,8
2025-06-05T13:33:29,2,6,0,8
2025-06-05T14:03:23,2,6,0,8
2025-06-05T14:33:28,2,6,0,8
2025-06-05T15:03:33,2,6,0,8
2025-06-05T15:33:27,2,6,0,8
2025-06-05T16:03:32,2,6,0,8
2025-06-05T16:33:27,2,6,0,8
2025-06-05T17:03:32,2,6,0,8
2025-06-05T17:33:27,2,6,0,8
2025-06-05T18:03:23,2,6,0,8
2025-06-05T18:33:28,2,6,0,8
2025-06-05T19:03:22,2,6,0,8
2025-06-05T19:33:26,2,6,0,8
2025-06-05T20:03:20,2,6,0,8
2025-06-05T20:33:14,2,6,0,8
2025-06-05T21:03:20,2,6,0,8
2025-06-05T21:33:14,2,6,0,8
2025-06-05T22:03:08,2,6,0,8
2025-06-05T22:33:03,2,6,0,8
2025-06-05T23:03:07,2,6,0,8
2025-06-05T23:33:02,2,6,0,8
2025-06-06T00:02:57,2,6,0,8
2025-06-06T00:33:07,2,6,0,8
2025-06-06T01:03:06,2,6,0,8
2025-06-06T01:33:05,2,6,0,8
2025-06-06T02:03:04,2,6,0,8
2025-06-06T02:33:11,2,6,0,8
2025-06-06T03:03:19,2,6,0,8
2025-06-06T03:33:30,2,6,0,8
2025-06-06T04:03:29,2,6,0,8
2025-06-06T04:43:48,2,6,0,8
2025-06-06T05:13:46,2,6,0,8
2025-06-06T05:43:45,2,6,0,8
2025-06-06T06:13:44,2,6,0,8
2025-06-06T06:43:43,2,6,0,8
2025-06-06T07:13:43,2,6,0,8
2025-06-06T07:43:41,2,6,0,8
2025-06-06T08:13:38,2,6,0,8
2025-06-06T08:43:42,2,6,0,8
2025-06-06T09:13:36,2,6,0,8
2025-06-06T09:43:30,2,6,0,8
2025-06-06T10:13:28,2,6,0,8
2025-06-06T10:43:34,2,6,0,8
2025-06-06T11:13:30,2,6,0,8
2025-06-06T11:43:26,2,6,0,8
2025-06-06T12:13:34,2,6,0,8
2025-06-06T12:43:30,2,6,0,8
2025-06-06T13:13:27,2,6,0,8
2025-06-06T13:43:34,2,6,0,8
2025-06-06T14:13:32,2,6,0,8
2025-06-06T14:43:37,2,6,0,8
2025-06-06T15:13:34,2,6,0,8
2025-06-06T15:43:42,2,6,0,8
2025-06-06T16:13:39,2,6,0,8
2025-06-06T16:43:35,2,6,0,8
2025-06-06T17:13:33,2,6,0,8
2025-06-06T17:43:39,2,6,0,8
2025-06-06T18:13:35,2,6,0,8
2025-06-06T18:43:32,2,6,0,8
2025-06-06T19:13:38,2,6,0,8
2025-06-06T19:43:35,2,6,0,8
2025-06-06T20:13:33,2,6,0,8
2025-06-06T20:43:30,2,6,0,8
2025-06-06T21:13:36,2,6,0,8
2025-06-06T21:43:33,2,6,0,8
2025-06-06T22:13:30,2,6,0,8
2025-06-06T22:43:28,2,6,0,8
2025-06-06T23:13:34,2,6,0,8
2025-06-06T23:43:32,2,6,0,8
2025-06-07T00:13:31,2,6,0,8
2025-06-07T00:43:35,2,6,0,8
2025-06-07T01:13:36,2,6,0,8
2025-06-07T01:43:48,2,6,0,8
2025-06-07T02:13:47,2,6,0,8
2025-06-07T02:43:45,2,6,0,8
2025-06-07T03:13:51,2,6,0,8
2025-06-07T03:43:54,2,6,0,8
2025-06-07T04:34:44,2,6,0,8
2025-06-07T05:04:46,2,6,0,8
2025-06-07T05:34:48,2,6,0,8
2025-06-07T06:04:50,2,6,0,8
2025-06-07T06:34:51,2,6,0,8
2025-06-07T07:05:01,2,6,0,8
2025-06-07T07:35:00,2,6,0,8
2025-06-07T08:04:58,2,6,0,8
2025-06-07T08:34:55,2,6,0,8
2025-06-07T09:04:53,2,6,0,8
2025-06-07T09:34:58,2,6,0,8
2025-06-07T10:04:54,2,6,0,8
2025-06-07T10:34:50,2,6,0,8
2025-06-07T11:04:48,2,6,0,8
2025-06-07T11:34:44,2,6,0,8
2025-06-07T12:04:39,2,6,0,8
2025-06-07T12:34:46,2,6,0,8
2025-06-07T13:04:42,2,6,0,8
2025-06-07T13:34:38,2,6,0,8
2025-06-07T14:04:36,2,6,0,8
2025-06-07T14:34:41,2,6,0,8
2025-06-07T15:04:38,2,6,0,8
2025-06-07T15:34:36,2,6,0,8
2025-06-07T16:04:44,2,6,0,8
2025-06-07T16:34:40,2,6,0,8
2025-06-07T17:04:37,2,6,0,8
2025-06-07T17:34:34,2,6,0,8
2025-06-07T18:04:45,2,6,0,8
2025-06-07T18:34:44,2,6,0,8
2025-06-07T19:04:41,2,6,0,8
2025-06-07T19:34:39,2,6,0,8
2025-06-07T20:04:37,2,6,0,8
2025-06-07T20:34:45,2,6,0,8
2025-06-07T21:04:41,2,6,0,8
2025-06-07T21:34:39,2,6,0,8
2025-06-07T22:04:37,2,6,0,8
2025-06-07T22:34:37,2,6,0,8
2025-06-07T23:04:44,2,6,0,8
2025-06-07T23:34:41,2,6,0,8
2025-06-08T00:04:41,2,6,0,8
2025-06-08T00:34:46,2,6,0,8
2025-06-08T01:04:49,2,6,0,8
2025-06-08T01:34:49,2,6,0,8
2025-06-08T02:04:59,2,6,0,8
2025-06-08T02:35:09,2,6,0,8
2025-06-08T03:05:10,2,6,0,8
2025-06-08T03:35:10,2,6,0,8
2025-06-08T04:05:10,2,6,0,8
2025-06-08T04:36:38,2,6,0,8
2025-06-08T05:06:37,2,6,0,8
2025-06-08T05:36:36,2,6,0,8
2025-06-08T06:06:39,2,6,0,8
2025-06-08T06:36:42,2,6,0,8
2025-06-08T07:06:41,2,6,0,8
2025-06-08T07:36:44,2,6,0,8
2025-06-08T08:06:52,2,6,0,8
2025-06-08T08:36:51,2,6,0,8
2025-06-08T09:06:49,2,6,0,8
2025-06-08T09:36:47,2,6,0,8
2025-06-08T10:06:46,2,6,0,8
2025-06-08T10:36:45,2,6,0,8
2025-06-08T11:06:45,2,6,0,8
2025-06-08T11:36:42,2,6,0,8
2025-06-08T12:06:49,2,6,0,8
2025-06-08T12:36:45,2,6,0,8
2025-06-08T13:06:42,2,6,0,8
2025-06-08T13:36:49,2,6,0,8
2025-06-08T14:06:44,2,6,0,8
2025-06-08T14:36:40,2,6,0,8
2025-06-08T15:06:36,2,6,0,8
2025-06-08T15:36:43,2,6,0,8
2025-06-08T16:06:39,2,6,0,8
2025-06-08T16:36:35,2,6,0,8
2025-06-08T17:06:33,2,6,0,8
2025-06-08T17:36:38,2,6,0,8
2025-06-08T18:06:34,2,6,0,8
2025-06-08T18:36:33,2,6,0,8
2025-06-08T19:06:30,2,6,0,8
2025-06-08T19:36:35,2,6,0,8
2025-06-08T20:06:32,2,6,0,8
2025-06-08T20:36:51,2,6,0,8
2025-06-08T21:06:47,2,6,0,8
2025-06-08T21:36:57,2,6,0,8
2025-06-08T22:06:57,2,6,0,8
2025-06-08T22:36:56,2,6,0,8
2025-06-08T23:07:02,2,6,0,8
2025-06-08T23:36:59,2,6,0,8
2025-06-09T00:06:58,2,6,0,8
2025-06-09T00:37:00,2,6,0,8
2025-06-09T01:07:03,2,6,0,8
2025-06-09T01:37:30,2,6,0,8
2025-06-09T02:07:31,2,6,0,8
2025-06-09T02:37:48,2,6,0,8
2025-06-09T03:07:46,2,6,0,8
2025-06-09T03:37:44,2,6,0,8
2025-06-09T04:07:43,2,6,0,8
2025-06-09T04:35:03,2,6,0,8
2025-06-09T05:06:41,2,6,0,8
2025-06-09T05:36:42,2,6,0,8
2025-06-09T06:06:43,2,6,0,8
2025-06-09T06:36:44,2,6,0,8
2025-06-09T07:06:50,2,6,0,8
2025-06-09T07:36:48,2,6,0,8
2025-06-09T08:06:53,2,6,0,8
2025-06-09T08:36:50,2,6,0,8
2025-06-09T09:06:47,2,6,0,8
2025-06-09T09:36:44,2,6,0,8
2025-06-09T10:06:43,2,6,0,8
2025-06-09T10:36:50,2,6,0,8
2025-06-09T11:06:47,2,6,0,8
2025-06-09T11:36:53,2,6,0,8
2025-06-09T12:06:49,2,6,0,8
2025-06-09T12:36:58,2,6,0,8
2025-06-09T13:06:56,2,6,0,8
2025-06-09T13:36:54,2,6,0,8
2025-06-09T14:07:02,2,6,0,8
2025-06-09T14:37:00,2,6,0,8
2025-06-09T15:06:58,2,6,0,8
2025-06-09T15:37:08,2,6,0,8
2025-06-09T16:07:06,2,6,0,8
2025-06-09T16:37:12,2,6,0,8
2025-06-09T17:07:11,2,6,0,8
2025-06-09T17:37:08,2,6,0,8
2025-06-09T18:07:16,2,6,0,8
2025-06-09T18:37:14,2,6,0,8
2025-06-09T19:07:10,2,6,0,8
2025-06-09T19:37:18,2,6,0,8
2025-06-09T20:07:15,2,6,0,8
2025-06-09T20:37:12,2,6,0,8
2025-06-09T21:07:12,2,6,0,8
2025-06-09T21:37:20,2,6,0,8
2025-06-09T22:07:17,2,6,0,8
2025-06-09T22:37:15,3,5,0,8
2025-06-09T23:07:14,3,5,0,8
2025-06-09T23:37:24,3,5,0,8
2025-06-10T00:07:22,3,5,0,8
2025-06-10T00:37:26,3,5,0,8
2025-06-10T01:07:30,3,5,0,8
2025-06-10T01:37:45,3,5,0,8
2025-06-10T02:07:47,3,5,0,8
2025-06-10T02:37:49,3,5,0,8
2025-06-10T03:07:48,3,5,0,8
2025-06-10T03:37:49,3,5,0,8
2025-06-10T04:07:50,3,5,0,8
2025-06-10T04:42:57,3,5,0,8
2025-06-10T05:12:58,3,5,0,8
2025-06-10T05:42:58,3,5,0,8
2025-06-10T06:13:03,3,5,0,8
2025-06-10T06:43:08,3,5,0,8
2025-06-10T07:13:10,3,5,0,8
2025-06-10T07:43:17,3,5,0,8
2025-06-10T08:13:15,3,5,0,8
2025-06-10T08:43:15,3,5,0,8
2025-06-10T09:13:13,3,5,0,8
2025-06-10T09:43:24,3,5,0,8
2025-06-10T10:13:23,3,5,0,8
2025-06-10T10:43:22,3,5,0,8
2025-06-10T11:13:21,3,5,0,8
2025-06-10T11:43:28,3,5,0,8
2025-06-10T12:13:25,3,5,0,8
2025-06-10T12:43:22,3,5,0,8
2025-06-10T13:13:30,3,5,0,8
2025-06-10T13:43:28,3,5,0,8
2025-06-10T14:13:26,3,5,0,8
2025-06-10T14:43:37,3,5,0,8
2025-06-10T15:13:34,3,5,0,8
2025-06-10T15:43:43,3,5,0,8
2025-06-10T16:13:41,3,5,0,8
2025-06-10T16:43:38,3,5,0,8
2025-06-10T17:13:46,3,5,0,8
2025-06-10T17:43:46,3,5,0,8
2025-06-10T18:13:47,3,5,0,8
2025-06-10T18:43:56,3,5,0,8
2025-06-10T19:13:54,3,5,0,8
2025-06-10T19:43:51,3,5,0,8
2025-06-10T20:13:48,3,5,0,8
2025-06-10T20:43:55,3,5,0,8
2025-06-10T21:13:52,3,5,0,8
2025-06-10T21:43:50,3,5,0,8
2025-06-10T22:13:47,3,5,0,8
2025-06-10T22:43:56,3,5,0,8
2025-06-10T23:13:55,3,5,0,8
2025-06-10T23:43:53,3,5,0,8
2025-06-11T00:13:53,3,5,0,8
2025-06-11T00:43:55,3,5,0,8
2025-06-11T01:14:08,3,5,0,8
2025-06-11T01:44:13,3,5,0,8
2025-06-11T02:14:16,3,5,0,8
2025-06-11T02:44:22,3,5,0,8
2025-06-11T03:14:26,3,5,0,8
2025-06-11T03:44:27,3,5,0,8
2025-06-11T04:33:18,3,5,0,8
2025-06-11T05:03:18,3,5,0,8
2025-06-11T05:35:15,3,5,0,8
2025-06-11T06:05:17,3,5,0,8
2025-06-11T06:35:21,3,5,0,8
2025-06-11T07:05:25,3,5,0,8
2025-06-11T07:35:24,3,5,0,8
2025-06-11T08:05:23,3,5,0,8
2025-06-11T08:35:30,3,5,0,8
2025-06-11T09:05:28,3,5,0,8
2025-06-11T09:35:27,3,5,0,8
2025-06-11T10:05:24,3,5,0,8
2025-06-11T10:35:32,3,5,0,8
2025-06-11T11:05:31,3,5,0,8
2025-06-11T11:35:31,3,5,0,8
2025-06-11T12:05:38,3,5,0,8
2025-06-11T12:35:35,3,5,0,8
2025-06-11T13:05:46,3,5,0,8
2025-06-11T13:35:44,3,5,0,8
2025-06-11T14:05:41,3,5,0,8
2025-06-11T14:35:52,3,5,0,8
2025-06-11T15:05:51,3,5,0,8
2025-06-11T15:36:03,3,5,0,8
2025-06-11T16:06:04,3,5,0,8
2025-06-11T16:36:05,3,5,0,8
2025-06-11T17:06:14,3,5,0,8
2025-06-11T17:36:13,3,5,0,8
2025-06-11T18:06:13,3,5,0,8
2025-06-11T18:36:23,3,5,0,8
2025-06-11T19:06:21,3,5,0,8
2025-06-11T19:36:21,3,5,0,8
2025-06-11T20:06:20,3,5,0,8
2025-06-11T20:36:29,3,5,0,8
2025-06-11T21:06:28,3,5,0,8
2025-06-11T21:36:26,3,5,0,8
2025-06-11T22:06:27,3,5,0,8
2025-06-11T22:36:36,3,5,0,8
2025-06-11T23:06:35,3,5,0,8
2025-06-11T23:36:36,3,5,0,8
2025-06-12T00:06:37,3,5,0,8
2025-06-12T00:36:51,3,5,0,8
2025-06-12T01:06:55,3,5,0,8
2025-06-12T01:36:59,3,5,0,8
2025-06-12T02:07:03,3,5,0,8
2025-06-12T02:37:08,3,5,0,8
2025-06-12T03:07:07,3,5,0,8
2025-06-12T03:37:20,3,5,0,8
2025-06-12T04:07:35,3,5,0,8
2025-06-12T04:33:00,3,5,0,8
2025-06-12T05:03:02,3,5,0,8
2025-06-12T05:33:03,3,5,0,8
2025-06-12T06:03:06,3,5,0,8
2025-06-12T06:33:09,3,5,0,8
2025-06-12T07:03:13,3,5,0,8
2025-06-12T07:33:13,3,5,0,8
2025-06-12T08:03:20,3,5,0,8
2025-06-12T08:33:20,3,5,0,8
2025-06-12T09:03:19,3,5,0,8
2025-06-12T09:33:18,3,5,0,8
2025-06-12T10:03:19,3,5,0,8
2025-06-12T10:33:29,3,5,0,8
2025-06-12T11:03:30,3,5,0,8
2025-06-12T11:33:43,3,5,0,8
2025-06-12T12:03:44,3,5,0,8
2025-06-12T12:33:43,3,5,0,8
2025-06-12T13:03:52,3,5,0,8
2025-06-12T13:33:50,3,5,0,8
2025-06-12T14:03:51,3,5,0,8
2025-06-12T14:34:01,3,5,0,8
2025-06-12T15:03:59,3,5,0,8
2025-06-12T15:34:12,3,5,0,8
2025-06-12T16:04:10,3,5,0,8
2025-06-12T16:34:09,3,5,0,8
2025-06-12T17:04:19,3,5,0,8
2025-06-12T17:34:19,3,5,0,8
2025-06-12T18:04:18,3,5,0,8
2025-06-12T18:34:17,3,5,0,8
2025-06-12T19:04:28,3,5,0,8
2025-06-12T19:34:27,3,5,0,8
2025-06-12T20:04:38,3,5,0,8
2025-06-12T20:34:37,3,5,0,8
2025-06-12T21:04:36,3,5,0,8
2025-06-12T21:34:34,3,5,0,8
2025-06-12T22:04:47,3,5,0,8
2025-06-12T22:34:46,3,5,0,8
2025-06-12T23:04:48,3,5,0,8
2025-06-12T23:34:48,3,5,0,8
2025-06-13T00:05:00,3,5,0,8
2025-06-13T00:35:02,3,5,0,8
2025-06-13T01:05:05,3,5,0,8
2025-06-13T01:36:14,3,5,0,8
2025-06-13T02:06:13,3,5,0,8
2025-06-13T02:36:12,3,5,0,8
2025-06-13T03:06:17,3,5,0,8
2025-06-13T03:36:12,3,5,0,8
2025-06-13T04:06:09,3,5,0,8
2025-06-13T04:40:55,3,5,0,8
2025-06-13T05:10:53,3,5,0,8
2025-06-13T05:40:57,3,5,0,8
2025-06-13T06:11:01,3,5,0,8
2025-06-13T06:41:40,3,5,0,8
2025-06-13T07:11:54,3,5,0,8
2025-06-13T07:42:04,3,5,0,8
2025-06-13T08:12:03,3,5,0,8
2025-06-13T08:42:01,3,5,0,8
2025-06-13T09:12:00,3,5,0,8
2025-06-13T09:41:58,3,5,0,8
2025-06-13T10:12:08,3,5,0,8
2025-06-13T10:42:07,3,5,0,8
2025-06-13T11:12:06,3,5,0,8
2025-06-13T11:42:18,3,5,0,8
2025-06-13T12:12:16,3,5,0,8
2025-06-13T12:42:25,3,5,0,8
2025-06-13T13:12:24,3,5,0,8
2025-06-13T13:42:22,3,5,0,8
2025-06-13T14:12:32,3,5,0,8
2025-06-13T14:42:31,3,5,0,8
2025-06-13T15:12:30,3,5,0,8
2025-06-13T15:42:41,3,5,0,8
2025-06-13T16:12:40,3,5,0,8
2025-06-13T16:42:50,3,5,0,8
2025-06-13T17:12:49,3,5,0,8
2025-06-13T17:42:47,3,5,0,8
2025-06-13T18:12:59,3,5,0,8
2025-06-13T18:42:59,3,5,0,8
2025-06-13T19:12:58,3,5,0,8
2025-06-13T19:42:56,3,5,0,8
2025-06-13T20:13:07,3,5,0,8
2025-06-13T20:43:06,3,5,0,8
2025-06-13T21:13:04,3,5,0,8
2025-06-13T21:43:02,3,5,0,8
2025-06-13T22:13:00,3,5,0,8
2025-06-13T22:43:11,3,5,0,8
2025-06-13T23:13:11,3,5,0,8
2025-06-13T23:43:10,3,5,0,8
2025-06-14T00:13:13,3,5,0,8
2025-06-14T00:43:28,3,5,0,8
2025-06-14T01:13:32,3,5,0,8
2025-06-14T01:43:35,3,5,0,8
2025-06-14T02:13:40,3,5,0,8
2025-06-14T02:43:44,3,5,0,8
2025-06-14T03:13:45,3,5,0,8
2025-06-14T03:43:55,3,5,0,8
2025-06-14T04:29:25,3,5,0,8
2025-06-14T05:01:10,3,5,0,8
2025-06-14T05:31:14,3,5,0,8
2025-06-14T06:01:19,3,5,0,8
2025-06-14T06:31:21,3,5,0,8
2025-06-14T07:01:36,3,5,0,8
2025-06-14T07:31:37,3,5,0,8
2025-06-14T08:01:37,3,5,0,8
2025-06-14T08:31:39,3,5,0,8
2025-06-14T09:01:38,3,5,0,8
2025-06-14T09:31:50,3,5,0,8
2025-06-14T10:01:49,3,5,0,8
2025-06-14T10:31:49,3,5,0,8
2025-06-14T11:01:47,3,5,0,8
2025-06-14T11:31:57,3,5,0,8
2025-06-14T12:01:56,3,5,0,8
2025-06-14T12:31:57,3,5,0,8
2025-06-14T13:01:55,3,5,0,8
2025-06-14T13:32:03,3,5,0,8
2025-06-14T14:02:01,3,5,0,8
2025-06-14T14:32:02,3,5,0,8
2025-06-14T15:02:10,3,5,0,8
2025-06-14T15:32:10,3,5,0,8
2025-06-14T16:02:08,3,5,0,8
2025-06-14T16:32:18,3,5,0,8
2025-06-14T17:02:16,3,5,0,8
2025-06-14T17:32:15,3,5,0,8
2025-06-14T18:02:16,3,5,0,8
2025-06-14T18:32:28,3,5,0,8
2025-06-14T19:02:29,3,5,0,8
2025-06-14T19:32:29,3,5,0,8
2025-06-14T20:02:28,3,5,0,8
2025-06-14T20:32:37,3,5,0,8
2025-06-14T21:02:35,3,5,0,8
2025-06-14T21:32:36,3,5,0,8
2025-06-14T22:02:34,3,5,0,8
2025-06-14T22:32:45,3,5,0,8
2025-06-14T23:02:45,3,5,0,8
2025-06-14T23:32:45,3,5,0,8
2025-06-15T00:02:43,3,5,0,8
2025-06-15T00:32:55,3,5,0,8
2025-06-15T01:06:59,3,5,0,8
2025-06-15T01:37:03,3,5,0,8
2025-06-15T02:07:11,3,5,0,8
2025-06-15T02:37:17,3,5,0,8
2025-06-15T03:07:19,3,5,0,8
2025-06-15T03:37:28,3,5,0,8
2025-06-15T04:28:01,3,5,0,8
2025-06-15T04:58:12,3,5,0,8
2025-06-15T05:28:53,3,5,0,8
2025-06-15T05:59:09,3,5,0,8
2025-06-15T06:29:57,3,5,0,8
2025-06-15T07:00:02,3,5,0,8
2025-06-15T07:30:12,3,5,0,8
2025-06-15T08:00:14,3,5,0,8
2025-06-15T08:30:16,3,5,0,8
2025-06-15T09:00:19,3,5,0,8
2025-06-15T09:30:22,3,5,0,8
2025-06-15T10:00:35,3,5,0,8
2025-06-15T10:30:37,3,5,0,8
2025-06-15T11:00:37,3,5,0,8
2025-06-15T11:30:36,3,5,0,8
2025-06-15T12:00:43,3,5,0,8
2025-06-15T12:30:42,3,5,0,8
2025-06-15T13:00:40,3,5,0,8
2025-06-15T13:30:48,3,5,0,8
2025-06-15T14:00:46,3,5,0,8
2025-06-15T14:30:43,3,5,0,8
2025-06-15T15:00:51,3,5,0,8
2025-06-15T15:30:49,3,5,0,8
2025-06-15T16:00:57,3,5,0,8
2025-06-15T16:30:55,3,5,0,8
2025-06-15T17:00:53,3,5,0,8
2025-06-15T17:31:03,3,5,0,8
2025-06-15T18:01:00,3,5,0,8
2025-06-15T18:31:01,3,5,0,8
2025-06-15T19:01:10,3,5,0,8
2025-06-15T19:31:08,3,5,0,8
2025-06-15T20:01:08,3,5,0,8
2025-06-15T20:31:17,3,5,0,8
2025-06-15T21:01:15,3,5,0,8
2025-06-15T21:31:15,3,5,0,8
2025-06-15T22:01:26,3,5,0,8
2025-06-15T22:31:24,3,5,0,8
2025-06-15T23:01:24,3,5,0,8
2025-06-15T23:31:36,3,5,0,8
2025-06-16T00:01:34,3,5,0,8
2025-06-16T00:31:37,3,5,0,8
2025-06-16T01:01:43,3,5,0,8
2025-06-16T01:31:56,3,5,0,8
2025-06-16T02:01:58,3,5,0,8
2025-06-16T02:32:03,3,5,0,8
2025-06-16T03:02:04,3,5,0,8
2025-06-16T03:32:04,3,5,0,8
2025-06-16T04:02:14,3,5,0,8
2025-06-16T04:40:53,3,5,0,8
2025-06-16T05:10:56,3,5,0,8
2025-06-16T05:40:59,3,5,0,8
2025-06-16T06:11:02,3,5,0,8
2025-06-16T06:41:03,3,5,0,8
2025-06-16T07:11:11,3,5,0,8
2025-06-16T07:41:22,3,5,0,8
2025-06-16T08:11:22,3,5,0,8
2025-06-16T08:41:21,3,5,0,8
2025-06-16T09:11:21,3,5,0,8
2025-06-16T09:41:33,3,5,0,8
2025-06-16T10:11:33,3,5,0,8
2025-06-16T10:41:37,3,5,0,8
2025-06-16T11:11:49,3,5,0,8
2025-06-16T11:41:49,3,5,0,8
2025-06-16T12:12:00,3,5,0,8
2025-06-16T12:42:12,3,5,0,8
2025-06-16T13:12:11,3,5,0,8
2025-06-16T13:42:25,3,5,0,8
2025-06-16T14:12:25,3,5,0,8
2025-06-16T14:42:40,3,5,0,8
2025-06-16T15:12:39,3,5,0,8
2025-06-16T15:42:52,3,5,0,8
2025-06-16T16:13:03,3,5,0,8
2025-06-16T16:43:03,3,5,0,8
2025-06-16T17:13:16,3,5,0,8
2025-06-16T17:43:16,3,5,0,8
2025-06-16T18:13:28,3,5,0,8
2025-06-16T18:43:28,3,5,0,8
2025-06-16T19:13:40,3,5,0,8
2025-06-16T19:43:39,3,5,0,8
2025-06-16T20:13:50,3,5,0,8
2025-06-16T20:43:49,3,5,0,8
2025-06-16T21:13:50,3,5,0,8
2025-06-16T21:44:02,3,5,0,8
2025-06-16T22:14:01,3,5,0,8
2025-06-16T22:44:13,3,5,0,8
2025-06-16T23:14:13,3,5,0,8
2025-06-16T23:44:25,3,5,0,8
2025-06-17T00:14:28,3,5,0,8
2025-06-17T00:44:31,3,5,0,8
2025-06-17T01:14:48,3,5,0,8
2025-06-17T01:44:53,3,5,0,8
2025-06-17T02:14:56,3,5,0,8
2025-06-17T02:45:06,3,5,0,8
2025-06-17T03:15:33,3,5,0,8
2025-06-17T03:45:35,3,5,0,8
2025-06-17T04:18:03,3,5,0,8
2025-06-17T04:42:56,3,5,0,8
2025-06-17T05:12:57,3,5,0,8
2025-06-17T05:42:59,3,5,0,8
2025-06-17T06:13:04,3,5,0,8
2025-06-17T06:43:06,3,5,0,8
2025-06-17T07:13:18,3,5,0,8
2025-06-17T07:43:18,3,5,0,8
2025-06-17T08:13:18,3,5,0,8
2025-06-17T08:43:20,3,5,0,8
2025-06-17T09:13:30,3,5,0,8
2025-06-17T09:43:29,3,5,0,8
2025-06-17T10:13:41,3,5,0,8
2025-06-17T10:43:40,3,5,0,8
2025-06-17T11:13:53,3,5,0,8
2025-06-17T11:44:04,3,5,0,8
2025-06-17T12:14:04,3,5,0,8
2025-06-17T12:44:12,3,5,0,8
2025-06-17T13:14:20,3,5,0,8
2025-06-17T13:44:17,3,5,0,8
2025-06-17T14:14:27,3,5,0,8
2025-06-17T14:44:35,3,5,0,8
2025-06-17T15:14:32,3,5,0,8
2025-06-17T15:44:47,3,5,0,8
2025-06-17T16:14:59,3,5,0,8
2025-06-17T16:45:09,3,5,0,8
2025-06-17T17:15:10,3,5,0,8
2025-06-17T17:45:23,3,5,0,8
2025-06-17T18:15:24,3,5,0,8
2025-06-17T18:45:36,3,5,0,8
2025-06-17T19:15:48,3,5,0,8
2025-06-17T19:45:49,3,5,0,8
2025-06-17T20:16:00,3,5,0,8
2025-06-17T20:46:13,3,5,0,8
2025-06-17T21:16:13,3,5,0,8
2025-06-17T21:46:27,3,5,0,8
2025-06-17T22:16:28,3,5,0,8
2025-06-17T22:46:44,3,5,0,8
2025-06-17T23:16:47,3,5,0,8
2025-06-17T23:47:02,3,5,0,8
2025-06-18T00:17:10,3,5,0,8
2025-06-18T00:47:31,3,5,0,8
2025-06-18T01:17:51,3,5,0,8
2025-06-18T01:47:56,3,5,0,8
2025-06-18T02:18:09,3,5,0,8
2025-06-18T02:48:12,3,5,0,8
2025-06-18T03:18:28,3,5,0,8
2025-06-18T03:48:31,3,5,0,8
2025-06-18T04:31:05,3,5,0,8
2025-06-18T05:01:07,3,5,0,8
2025-06-18T05:31:12,3,5,0,8
2025-06-18T06:01:15,3,5,0,8
2025-06-18T06:31:19,3,5,0,8
2025-06-18T07:01:33,3,5,0,8
2025-06-18T07:31:35,3,5,0,8
2025-06-18T08:01:38,3,5,0,8
2025-06-18T08:31:51,3,5,0,8
2025-06-18T09:01:53,3,5,0,8
2025-06-18T09:32:06,3,5,0,8
2025-06-18T10:02:22,3,5,0,8
2025-06-18T10:32:26,3,5,0,8
2025-06-18T11:02:39,3,5,0,8
2025-06-18T11:32:59,3,5,0,8
2025-06-18T12:03:05,3,5,0,8
2025-06-18T12:33:20,3,5,0,8
2025-06-18T13:03:40,3,5,0,8
2025-06-18T13:33:40,3,5,0,8
2025-06-18T14:03:56,3,5,0,8
2025-06-18T14:34:12,3,5,0,8
2025-06-18T15:04:16,3,5,0,8
2025-06-18T15:34:30,3,5,0,8
2025-06-18T16:04:46,3,5,0,8
2025-06-18T16:34:47,3,5,0,8
2025-06-18T17:05:04,3,5,0,8
2025-06-18T17:35:09,3,5,0,8
2025-06-18T18:05:23,3,5,0,8
2025-06-18T18:35:26,3,5,0,8
2025-06-18T19:05:29,3,5,0,8
2025-06-18T19:35:43,3,5,0,8
2025-06-18T20:05:47,3,5,0,8
2025-06-18T20:36:04,3,5,0,8
2025-06-18T21:06:08,3,5,0,8
2025-06-18T21:36:20,3,5,0,8
2025-06-18T22:06:27,3,5,0,8
2025-06-18T22:36:32,3,5,0,8
2025-06-18T23:06:45,3,5,0,8
2025-06-18T23:36:51,3,5,0,8
2025-06-19T00:06:56,3,5,0,8
2025-06-19T00:37:22,3,5,0,8
2025-06-19T01:08:13,3,5,0,8
2025-06-19T01:38:18,3,5,0,8
2025-06-19T02:08:22,3,5,0,8
2025-06-19T02:38:41,3,5,0,8
2025-06-19T03:08:59,3,5,0,8
2025-06-19T03:39:03,3,5,0,8
2025-06-19T04:09:07,3,5,0,8
2025-06-19T04:43:43,3,5,0,8
2025-06-19T05:13:48,3,5,0,8
2025-06-19T05:43:52,3,5,0,8
2025-06-19T06:14:00,3,5,0,8
2025-06-19T06:44:04,3,5,0,8
2025-06-19T07:14:07,3,5,0,8
2025-06-19T07:44:21,3,5,0,8
2025-06-19T08:14:22,3,5,0,8
2025-06-19T08:44:23,3,5,0,8
2025-06-19T09:14:24,3,5,0,8
2025-06-19T09:44:25,3,5,0,8
2025-06-19T10:14:36,3,5,0,8
2025-06-19T10:44:37,3,5,0,8
2025-06-19T11:14:38,3,5,0,8
2025-06-19T11:44:49,3,5,0,8
2025-06-19T12:14:50,3,5,0,8
2025-06-19T12:45:01,3,5,0,8
2025-06-19T13:15:02,3,5,0,8
2025-06-19T13:45:04,3,5,0,8
2025-06-19T14:15:15,3,5,0,8
2025-06-19T14:45:16,3,5,0,8
2025-06-19T15:15:17,3,5,0,8
2025-06-19T15:45:28,3,5,0,8
2025-06-19T16:15:29,3,5,0,8
2025-06-19T16:45:30,3,5,0,8
2025-06-19T17:15:42,3,5,0,8
2025-06-19T17:45:43,3,5,0,8
2025-06-19T18:15:45,3,5,0,8
2025-06-19T18:45:56,3,5,0,8
2025-06-19T19:15:57,3,5,0,8
2025-06-19T19:45:58,3,5,0,8
2025-06-19T20:16:10,3,5,0,8
2025-06-19T20:46:11,3,5,0,8
2025-06-19T21:16:12,3,5,0,8
2025-06-19T21:46:24,3,5,0,8
2025-06-19T22:16:25,3,5,0,8
2025-06-19T22:46:27,3,5,0,8
2025-06-19T23:16:30,3,5,0,8
2025-06-19T23:46:45,3,5,0,8
2025-06-20T00:16:54,3,5,0,8
2025-06-20T00:47:38,3,5,0,8
2025-06-20T01:17:55,3,5,0,8
2025-06-20T01:47:59,3,5,0,8
2025-06-20T02:18:04,3,5,0,8
2025-06-20T02:48:07,3,5,0,8
2025-06-20T03:18:09,3,5,0,8
2025-06-20T03:48:13,3,5,0,8
2025-06-20T04:37:22,3,5,0,8
2025-06-20T05:08:42,3,5,0,8
2025-06-20T05:38:47,3,5,0,8
2025-06-20T06:08:52,3,5,0,8
2025-06-20T06:38:57,3,5,0,8
2025-06-20T07:09:01,3,5,0,8
2025-06-20T07:39:06,3,5,0,8
2025-06-20T08:09:07,3,5,0,8
2025-06-20T08:39:18,3,5,0,8
2025-06-20T09:09:19,3,5,0,8
2025-06-20T09:39:20,3,5,0,8
2025-06-20T10:09:22,3,5,0,8
2025-06-20T10:39:37,3,5,0,8
2025-06-20T11:09:39,3,5,0,8
2025-06-20T11:39:41,3,5,0,8
2025-06-20T12:09:54,3,5,0,8
2025-06-20T12:39:55,3,5,0,8
2025-06-20T13:09:59,3,5,0,8
2025-06-20T13:40:10,3,5,0,8
2025-06-20T14:10:12,3,5,0,8
2025-06-20T14:40:24,3,5,0,8
2025-06-20T15:10:25,3,5,0,8
2025-06-20T15:40:42,3,5,0,8
2025-06-20T16:10:45,3,5,0,8
2025-06-20T16:40:46,3,5,0,8
2025-06-20T17:10:47,3,5,0,8
2025-06-20T17:41:00,3,5,0,8
2025-06-20T18:11:02,3,5,0,8
2025-06-20T18:41:04,3,5,0,8
2025-06-20T19:11:14,3,5,0,8
2025-06-20T19:41:15,3,5,0,8
2025-06-20T20:11:16,3,5,0,8
2025-06-20T20:41:16,3,5,0,8
2025-06-20T21:11:27,3,5,0,8
2025-06-20T21:41:27,3,5,0,8
2025-06-20T22:11:29,3,5,0,8
2025-06-20T22:41:40,3,5,0,8
2025-06-20T23:12:13,3,5,0,8
2025-06-20T23:42:28,3,5,0,8
2025-06-21T00:12:31,3,5,0,8
2025-06-21T00:43:25,3,5,0,8
2025-06-21T01:13:47,3,5,0,8
2025-06-21T01:43:53,3,5,0,8
2025-06-21T02:13:58,3,5,0,8
2025-06-21T02:44:02,3,5,0,8
2025-06-21T03:14:45,3,5,0,8
2025-06-21T03:44:50,3,5,0,8
2025-06-21T04:14:55,3,5,0,8
2025-06-21T04:38:36,3,5,0,8
2025-06-21T05:08:41,3,5,0,8
2025-06-21T05:38:44,3,5,0,8
2025-06-21T06:08:49,3,5,0,8
2025-06-21T06:38:53,3,5,0,8
2025-06-21T07:09:08,3,5,0,8
2025-06-21T07:39:11,3,5,0,8
2025-06-21T08:09:14,3,5,0,8
2025-06-21T08:39:15,3,5,0,8
2025-06-21T09:09:16,3,5,0,8
2025-06-21T09:39:27,3,5,0,8
2025-06-21T10:09:28,3,5,0,8
2025-06-21T10:39:28,3,5,0,8
2025-06-21T11:09:28,3,5,0,8
2025-06-21T11:39:40,3,5,0,8
2025-06-21T12:09:40,3,5,0,8
2025-06-21T12:39:40,3,5,0,8
2025-06-21T13:09:41,3,5,0,8
2025-06-21T13:39:53,3,5,0,8
2025-06-21T14:09:54,3,5,0,8
2025-06-21T14:39:54,3,5,0,8
2025-06-21T15:09:55,3,5,0,8
2025-06-21T15:40:06,3,5,0,8
2025-06-21T16:10:07,3,5,0,8
2025-06-21T16:40:08,3,5,0,8
2025-06-21T17:10:09,3,5,0,8
2025-06-21T17:40:19,3,5,0,8
2025-06-21T18:10:19,3,5,0,8
2025-06-21T18:40:21,3,5,0,8
2025-06-21T19:10:22,3,5,0,8
2025-06-21T19:40:32,3,5,0,8
2025-06-21T20:10:33,3,5,0,8
2025-06-21T20:40:33,3,5,0,8
2025-06-21T21:10:35,3,5,0,8
2025-06-21T21:40:35,3,5,0,8
2025-06-21T22:10:46,3,5,0,8
2025-06-21T22:40:48,3,5,0,8
2025-06-21T23:10:50,3,5,0,8
2025-06-21T23:40:53,3,5,0,8
2025-06-22T00:11:06,3,5,0,8
2025-06-22T00:41:17,3,5,0,8
2025-06-22T01:11:23,3,5,0,8
2025-06-22T01:41:28,3,5,0,8
2025-06-22T02:11:44,3,5,0,8
2025-06-22T02:42:10,3,5,0,8
2025-06-22T03:12:16,3,5,0,8
2025-06-22T03:42:21,3,5,0,8
2025-06-25T11:15:24,3,5,0,8
2025-06-25T11:45:38,3,5,0,8
2025-06-25T12:15:42,3,5,0,8
2025-06-25T12:45:57,3,5,0,8
2025-06-25T13:16:00,3,5,0,8
2025-06-25T13:46:03,3,5,0,8
2025-06-25T14:16:18,3,5,0,8
2025-06-25T14:46:22,3,5,0,8
2025-06-25T15:16:25,3,5,0,8
2025-06-25T15:46:42,3,5,0,8
2025-06-25T16:16:45,3,5,0,8
2025-06-25T16:46:49,3,5,0,8
2025-06-25T17:17:03,3,5,0,8
2025-06-25T17:47:06,3,5,0,8
2025-06-25T18:17:10,3,5,0,8
2025-06-25T18:47:25,3,5,0,8
2025-06-25T19:17:28,3,5,0,8
2025-06-25T19:47:31,3,5,0,8
2025-06-25T20:17:34,3,5,0,8
2025-06-25T20:47:48,3,5,0,8
2025-06-25T21:17:51,3,5,0,8
2025-06-25T21:47:53,3,5,0,8
2025-06-25T22:17:56,3,5,0,8
2025-06-25T22:48:09,3,5,0,8
2025-06-25T23:18:11,3,5,0,8
2025-06-25T23:48:15,3,5,0,8
2025-06-26T00:18:20,3,5,0,8
2025-06-26T00:48:39,3,5,0,8
2025-06-26T01:18:46,3,5,0,8
2025-06-26T01:48:54,3,5,0,8
2025-06-26T02:19:01,3,5,0,8
2025-06-26T02:49:07,3,5,0,8
2025-06-26T03:19:15,3,5,0,8
2025-06-26T03:49:32,3,5,0,8
2025-06-26T04:31:41,3,5,0,8
2025-06-26T05:01:47,3,5,0,8
2025-06-26T05:31:52,3,5,0,8
2025-06-26T06:02:04,3,5,0,8
2025-06-26T06:32:12,3,5,0,8
2025-06-26T07:02:34,3,5,0,8
2025-06-26T07:32:39,3,5,0,8
2025-06-26T08:02:43,3,5,0,8
2025-06-26T08:32:47,3,5,0,8
2025-06-26T09:02:51,3,5,0,8
2025-06-26T09:32:56,3,5,0,8
2025-06-26T10:03:10,3,5,0,8
2025-06-26T10:33:13,3,5,0,8
2025-06-26T11:03:16,3,5,0,8
2025-06-26T11:33:21,3,5,0,8
2025-06-26T12:03:34,3,5,0,8
2025-06-26T12:33:37,3,5,0,8
2025-06-26T13:03:40,3,5,0,8
2025-06-26T13:33:55,3,5,0,8
2025-06-26T14:03:59,3,5,0,8
2025-06-26T14:34:01,3,5,0,8
2025-06-26T15:04:23,3,5,0,8
2025-06-26T15:34:26,3,5,0,8
2025-06-26T16:04:32,3,5,0,8
2025-06-26T16:34:45,3,5,0,8
2025-06-26T17:04:48,3,5,0,8
2025-06-26T17:34:51,3,5,0,8
2025-06-26T18:04:55,3,5,0,8
2025-06-26T18:35:19,3,5,0,8
2025-06-26T19:05:23,3,5,0,8
2025-06-26T19:36:42,3,5,0,8
2025-06-26T20:07:36,3,5,0,8
2025-06-26T20:38:23,3,5,0,8
2025-06-26T21:09:19,3,5,0,8
2025-06-26T21:40:26,3,5,0,8
2025-06-26T22:11:17,3,5,0,8
2025-06-26T22:41:54,3,5,0,8
2025-06-26T23:12:47,3,5,0,8
2025-06-26T23:43:39,3,5,0,8
2025-06-27T00:14:13,3,5,0,8
2025-06-27T00:44:37,3,5,0,8
2025-06-27T01:15:23,3,5,0,8
2025-06-27T01:46:06,3,5,0,8
2025-06-27T02:17:05,3,5,0,8
2025-06-27T02:48:14,3,5,0,8
2025-06-27T03:19:00,3,5,0,8
2025-06-27T03:49:39,3,5,0,8
2025-06-27T15:37:15,3,5,0,8
2025-06-27T16:07:55,3,5,0,8
2025-06-27T16:38:43,3,5,0,8
2025-06-27T17:09:07,3,5,0,8
2025-06-27T17:39:40,3,5,0,8
2025-06-27T18:10:12,3,5,0,8
2025-06-27T18:40:48,3,5,0,8
2025-06-27T19:11:20,3,5,0,8
2025-06-27T19:42:02,3,5,0,8
2025-06-27T20:12:50,3,5,0,8
2025-06-27T20:43:24,3,5,0,8
2025-06-27T21:14:09,3,5,0,8
2025-06-27T21:44:31,3,5,0,8
2025-06-27T22:15:11,3,5,0,8
2025-06-27T22:45:46,3,5,0,8
2025-06-27T23:16:42,3,5,0,8
2025-06-27T23:47:57,3,5,0,8
2025-06-28T00:18:48,3,5,0,8
2025-06-28T00:50:02,3,5,0,8
2025-06-28T01:20:55,3,5,0,8
2025-06-28T01:51:23,3,5,0,8
2025-06-28T02:21:50,3,5,0,8
2025-06-28T02:53:07,3,5,0,8
2025-06-28T03:24:32,3,5,0,8
2025-06-28T03:55:27,3,5,0,8
2025-06-28T04:38:55,3,5,0,8
2025-06-28T05:09:53,3,5,0,8
2025-06-28T05:40:51,3,5,0,8
2025-06-28T06:11:22,3,5,0,8
2025-06-28T06:41:58,3,5,0,8
2025-06-28T07:12:30,3,5,0,8
2025-06-28T07:43:05,3,5,0,8
2025-06-28T08:13:53,3,5,0,8
2025-06-28T08:44:15,3,5,0,8
2025-06-28T09:14:41,3,5,0,8
2025-06-28T09:44:51,3,5,0,8
2025-06-28T10:15:24,3,5,0,8
2025-06-28T10:46:03,3,5,0,8
2025-06-28T11:17:12,3,5,0,8
2025-06-28T11:47:54,3,5,0,8
2025-06-28T12:18:33,3,5,0,8
2025-06-28T12:49:03,3,5,0,8
2025-06-28T13:19:50,3,5,0,8
2025-06-28T13:50:51,3,5,0,8
2025-06-28T14:21:34,3,5,0,8
2025-06-28T14:52:08,3,5,0,8
2025-06-28T15:22:44,3,5,0,8
2025-06-28T15:53:14,3,5,0,8
2025-06-28T16:23:38,3,5,0,8
2025-06-28T16:54:42,3,5,0,8
2025-06-28T17:25:32,3,5,0,8
2025-06-28T17:56:12,3,5,0,8
2025-06-28T18:26:55,3,5,0,8
2025-06-28T18:57:57,3,5,0,8
2025-06-28T19:28:18,3,5,0,8
2025-06-28T19:59:22,3,5,0,8
2025-06-28T20:29:57,3,5,0,8
2025-06-28T21:00:30,3,5,0,8
2025-06-28T21:31:21,3,5,0,8
2025-06-28T22:01:51,3,5,0,8
2025-06-28T22:32:13,3,5,0,8
2025-06-28T23:02:39,3,5,0,8
2025-06-28T23:33:31,3,5,0,8
2025-06-29T00:04:20,3,5,0,8
2025-06-29T00:34:48,3,5,0,8
2025-06-29T01:06:04,3,5,0,8
2025-06-29T01:36:50,3,5,0,8
2025-06-29T02:07:39,3,5,0,8
2025-06-29T02:38:31,3,5,0,8
2025-06-29T03:09:13,3,5,0,8
2025-06-29T03:39:53,3,5,0,8
2025-06-29T04:33:36,3,5,0,8
2025-06-29T05:06:50,3,5,0,8
2025-06-29T05:37:46,3,5,0,8
2025-06-29T06:08:51,3,5,0,8
2025-06-29T06:39:30,3,5,0,8
2025-06-29T07:10:05,3,5,0,8
2025-06-29T07:41:10,3,5,0,8
2025-06-29T08:11:53,3,5,0,8
2025-06-29T08:42:33,3,5,0,8
2025-06-29T09:12:45,3,5,0,8
2025-06-29T09:43:12,3,5,0,8
2025-06-29T10:13:46,3,5,0,8
2025-06-29T10:44:19,3,5,0,8
2025-06-29T11:15:08,3,5,0,8
2025-06-29T11:45:29,3,5,0,8
2025-06-29T12:15:55,3,5,0,8
2025-06-29T12:46:31,3,5,0,8
2025-06-29T13:16:45,3,5,0,8
2025-06-29T13:47:32,3,5,0,8
2025-06-29T14:17:58,3,5,0,8
2025-06-29T14:48:36,3,5,0,8
2025-06-29T15:19:07,3,5,0,8
2025-06-29T15:49:29,3,5,0,8
2025-06-29T16:20:01,3,5,0,8
2025-06-29T16:50:33,3,5,0,8
2025-06-29T17:21:06,3,5,0,8
2025-06-29T17:51:34,3,5,0,8
2025-06-29T18:22:03,3,5,0,8
2025-06-29T18:52:26,3,5,0,8
2025-06-29T19:22:58,3,5,0,8
2025-06-29T19:53:51,3,5,0,8
2025-06-29T20:24:09,3,5,0,8
2025-06-29T20:54:44,3,5,0,8
2025-06-29T21:25:33,3,5,0,8
2025-06-29T21:56:09,3,5,0,8
2025-06-29T22:26:35,3,5,0,8
2025-06-29T22:56:53,3,5,0,8
2025-06-29T23:27:16,3,5,0,8
2025-06-29T23:57:35,3,5,0,8
2025-06-30T00:28:04,3,5,0,8
2025-06-30T00:58:23,3,5,0,8
2025-06-30T01:28:55,3,5,0,8
2025-06-30T01:59:34,3,5,0,8
2025-06-30T02:30:26,3,5,0,8
2025-06-30T03:01:02,3,5,0,8
2025-06-30T03:31:38,3,5,0,8
2025-06-30T04:02:27,3,5,0,8
2025-06-30T04:35:34,3,5,0,8
2025-06-30T05:06:10,3,5,0,8
2025-06-30T05:36:47,3,5,0,8
2025-06-30T06:07:24,3,5,0,8
2025-06-30T06:38:04,3,5,0,8
2025-06-30T07:08:35,3,5,0,8
2025-06-30T07:39:05,3,5,0,8
2025-06-30T08:40:30,3,5,0,8
2025-06-30T09:11:09,3,5,0,8
2025-06-30T09:41:44,3,5,0,8
2025-06-30T10:12:36,3,5,0,8
2025-06-30T10:43:33,3,5,0,8
2025-06-30T11:14:43,3,5,0,8
2025-06-30T11:45:24,3,5,0,8
2025-06-30T12:15:50,3,5,0,8
2025-06-30T12:46:12,3,5,0,8
2025-06-30T13:17:04,3,5,0,8
2025-06-30T13:47:54,3,5,0,8
2025-06-30T14:19:22,3,5,0,8
2025-06-30T14:50:02,3,5,0,8
2025-06-30T15:20:23,3,5,0,8
2025-06-30T15:51:10,3,5,0,8
2025-06-30T16:21:46,3,5,0,8
2025-06-30T16:52:35,3,5,0,8
2025-06-30T17:23:36,3,5,0,8
2025-06-30T17:54:06,3,5,0,8
2025-06-30T18:24:22,3,5,0,8
2025-06-30T18:55:07,3,5,0,8
2025-06-30T19:25:30,3,5,0,8
2025-06-30T19:55:54,3,5,0,8
2025-06-30T20:26:09,3,5,0,8
2025-06-30T20:57:06,3,5,0,8
2025-06-30T21:27:50,3,5,0,8
2025-06-30T21:58:47,3,5,0,8
2025-06-30T22:30:10,3,5,0,8
2025-06-30T23:00:41,3,5,0,8
2025-06-30T23:31:26,3,5,0,8
2025-07-01T00:02:19,3,5,0,8
2025-07-01T00:33:17,3,5,0,8
2025-07-01T01:04:23,3,5,0,8
2025-07-01T01:34:50,3,5,0,8
2025-07-01T02:05:18,3,5,0,8
2025-07-01T02:35:39,3,5,0,8
2025-07-01T03:06:16,3,5,0,8
2025-07-01T03:36:56,3,5,0,8
2025-07-01T04:10:11,3,5,0,8
2025-07-01T04:36:47,3,5,0,8
2025-07-01T05:07:25,3,5,0,8
2025-07-01T05:37:40,3,5,0,8
2025-07-01T06:08:15,3,5,0,8
2025-07-01T06:38:53,3,5,0,8
2025-07-01T07:09:14,3,5,0,8
2025-07-01T07:39:29,3,5,0,8
2025-07-01T08:10:07,3,5,0,8
2025-07-01T08:40:43,3,5,0,8
2025-07-01T09:11:18,3,5,0,8
2025-07-01T09:41:56,3,5,0,8
2025-07-01T10:12:32,3,5,0,8
2025-07-01T10:43:48,3,5,0,8
2025-07-01T11:14:45,3,5,0,8
2025-07-01T11:45:49,3,5,0,8
2025-07-01T12:16:27,3,5,0,8
2025-07-01T12:47:36,3,5,0,8
2025-07-01T13:18:29,3,5,0,8
2025-07-01T13:49:06,3,5,0,8
2025-07-01T14:20:07,3,5,0,8
2025-07-01T14:50:35,3,5,0,8
2025-07-01T15:20:52,3,5,0,8
2025-07-01T15:52:00,3,5,0,8
2025-07-01T16:22:39,3,5,0,8
2025-07-01T16:53:21,3,5,0,8
2025-07-01T17:24:15,3,5,0,8
2025-07-01T17:54:51,3,5,0,8
2025-07-01T18:25:44,3,5,0,8
2025-07-01T18:57:11,3,5,0,8
2025-07-01T19:27:59,3,5,0,8
2025-07-01T19:58:19,3,5,0,8
2025-07-01T20:28:27,3,5,0,8
2025-07-01T20:58:59,3,5,0,8
2025-07-01T21:29:22,3,5,0,8
2025-07-01T22:00:04,3,5,0,8
2025-07-01T22:30:50,3,5,0,8
2025-07-01T23:01:15,3,5,0,8
2025-07-01T23:31:37,3,5,0,8
2025-07-02T00:02:20,3,5,0,8
2025-07-02T00:33:05,3,5,0,8
2025-07-02T01:03:39,3,5,0,8
2025-07-02T01:34:38,3,5,0,8
2025-07-02T02:04:55,3,5,0,8
2025-07-02T02:35:29,3,5,0,8
2025-07-02T03:05:55,3,5,0,8
2025-07-02T03:36:31,3,5,0,8
2025-07-02T04:07:08,3,5,0,8
2025-07-02T04:33:36,3,5,0,8
2025-07-02T05:04:23,3,5,0,8
2025-07-02T05:35:13,3,5,0,8
2025-07-02T06:05:39,3,5,0,8
2025-07-02T06:36:33,3,5,0,8
2025-07-02T07:07:00,3,5,0,8
2025-07-02T07:37:39,3,5,0,8
2025-07-02T08:08:20,3,5,0,8
2025-07-02T08:39:13,3,5,0,8
2025-07-02T09:09:34,3,5,0,8
2025-07-02T09:40:15,3,5,0,8
2025-07-02T10:11:26,3,5,0,8
2025-07-02T10:42:29,3,5,0,8
2025-07-02T11:13:33,3,5,0,8
2025-07-02T11:44:29,3,5,0,8
2025-07-02T12:15:29,3,5,0,8
2025-07-02T12:47:00,3,5,0,8
2025-07-02T13:18:11,3,5,0,8
2025-07-02T13:48:34,3,5,0,8
2025-07-02T14:19:20,3,5,0,8
2025-07-02T14:50:14,3,5,0,8
2025-07-02T15:21:27,3,5,0,8
2025-07-02T15:52:00,3,5,0,8
2025-07-02T16:22:50,3,5,0,8
2025-07-02T16:53:10,3,5,0,8
2025-07-02T17:23:31,3,5,0,8
2025-07-02T17:54:21,3,5,0,8
2025-07-02T18:24:59,3,5,0,8
2025-07-02T18:55:30,3,5,0,8
2025-07-02T19:26:07,3,5,0,8
2025-07-02T19:56:25,3,5,0,8
2025-07-02T20:27:00,3,5,0,8
2025-07-02T20:57:30,3,5,0,8
2025-07-02T21:27:50,3,5,0,8
2025-07-02T21:58:25,3,5,0,8
2025-07-02T22:28:47,3,5,0,8
2025-07-02T22:59:05,3,5,0,8
2025-07-02T23:29:34,3,5,0,8
2025-07-03T00:00:11,3,5,0,8
2025-07-03T00:31:11,3,5,0,8
2025-07-03T01:01:56,3,5,0,8
2025-07-03T01:32:43,3,5,0,8
2025-07-03T02:03:35,3,5,0,8
2025-07-03T02:34:48,3,5,0,8
2025-07-03T03:05:28,3,5,0,8
2025-07-03T03:36:30,3,5,0,8
2025-07-03T04:31:34,3,5,0,8
2025-07-03T05:02:36,3,5,0,8
2025-07-03T05:33:46,3,5,0,8
2025-07-03T06:04:40,3,5,0,8
2025-07-03T06:35:21,3,5,0,8
2025-07-03T07:05:55,3,5,0,8
2025-07-03T07:36:21,3,5,0,8
2025-07-03T08:07:07,3,5,0,8
2025-07-03T08:38:03,3,5,0,8
2025-07-03T09:08:37,3,5,0,8
2025-07-03T09:39:19,3,5,0,8
2025-07-03T10:09:44,3,5,0,8
2025-07-03T10:40:22,3,5,0,8
2025-07-03T11:11:16,3,5,0,8
2025-07-03T11:42:07,3,5,0,8
2025-07-03T12:12:52,3,5,0,8
2025-07-03T12:43:52,3,5,0,8
2025-07-03T13:14:56,3,5,0,8
2025-07-03T13:45:55,3,5,0,8
2025-07-03T14:16:52,3,5,0,8
2025-07-03T14:47:10,3,5,0,8
2025-07-03T15:17:26,3,5,0,8
2025-07-03T15:47:54,3,5,0,8
2025-07-03T16:18:37,3,5,0,8
2025-07-03T16:49:10,3,5,0,8
2025-07-03T17:19:57,3,5,0,8
2025-07-03T17:50:32,3,5,0,8
2025-07-03T18:21:49,3,5,0,8
2025-07-03T18:52:31,3,5,0,8
2025-07-03T19:23:16,3,5,0,8
2025-07-03T19:53:50,3,5,0,8
2025-07-03T20:24:28,3,5,0,8
2025-07-03T20:55:18,3,5,0,8
2025-07-03T21:25:43,3,5,0,8
2025-07-03T21:56:40,3,5,0,8
2025-07-03T22:27:22,3,5,0,8
2025-07-03T22:57:49,3,5,0,8
2025-07-03T23:28:30,3,5,0,8
2025-07-03T23:58:55,3,5,0,8
2025-07-04T00:29:37,3,5,0,8
2025-07-04T00:59:51,3,5,0,8
2025-07-04T01:30:40,3,5,0,8
2025-07-04T02:01:31,3,5,0,8
2025-07-04T02:32:31,3,5,0,8
2025-07-04T03:02:53,3,5,0,8
2025-07-04T03:34:02,3,5,0,8
2025-07-04T04:04:54,3,5,0,8
2025-07-04T04:37:43,3,5,0,8
2025-07-04T05:08:42,3,5,0,8
2025-07-04T05:39:29,3,5,0,8
2025-07-04T06:10:24,3,5,0,8
2025-07-04T06:41:13,3,5,0,8
2025-07-04T07:12:03,3,5,0,8
2025-07-04T07:42:42,3,5,0,8
2025-07-04T08:13:23,3,5,0,8
2025-07-04T08:44:04,3,5,0,8
2025-07-04T09:14:58,3,5,0,8
2025-07-04T09:45:27,3,5,0,8
2025-07-04T10:16:08,3,5,0,8
2025-07-04T10:46:41,3,5,0,8
2025-07-04T11:17:06,3,5,0,8
2025-07-04T11:47:29,3,5,0,8
2025-07-04T12:18:07,3,5,0,8
2025-07-04T12:49:12,3,5,0,8
2025-07-04T13:20:07,3,5,0,8
2025-07-04T13:50:49,3,5,0,8
2025-07-04T14:21:28,3,5,0,8
2025-07-04T14:51:41,3,5,0,8
2025-07-04T15:21:57,3,5,0,8
2025-07-04T15:52:13,3,5,0,8
2025-07-04T16:22:54,3,5,0,8
2025-07-04T16:53:12,3,5,0,8
2025-07-04T17:23:58,3,5,0,8
2025-07-04T17:54:28,3,5,0,8
2025-07-04T18:24:54,3,5,0,8
2025-07-04T18:55:29,3,5,0,8
2025-07-04T19:26:05,3,5,0,8
2025-07-04T19:56:32,3,5,0,8
2025-07-04T20:27:00,3,5,0,8
2025-07-04T20:57:43,3,5,0,8
2025-07-04T21:29:02,3,5,0,8
2025-07-04T21:59:48,3,5,0,8
2025-07-04T22:30:50,3,5,0,8
2025-07-04T23:01:15,3,5,0,8
2025-07-04T23:31:42,3,5,0,8
2025-07-05T00:02:16,3,5,0,8
2025-07-05T00:33:21,3,5,0,8
2025-07-05T01:04:18,3,5,0,8
2025-07-05T01:34:56,3,5,0,8
2025-07-05T02:05:35,3,5,0,8
2025-07-05T02:36:21,3,5,0,8
2025-07-05T03:06:51,3,5,0,8
2025-07-05T03:37:13,3,5,0,8
2025-07-05T18:30:09,3,5,0,8
2025-07-05T19:01:13,3,5,0,8
2025-07-05T19:32:22,3,5,0,8
2025-07-05T20:03:13,3,5,0,8
2025-07-05T20:34:14,3,5,0,8
2025-07-05T21:04:41,3,5,0,8
2025-07-05T21:35:00,3,5,0,8
2025-07-05T22:05:32,3,5,0,8
2025-07-05T22:36:08,3,5,0,8
2025-07-05T23:07:12,3,5,0,8
2025-07-05T23:37:39,3,5,0,8
2025-07-06T00:08:34,3,5,0,8
2025-07-06T00:40:08,3,5,0,8
2025-07-06T01:10:49,3,5,0,8
2025-07-06T01:41:36,3,5,0,8
2025-07-06T02:12:17,3,5,0,8
2025-07-06T02:43:18,3,5,0,8
2025-07-06T03:14:06,3,5,0,8
2025-07-06T03:45:00,3,5,0,8
2025-07-06T04:32:24,3,5,0,8
2025-07-06T05:02:58,3,5,0,8
2025-07-06T05:33:24,3,5,0,8
2025-07-06T06:03:42,3,5,0,8
2025-07-06T06:34:03,3,5,0,8
2025-07-06T07:04:44,3,5,0,8
2025-07-06T07:35:23,3,5,0,8
2025-07-06T08:06:13,3,5,0,8
2025-07-06T08:37:20,3,5,0,8
2025-07-06T09:08:03,3,5,0,8
2025-07-06T09:38:37,3,5,0,8
2025-07-06T10:09:16,3,5,0,8
2025-07-06T10:39:46,3,5,0,8
2025-07-06T11:10:30,3,5,0,8
2025-07-06T11:41:17,3,5,0,8
2025-07-06T12:11:32,3,5,0,8
2025-07-06T12:41:58,3,5,0,8
2025-07-06T13:12:28,3,5,0,8
2025-07-06T13:43:33,3,5,0,8
2025-07-06T14:14:22,3,5,0,8
2025-07-06T14:44:48,3,5,0,8
2025-07-06T15:15:29,3,5,0,8
2025-07-06T15:46:07,3,5,0,8
2025-07-06T16:17:14,3,5,0,8
2025-07-06T16:47:51,3,5,0,8
2025-07-06T17:19:00,3,5,0,8
2025-07-06T17:50:00,3,5,0,8
2025-07-06T18:21:22,3,5,0,8
2025-07-06T18:52:14,3,5,0,8
2025-07-06T19:22:54,3,5,0,8
2025-07-06T19:53:19,3,5,0,8
2025-07-06T20:24:13,3,5,0,8
2025-07-06T20:54:54,3,5,0,8
2025-07-06T21:26:00,3,5,0,8
2025-07-06T21:56:56,3,5,0,8
2025-07-06T22:27:55,3,5,0,8
2025-07-06T22:58:30,3,5,0,8
2025-07-06T23:28:59,3,5,0,8
2025-07-06T23:59:58,3,5,0,8
2025-07-07T00:30:49,3,5,0,8
2025-07-07T01:01:28,3,5,0,8
2025-07-07T01:32:00,3,5,0,8
2025-07-07T02:03:08,3,5,0,8
2025-07-07T02:34:17,3,5,0,8
2025-07-07T03:05:02,3,5,0,8
2025-07-07T03:35:47,3,5,0,8
2025-07-07T04:06:31,3,5,0,8
2025-07-07T04:29:34,3,5,0,8
2025-07-07T05:00:24,3,5,0,8
2025-07-07T05:30:59,3,5,0,8
2025-07-07T06:01:24,3,5,0,8
2025-07-07T06:31:46,3,5,0,8
2025-07-07T07:02:21,3,5,0,8
2025-07-07T07:33:17,3,5,0,8
2025-07-07T08:04:04,3,5,0,8
2025-07-07T08:34:51,3,5,0,8
2025-07-07T09:05:36,3,5,0,8
2025-07-07T09:36:36,3,5,0,8
2025-07-07T10:07:14,3,5,0,8
2025-07-07T10:37:40,3,5,0,8
2025-07-07T11:08:47,3,5,0,8
2025-07-07T11:40:16,3,5,0,8
2025-07-07T12:11:01,3,5,0,8
2025-07-07T12:41:27,3,5,0,8
2025-07-07T13:12:31,3,5,0,8
2025-07-07T13:43:19,3,5,0,8
2025-07-07T14:13:59,3,5,0,8
2025-07-07T14:45:02,3,5,0,8
2025-07-07T15:15:29,3,5,0,8
2025-07-07T15:45:58,3,5,0,8
2025-07-07T16:16:23,3,5,0,8
2025-07-07T16:46:50,3,5,0,8
2025-07-07T17:17:53,3,5,0,8
2025-07-07T17:59:13,3,5,0,8
2025-07-07T18:29:35,3,5,0,8
2025-07-07T19:00:10,3,5,0,8
2025-07-07T19:30:38,3,5,0,8
2025-07-07T20:01:13,3,5,0,8
2025-07-07T20:31:37,3,5,0,8
2025-07-07T21:01:56,3,5,0,8
2025-07-07T21:32:19,3,5,0,8
2025-07-07T22:02:41,3,5,0,8
2025-07-07T22:33:05,3,5,0,8
2025-07-07T23:03:35,3,5,0,8
2025-07-07T23:34:40,3,5,0,8
2025-07-08T00:05:27,3,5,0,8
2025-07-08T00:36:12,3,5,0,8
2025-07-08T01:07:48,3,5,0,8
2025-07-08T01:38:23,3,5,0,8
2025-07-08T02:08:53,3,5,0,8
2025-07-08T02:39:51,3,5,0,8
2025-07-08T03:10:42,3,5,0,8
2025-07-08T03:41:08,3,5,0,8
2025-07-08T04:30:27,3,5,0,8
2025-07-08T05:03:01,3,5,0,8
2025-07-08T05:33:50,3,5,0,8
2025-07-08T06:04:40,3,5,0,8
2025-07-08T06:35:45,3,5,0,8
2025-07-08T07:06:31,3,5,0,8
2025-07-08T07:37:01,3,5,0,8
2025-07-08T08:08:05,3,5,0,8
2025-07-08T08:38:57,3,5,0,8
2025-07-08T09:09:34,3,5,0,8
2025-07-08T09:39:58,3,5,0,8
2025-07-08T10:10:56,3,5,0,8
2025-07-08T10:42:14,3,5,0,8
2025-07-08T11:13:20,3,5,0,8
2025-07-08T11:44:21,3,5,0,8
2025-07-08T12:14:54,3,5,0,8
2025-07-08T12:45:34,3,5,0,8
2025-07-08T13:16:33,3,5,0,8
2025-07-08T13:47:09,3,5,0,8
2025-07-08T14:17:51,3,5,0,8
2025-07-08T14:48:44,3,5,0,8
2025-07-08T15:19:55,3,5,0,8
2025-07-08T15:51:05,3,5,0,8
2025-07-08T16:21:52,3,5,0,8
2025-07-08T16:52:32,3,5,0,8
2025-07-08T17:23:05,3,5,0,8
2025-07-08T17:53:31,3,5,0,8
2025-07-08T18:23:57,3,5,0,8
2025-07-08T18:54:22,3,5,0,8
2025-07-08T19:24:50,3,5,0,8
2025-07-08T19:54:58,3,5,0,8
2025-07-08T20:26:04,3,5,0,8
2025-07-08T20:57:02,3,5,0,8
2025-07-08T21:27:35,3,5,0,8
2025-07-08T21:58:10,3,5,0,8
2025-07-08T22:28:40,3,5,0,8
2025-07-08T22:59:42,3,5,0,8
2025-07-08T23:30:13,3,5,0,8
2025-07-09T00:00:35,3,5,0,8
2025-07-09T00:31:07,3,5,0,8
2025-07-09T01:01:37,3,5,0,8
2025-07-09T01:32:26,3,5,0,8
2025-07-09T02:03:40,3,5,0,8
2025-07-09T02:34:38,3,5,0,8
2025-07-09T03:05:35,3,5,0,8
2025-07-09T03:36:07,3,5,0,8
2025-07-09T04:06:46,3,5,0,8
2025-07-09T04:33:53,3,5,0,8
2025-07-09T05:04:05,3,5,0,8
2025-07-09T05:34:27,3,5,0,8
2025-07-09T06:07:04,3,5,0,8
2025-07-09T06:37:46,3,5,0,8
2025-07-09T07:08:21,3,5,0,8
2025-07-09T07:39:16,3,5,0,8
2025-07-09T08:10:12,3,5,0,8
2025-07-09T08:41:26,3,5,0,8
2025-07-09T09:12:21,3,5,0,8
2025-07-09T09:43:25,3,5,0,8
2025-07-09T10:14:33,3,5,0,8
2025-07-09T10:45:42,3,5,0,8
2025-07-09T11:16:41,3,5,0,8
2025-07-09T11:47:26,3,5,0,8
2025-07-09T12:18:11,3,5,0,8
2025-07-09T12:49:18,3,5,0,8
2025-07-09T13:20:16,3,5,0,8
2025-07-09T13:50:35,3,5,0,8
2025-07-09T14:21:27,3,5,0,8
2025-07-09T14:52:18,3,5,0,8
2025-07-09T15:23:28,3,5,0,8
2025-07-09T15:54:58,3,5,0,8
2025-07-09T16:25:53,3,5,0,8
2025-07-09T16:57:24,3,5,0,8
2025-07-09T17:28:09,3,5,0,8
2025-07-09T17:58:56,3,5,0,8
2025-07-09T18:29:49,3,5,0,8
2025-07-09T19:00:33,3,5,0,8
2025-07-09T19:31:55,3,5,0,8
2025-07-09T20:02:39,3,5,0,8
2025-07-09T20:33:30,3,5,0,8
2025-07-09T21:04:42,3,5,0,8
2025-07-09T21:35:48,3,5,0,8
2025-07-09T22:06:33,3,5,0,8
2025-07-09T22:37:23,3,5,0,8
2025-07-09T23:08:13,3,5,0,8
2025-07-09T23:39:26,3,5,0,8
2025-07-10T00:10:32,3,5,0,8
2025-07-10T00:41:31,3,5,0,8
2025-07-10T01:13:17,3,5,0,8
2025-07-10T01:44:55,3,5,0,8
2025-07-10T02:15:43,3,5,0,8
2025-07-10T02:46:17,3,5,0,8
2025-07-10T03:16:44,3,5,0,8
2025-07-10T03:47:38,3,5,0,8
2025-07-10T04:34:09,3,5,0,8
2025-07-10T05:04:36,3,5,0,8
2025-07-10T05:35:20,3,5,0,8
2025-07-10T06:05:55,3,5,0,8
2025-07-10T06:37:07,3,5,0,8
2025-07-10T07:07:51,3,5,0,8
2025-07-10T07:38:27,3,5,0,8
2025-07-10T08:08:57,3,5,0,8
2025-07-10T08:39:34,3,5,0,8
2025-07-10T09:10:13,3,5,0,8
2025-07-10T09:41:09,3,5,0,8
2025-07-10T10:12:20,3,5,0,8
2025-07-10T10:43:08,3,5,0,8
2025-07-10T11:14:26,3,5,0,8
2025-07-10T11:45:20,3,5,0,8
2025-07-10T12:16:01,3,5,0,8
2025-07-10T12:46:46,3,5,0,8
2025-07-10T13:17:11,3,5,0,8
2025-07-10T13:47:52,3,5,0,8
2025-07-10T14:18:33,3,5,0,8
2025-07-10T14:49:43,3,5,0,8
2025-07-10T15:20:45,3,5,0,8
2025-07-10T15:51:45,3,5,0,8
2025-07-10T16:22:42,3,5,0,8
2025-07-10T16:53:54,3,5,0,8
2025-07-10T17:24:53,3,5,0,8
2025-07-10T17:56:09,3,5,0,8
2025-07-10T18:26:56,3,5,0,8
2025-07-10T18:57:33,3,5,0,8
2025-07-10T19:28:17,3,5,0,8
2025-07-10T19:58:48,3,5,0,8
2025-07-10T20:29:27,3,5,0,8
2025-07-10T20:59:55,3,5,0,8
2025-07-10T21:30:45,3,5,0,8
2025-07-10T22:01:20,3,5,0,8
2025-07-10T22:32:16,3,5,0,8
2025-07-10T23:02:51,3,5,0,8
2025-07-10T23:33:21,3,5,0,8
2025-07-11T00:04:17,3,5,0,8
2025-07-11T00:35:02,3,5,0,8
2025-07-11T01:05:49,3,5,0,8
2025-07-11T01:36:39,3,5,0,8
2025-07-11T02:07:34,3,5,0,8
2025-07-11T02:38:24,3,5,0,8
2025-07-11T03:09:30,3,5,0,8
2025-07-11T03:40:10,3,5,0,8
2025-07-11T04:41:55,3,5,0,8
2025-07-11T05:12:20,3,5,0,8
2025-07-11T05:42:51,3,5,0,8
2025-07-11T06:13:30,3,5,0,8
2025-07-11T06:44:41,3,5,0,8
2025-07-11T07:15:20,3,5,0,8
2025-07-11T07:45:47,3,5,0,8
2025-07-11T08:16:31,3,5,0,8
2025-07-11T08:47:03,3,5,0,8
2025-07-11T09:18:24,3,5,0,8
2025-07-11T09:49:04,3,5,0,8
2025-07-11T10:20:06,3,5,0,8
2025-07-11T10:50:23,3,5,0,8
2025-07-11T11:21:45,3,5,0,8
2025-07-11T11:52:44,3,5,0,8
2025-07-11T12:23:53,3,5,0,8
2025-07-11T12:54:25,3,5,0,8
2025-07-11T13:24:52,3,5,0,8
2025-07-11T13:55:23,3,5,0,8
2025-07-11T14:25:50,3,5,0,8
2025-07-11T14:56:34,3,5,0,8
2025-07-11T15:27:35,3,5,0,8
2025-07-11T15:58:41,3,5,0,8
2025-07-11T16:29:38,3,5,0,8
2025-07-11T17:00:37,3,5,0,8
2025-07-11T17:31:17,3,5,0,8
2025-07-11T18:02:30,3,5,0,8
2025-07-11T18:33:27,3,5,0,8
2025-07-11T19:04:30,3,5,0,8
2025-07-11T19:35:16,3,5,0,8
2025-07-11T20:06:01,3,5,0,8
2025-07-11T20:36:29,3,5,0,8
2025-07-11T21:07:42,3,5,0,8
2025-07-11T21:38:15,3,5,0,8
2025-07-11T22:08:36,3,5,0,8
2025-07-11T22:39:08,3,5,0,8
2025-07-11T23:10:13,3,5,0,8
2025-07-11T23:40:54,3,5,0,8
2025-07-12T00:11:48,3,5,0,8
2025-07-12T00:42:54,3,5,0,8
2025-07-12T01:13:53,3,5,0,8
2025-07-12T01:44:38,3,5,0,8
2025-07-12T02:15:30,3,5,0,8
2025-07-12T02:46:35,3,5,0,8
2025-07-12T03:18:09,3,5,0,8
2025-07-12T03:49:14,3,5,0,8
2025-07-12T04:43:54,3,5,0,8
2025-07-12T05:14:26,3,5,0,8
2025-07-12T05:45:00,3,5,0,8
2025-07-12T06:15:35,3,5,0,8
2025-07-12T06:46:07,3,5,0,8
2025-07-12T07:16:29,3,5,0,8
2025-07-12T07:47:04,3,5,0,8
2025-07-12T08:17:58,3,5,0,8
2025-07-12T08:48:36,3,5,0,8
2025-07-12T09:19:15,3,5,0,8
2025-07-12T09:49:55,3,5,0,8
2025-07-12T10:20:52,3,5,0,8
2025-07-12T10:51:36,3,5,0,8
2025-07-12T11:22:28,3,5,0,8
2025-07-12T11:52:53,3,5,0,8
2025-07-12T12:23:56,3,5,0,8
2025-07-12T12:54:29,3,5,0,8
2025-07-12T13:25:43,3,5,0,8
2025-07-12T13:56:25,3,5,0,8
2025-07-12T14:26:52,3,5,0,8
2025-07-12T14:57:45,3,5,0,8
2025-07-12T15:28:54,3,5,0,8
2025-07-12T15:59:29,3,5,0,8
2025-07-12T16:30:05,3,5,0,8
2025-07-12T17:00:28,3,5,0,8
2025-07-12T17:31:12,3,5,0,8
2025-07-12T18:01:46,3,5,0,8
2025-07-12T18:32:31,3,5,0,8
2025-07-12T19:03:14,3,5,0,8
2025-07-12T19:33:44,3,5,0,8
2025-07-12T20:04:11,3,5,0,8
2025-07-12T20:35:14,3,5,0,8
2025-07-12T21:06:11,3,5,0,8
2025-07-12T21:36:58,3,5,0,8
2025-07-12T22:07:39,3,5,0,8
2025-07-12T22:38:28,3,5,0,8
2025-07-12T23:09:08,3,5,0,8
2025-07-12T23:39:46,3,5,0,8
2025-07-13T00:10:18,3,5,0,8
2025-07-13T00:41:51,3,5,0,8
2025-07-13T01:12:25,3,5,0,8
2025-07-13T01:42:50,3,5,0,8
2025-07-13T02:13:55,3,5,0,8
2025-07-13T02:44:23,3,5,0,8
2025-07-13T03:15:28,3,5,0,8
2025-07-13T03:45:58,3,5,0,8
2025-07-13T04:18:44,3,5,0,8
2025-07-13T04:55:51,3,5,0,8
2025-07-13T05:26:23,3,5,0,8
2025-07-13T05:57:02,3,5,0,8
2025-07-13T06:27:44,3,5,0,8
2025-07-13T06:58:35,3,5,0,8
2025-07-13T07:29:44,3,5,0,8
2025-07-13T08:00:45,3,5,0,8
2025-07-13T08:31:26,3,5,0,8
2025-07-13T09:01:56,3,5,0,8
2025-07-13T09:32:30,3,5,0,8
2025-07-13T10:03:08,3,5,0,8
2025-07-13T10:33:46,3,5,0,8
2025-07-13T11:04:10,3,5,0,8
2025-07-13T11:35:06,3,5,0,8
2025-07-13T12:06:07,3,5,0,8
2025-07-13T12:37:02,3,5,0,8
2025-07-13T13:07:56,3,5,0,8
2025-07-13T13:38:45,3,5,0,8
2025-07-13T14:09:22,3,5,0,8
2025-07-13T14:40:09,3,5,0,8
2025-07-13T15:11:04,3,5,0,8
2025-07-13T15:41:50,3,5,0,8
2025-07-13T16:13:06,3,5,0,8
2025-07-13T16:44:11,3,5,0,8
2025-07-13T17:14:51,3,5,0,8
2025-07-13T17:45:14,3,5,0,8
2025-07-13T18:15:43,3,5,0,8
2025-07-13T18:46:46,3,5,0,8
2025-07-13T19:17:45,3,5,0,8
2025-07-13T19:48:30,3,5,0,8
2025-07-13T20:19:10,3,5,0,8
2025-07-13T20:50:00,3,5,0,8
2025-07-13T21:20:34,3,5,0,8
2025-07-13T21:51:20,3,5,0,8
2025-07-13T22:21:59,3,5,0,8
2025-07-13T22:52:34,3,5,0,8
2025-07-13T23:23:35,3,5,0,8
2025-07-13T23:54:18,3,5,0,8
2025-07-14T00:24:59,3,5,0,8
2025-07-14T00:56:30,3,5,0,8
2025-07-14T01:27:12,3,5,0,8
2025-07-14T01:58:14,3,5,0,8
2025-07-14T02:29:45,3,5,0,8
2025-07-14T03:00:53,3,5,0,8
2025-07-14T03:31:35,3,5,0,8
2025-07-14T04:02:08,3,5,0,8
2025-07-14T04:46:12,3,5,0,8
2025-07-14T05:16:56,3,5,0,8
2025-07-14T05:48:05,3,5,0,8
2025-07-14T06:18:54,3,5,0,8
2025-07-14T06:49:37,3,5,0,8
2025-07-14T07:20:16,3,5,0,8
2025-07-14T07:51:02,3,5,0,8
2025-07-14T08:21:27,3,5,0,8
2025-07-14T08:52:09,3,5,0,8
2025-07-14T09:23:00,3,5,0,8
2025-07-14T09:53:59,3,5,0,8
2025-07-14T10:24:22,3,5,0,8
2025-07-14T10:55:09,3,5,0,8
2025-07-14T11:25:50,3,5,0,8
2025-07-14T11:56:44,3,5,0,8
2025-07-14T12:27:36,3,5,0,8
2025-07-14T12:58:12,3,5,0,8
2025-07-14T13:29:25,3,5,0,8
2025-07-14T14:00:30,3,5,0,8
2025-07-14T14:31:25,3,5,0,8
2025-07-14T15:02:06,3,5,0,8
2025-07-14T15:32:50,3,5,0,8
2025-07-14T16:03:36,3,5,0,8
2025-07-14T16:34:19,3,5,0,8
2025-07-14T17:05:29,3,5,0,8
2025-07-14T17:36:08,3,5,0,8
2025-07-14T18:06:42,3,5,0,8
2025-07-14T18:37:23,3,5,0,8
2025-07-14T19:07:56,3,5,0,8
2025-07-14T19:38:48,3,5,0,8
2025-07-14T20:09:42,3,5,0,8
2025-07-14T20:40:28,3,5,0,8
2025-07-14T21:11:24,3,5,0,8
2025-07-14T21:42:31,3,5,0,8
2025-07-14T22:13:17,3,5,0,8
2025-07-14T22:44:00,3,5,0,8
2025-07-14T23:14:37,3,5,0,8
2025-07-14T23:45:37,3,5,0,8
2025-07-15T00:16:12,3,5,0,8
2025-07-15T00:47:04,3,5,0,8
2025-07-15T01:18:04,3,5,0,8
2025-07-15T01:48:59,3,5,0,8
2025-07-15T02:20:02,3,5,0,8
2025-07-15T02:50:55,3,5,0,8
2025-07-15T03:22:22,3,5,0,8
2025-07-15T03:53:27,3,5,0,8
2025-07-15T04:36:54,3,5,0,8
2025-07-15T05:07:59,3,5,0,8
2025-07-15T05:38:52,3,5,0,8
2025-07-15T06:09:44,3,5,0,8
2025-07-15T06:40:56,3,5,0,8
2025-07-15T07:11:57,3,5,0,8
2025-07-15T07:42:51,3,5,0,8
2025-07-15T08:13:28,3,5,0,8
2025-07-15T08:44:14,3,5,0,8
2025-07-15T09:14:57,3,5,0,8
2025-07-15T09:45:43,3,5,0,8
2025-07-15T10:16:39,3,5,0,8
2025-07-15T10:47:54,3,5,0,8
2025-07-15T11:18:49,3,5,0,8
2025-07-15T11:49:40,3,5,0,8
2025-07-15T12:20:02,3,5,0,8
2025-07-15T12:50:40,3,5,0,8
2025-07-15T13:21:21,3,5,0,8
2025-07-15T13:52:03,3,5,0,8
2025-07-15T14:22:56,3,5,0,8
2025-07-15T14:54:15,3,5,0,8
2025-07-15T15:25:15,3,5,0,8
2025-07-15T15:56:05,3,5,0,8
2025-07-15T16:26:40,3,5,0,8
2025-07-15T16:57:20,3,5,0,8
2025-07-15T17:27:50,3,5,0,8
2025-07-15T17:58:56,3,5,0,8
2025-07-15T19:33:57,3,5,0,8
2025-07-15T20:04:46,3,5,0,8
2025-07-15T20:35:29,3,5,0,8
2025-07-15T21:06:08,3,5,0,8
2025-07-15T21:36:42,3,5,0,8
2025-07-15T22:08:04,3,5,0,8
2025-07-15T22:38:47,3,5,0,8
2025-07-15T23:09:19,3,5,0,8
2025-07-15T23:40:25,3,5,0,8
2025-07-16T00:11:35,3,5,0,8
2025-07-16T00:42:35,3,5,0,8
2025-07-16T01:13:17,3,5,0,8
2025-07-16T01:44:09,3,5,0,8
2025-07-16T02:15:09,3,5,0,8
2025-07-16T02:46:19,3,5,0,8
2025-07-16T03:16:59,3,5,0,8
2025-07-16T03:47:53,3,5,0,8
2025-07-16T04:29:27,3,5,0,8
2025-07-16T05:00:08,3,5,0,8
2025-07-16T05:31:00,3,5,0,8
2025-07-16T06:01:50,3,5,0,8
2025-07-16T06:32:47,3,5,0,8
2025-07-16T07:03:29,3,5,0,8
2025-07-16T07:34:26,3,5,0,8
2025-07-16T08:05:03,3,5,0,8
2025-07-16T08:36:18,3,5,0,8
2025-07-16T09:07:13,3,5,0,8
2025-07-16T09:38:04,3,5,0,8
2025-07-16T10:09:21,3,5,0,8
2025-07-16T10:40:20,3,5,0,8
2025-07-16T11:10:56,3,5,0,8
2025-07-16T11:41:41,3,5,0,8
2025-07-16T12:12:34,3,5,0,8
2025-07-16T12:43:43,3,5,0,8
2025-07-16T13:14:20,3,5,0,8
2025-07-16T13:45:08,3,5,0,8
2025-07-16T14:16:38,3,5,0,8
2025-07-16T14:47:27,3,5,0,8
2025-07-16T15:18:26,3,5,0,8
2025-07-16T15:49:29,3,5,0,8
2025-07-16T16:20:27,3,5,0,8
2025-07-16T16:51:43,3,5,0,8
2025-07-16T17:22:29,3,5,0,8
2025-07-16T17:53:32,3,5,0,8
2025-07-16T18:24:32,3,5,0,8
2025-07-16T18:55:34,3,5,0,8
2025-07-16T19:26:25,3,5,0,8
2025-07-16T19:57:26,3,5,0,8
2025-07-16T20:28:17,3,5,0,8
2025-07-16T20:59:14,3,5,0,8
2025-07-16T21:30:22,3,5,0,8
2025-07-16T22:00:52,3,5,0,8
2025-07-16T22:31:51,3,5,0,8
2025-07-16T23:02:51,3,5,0,8
2025-07-16T23:33:39,3,5,0,8
2025-07-17T00:04:23,3,5,0,8
2025-07-17T00:35:27,3,5,0,8
2025-07-17T01:06:54,3,5,0,8
2025-07-17T01:37:37,3,5,0,8
2025-07-17T02:08:41,3,5,0,8
2025-07-17T02:39:50,3,5,0,8
2025-07-17T03:11:15,3,5,0,8
2025-07-17T03:42:04,3,5,0,8
2025-07-17T04:34:46,3,5,0,8
2025-07-17T05:05:53,3,5,0,8
2025-07-17T05:36:51,3,5,0,8
2025-07-17T06:08:11,3,5,0,8
2025-07-17T06:39:07,3,5,0,8
2025-07-17T07:10:01,3,5,0,8
2025-07-17T07:40:50,3,5,0,8
2025-07-17T08:11:57,3,5,0,8
2025-07-17T08:42:46,3,5,0,8
2025-07-17T09:13:45,3,5,0,8
2025-07-17T09:44:33,3,5,0,8
2025-07-17T10:15:24,3,5,0,8
2025-07-17T10:46:20,3,5,0,8
2025-07-17T11:17:04,3,5,0,8
2025-07-17T11:47:52,3,5,0,8
2025-07-17T12:18:33,3,5,0,8
2025-07-17T12:49:40,3,5,0,8
2025-07-17T13:21:18,3,5,0,8
2025-07-17T13:52:37,3,5,0,8
2025-07-17T14:23:58,3,5,0,8
2025-07-17T14:54:45,3,5,0,8
2025-07-17T15:25:40,3,5,0,8
2025-07-17T15:56:38,3,5,0,8
2025-07-17T16:27:30,3,5,0,8
2025-07-17T16:58:33,3,5,0,8
2025-07-17T17:29:32,3,5,0,8
2025-07-17T18:00:07,3,5,0,8
2025-07-17T18:30:51,3,5,0,8
2025-07-17T19:01:39,3,5,0,8
2025-07-17T19:32:21,3,5,0,8
2025-07-17T20:03:11,3,5,0,8
2025-07-17T20:33:45,3,5,0,8
2025-07-17T21:04:35,3,5,0,8
2025-07-17T21:35:13,3,5,0,8
2025-07-17T22:06:21,3,5,0,8
2025-07-17T22:37:39,3,5,0,8
2025-07-17T23:08:33,3,5,0,8
2025-07-17T23:39:38,3,5,0,8
2025-07-18T00:11:00,3,5,0,8
2025-07-18T00:41:58,3,5,0,8
2025-07-18T01:12:57,3,5,0,8
2025-07-18T01:43:50,3,5,0,8
2025-07-18T02:14:19,3,5,0,8
2025-07-18T02:45:18,3,5,0,8
2025-07-18T03:16:36,3,5,0,8
2025-07-18T03:47:08,3,5,0,8
2025-07-18T04:35:50,3,5,0,8
2025-07-18T05:06:47,3,5,0,8
2025-07-18T05:37:27,3,5,0,8
2025-07-18T06:08:43,3,5,0,8
2025-07-18T06:39:47,3,5,0,8
2025-07-18T07:10:34,3,5,0,8
2025-07-18T07:41:34,3,5,0,8
2025-07-18T08:12:30,3,5,0,8
2025-07-18T08:43:51,3,5,0,8
2025-07-18T09:14:52,3,5,0,8
2025-07-18T09:45:55,3,5,0,8
2025-07-18T10:16:42,3,5,0,8
2025-07-18T10:47:24,3,5,0,8
2025-07-18T11:18:01,3,5,0,8
2025-07-18T11:48:48,3,5,0,8
2025-07-18T12:19:50,3,5,0,8
2025-07-18T12:50:48,3,5,0,8
2025-07-18T13:21:25,3,5,0,8
2025-07-18T13:52:09,3,5,0,8
2025-07-18T14:23:50,3,5,0,8
2025-07-18T14:54:37,3,5,0,8
2025-07-18T15:25:05,3,5,0,8
2025-07-18T15:56:06,3,5,0,8
2025-07-18T16:27:28,3,5,0,8
2025-07-18T16:58:51,3,5,0,8
2025-07-18T17:29:34,3,5,0,8
2025-07-18T18:00:29,3,5,0,8
2025-07-18T18:31:20,3,5,0,8
2025-07-18T19:01:55,3,5,0,8
2025-07-18T19:32:52,3,5,0,8
2025-07-18T20:03:40,3,5,0,8
2025-07-18T20:34:34,3,5,0,8
2025-07-18T21:05:29,3,5,0,8
2025-07-18T21:36:31,3,5,0,8
2025-07-18T22:07:44,3,5,0,8
2025-07-18T22:38:49,3,5,0,8
2025-07-18T23:10:17,3,5,0,8
2025-07-18T23:41:21,3,5,0,8
2025-07-19T00:12:17,3,5,0,8
2025-07-19T00:43:03,3,5,0,8
2025-07-19T01:13:45,3,5,0,8
2025-07-19T01:44:28,3,5,0,8
2025-07-19T02:15:28,3,5,0,8
2025-07-19T02:46:39,3,5,0,8
2025-07-19T03:17:26,3,5,0,8
2025-07-19T03:48:08,3,5,0,8
2025-07-19T04:38:44,3,5,0,8
2025-07-19T05:09:41,3,5,0,8
2025-07-19T05:40:40,3,5,0,8
2025-07-19T06:11:55,3,5,0,8
2025-07-19T06:42:54,3,5,0,8
2025-07-19T07:14:06,3,5,0,8
2025-07-19T07:44:57,3,5,0,8
2025-07-19T08:15:48,3,5,0,8
2025-07-19T08:46:40,3,5,0,8
2025-07-19T09:17:34,3,5,0,8
2025-07-19T09:48:29,3,5,0,8
2025-07-19T10:19:12,3,5,0,8
2025-07-19T10:49:58,3,5,0,8
2025-07-19T11:20:46,3,5,0,8
2025-07-19T11:51:43,3,5,0,8
2025-07-19T12:22:44,3,5,0,8
2025-07-19T12:53:57,3,5,0,8
2025-07-19T13:24:47,3,5,0,8
2025-07-19T13:55:25,3,5,0,8
2025-07-19T14:26:08,3,5,0,8
2025-07-19T14:56:57,3,5,0,8
2025-07-19T15:27:46,3,5,0,8
2025-07-19T15:58:26,3,5,0,8
2025-07-19T16:29:31,3,5,0,8
2025-07-19T17:00:14,3,5,0,8
2025-07-19T17:31:02,3,5,0,8
2025-07-19T18:01:44,3,5,0,8
2025-07-19T18:32:33,3,5,0,8
2025-07-19T19:03:51,3,5,0,8
2025-07-19T19:34:53,3,5,0,8
2025-07-19T20:05:45,3,5,0,8
2025-07-19T20:36:38,3,5,0,8
2025-07-19T21:07:37,3,5,0,8
2025-07-19T21:38:42,3,5,0,8
2025-07-19T22:09:30,3,5,0,8
2025-07-19T22:40:13,3,5,0,8
2025-07-19T23:10:57,3,5,0,8
2025-07-19T23:41:57,3,5,0,8
2025-07-20T00:12:54,3,5,0,8
2025-07-20T01:01:31,3,5,0,8
2025-07-20T01:32:26,3,5,0,8
2025-07-20T02:03:42,3,5,0,8
2025-07-20T02:35:12,3,5,0,8
2025-07-20T03:06:24,3,5,0,8
2025-07-20T03:37:21,3,5,0,8
2025-07-20T04:08:23,3,5,0,8
2025-07-24T15:31:36,3,5,0,8
2025-07-24T16:02:40,3,5,0,8
2025-07-24T16:34:01,3,5,0,8
2025-07-24T17:04:58,3,5,0,8
2025-07-24T17:36:08,3,5,0,8
2025-07-24T18:07:27,3,5,0,8
2025-07-24T18:38:44,3,5,0,8
2025-07-24T19:09:59,3,5,0,8
2025-07-24T19:41:27,3,5,0,8
2025-07-24T20:12:31,3,5,0,8
2025-07-24T20:43:30,3,5,0,8
2025-07-24T21:14:44,3,5,0,8
2025-07-24T21:45:35,3,5,0,8
2025-07-24T22:16:34,3,5,0,8
2025-07-24T22:47:48,3,5,0,8
2025-07-24T23:19:01,3,5,0,8
2025-07-24T23:50:23,3,5,0,8
2025-07-25T00:21:44,3,5,0,8
2025-07-25T00:53:19,3,5,0,8
2025-07-25T01:24:15,3,5,0,8
2025-07-25T01:55:35,3,5,0,8
2025-07-25T02:26:46,3,5,0,8
2025-07-25T02:57:46,3,5,0,8
2025-07-25T03:28:47,3,5,0,8
2025-07-25T03:59:40,3,5,0,8
2025-07-25T04:33:29,3,5,0,8
2025-07-25T05:06:55,3,5,0,8
2025-07-25T05:38:24,3,5,0,8
2025-07-25T06:09:45,3,5,0,8
2025-07-27T23:44:36,3,5,0,8
2025-07-28T00:15:48,3,5,0,8
2025-07-28T00:46:49,3,5,0,8
2025-07-28T01:18:12,3,5,0,8
2025-07-28T01:49:14,3,5,0,8
2025-07-28T02:20:24,3,5,0,8
2025-07-28T02:51:27,3,5,0,8
2025-07-28T03:22:24,3,5,0,8
2025-07-28T03:53:34,3,5,0,8
2025-07-28T04:38:40,3,5,0,8
2025-07-28T05:09:45,3,5,0,8
2025-07-28T05:40:41,3,5,0,8
2025-07-28T06:11:55,3,5,0,8
2025-07-28T06:42:40,3,5,0,8
2025-07-28T07:13:56,3,5,0,8
2025-07-28T07:44:49,3,5,0,8
2025-07-28T08:16:18,3,5,0,8
2025-07-28T08:47:43,3,5,0,8
2025-07-28T09:19:01,3,5,0,8
2025-07-28T09:49:43,3,5,0,8
2025-07-28T10:20:51,3,5,0,8
2025-07-28T10:52:11,3,5,0,8
2025-07-28T11:23:14,3,5,0,8
2025-07-28T11:54:09,3,5,0,8
2025-07-28T12:25:02,3,5,0,8
2025-07-28T12:56:32,3,5,0,8
2025-07-28T13:28:08,3,5,0,8
2025-07-28T13:59:12,3,5,0,8
2025-07-28T14:30:18,3,5,0,8
2025-07-28T15:01:56,3,5,0,8
2025-07-28T15:32:49,3,5,0,8
2025-07-28T16:04:27,3,5,0,8
2025-07-28T16:35:30,3,5,0,8
2025-07-28T17:06:32,3,5,0,8
2025-07-28T17:37:42,3,5,0,8
2025-07-28T18:09:07,3,5,0,8
2025-07-28T18:39:50,3,5,0,8
2025-07-28T19:10:58,3,5,0,8
2025-07-28T19:42:34,3,5,0,8
2025-07-28T20:13:59,3,5,0,8
2025-07-28T20:45:22,3,5,0,8
2025-07-28T21:16:30,3,5,0,8
2025-07-28T21:47:28,3,5,0,8
2025-07-28T22:18:34,3,5,0,8
2025-07-28T22:50:02,3,5,0,8
2025-07-28T23:21:51,3,5,0,8
2025-07-28T23:53:08,3,5,0,8
2025-07-29T00:24:41,3,5,0,8
2025-07-29T00:55:31,3,5,0,8
2025-07-29T01:26:29,3,5,0,8
2025-07-29T01:57:18,3,5,0,8
2025-07-29T02:28:14,3,5,0,8
2025-07-29T02:59:39,3,5,0,8
2025-07-29T03:30:50,3,5,0,8
2025-07-29T04:04:26,3,5,0,8
2025-07-29T04:37:31,3,5,0,8
2025-07-29T05:08:39,3,5,0,8
2025-07-29T05:40:01,3,5,0,8
2025-07-29T06:11:04,3,5,0,8
2025-07-29T06:42:16,3,5,0,8
2025-07-29T07:13:28,3,5,0,8
2025-07-29T07:44:12,3,5,0,8
2025-07-29T08:15:18,3,5,0,8
2025-07-29T08:46:32,3,5,0,8
2025-07-29T09:17:54,3,5,0,8
2025-07-29T09:48:47,3,5,0,8
2025-07-29T10:20:15,3,5,0,8
2025-07-29T10:51:52,3,5,0,8
2025-07-29T11:23:05,3,5,0,8
2025-07-29T11:53:50,3,5,0,8
2025-07-29T12:25:30,3,5,0,8
2025-07-29T12:56:44,3,5,0,8
2025-07-29T13:27:43,3,5,0,8
2025-07-29T13:58:57,3,5,0,8
2025-07-29T14:30:23,3,5,0,8
2025-07-29T15:01:57,3,5,0,8
2025-07-29T15:33:07,3,5,0,8
2025-07-29T16:04:10,3,5,0,8
2025-07-29T16:35:25,3,5,0,8
2025-07-29T17:07:02,3,5,0,8
2025-07-29T17:37:45,3,5,0,8
2025-07-29T18:09:06,3,5,0,8
2025-07-29T18:40:44,3,5,0,8
2025-07-29T19:12:00,3,5,0,8
2025-07-29T19:42:51,3,5,0,8
2025-07-29T20:14:41,3,5,0,8
2025-07-29T20:46:15,3,5,0,8
2025-07-29T21:16:58,3,5,0,8
2025-07-29T21:47:39,3,5,0,8
2025-07-29T22:19:22,3,5,0,8
2025-07-29T22:50:23,3,5,0,8
2025-07-29T23:21:32,3,5,0,8
2025-07-29T23:52:58,3,5,0,8
2025-07-30T00:24:22,3,5,0,8
2025-07-30T00:55:42,3,5,0,8
2025-07-30T01:27:03,3,5,0,8
2025-07-30T01:58:22,3,5,0,8
2025-07-30T02:29:51,3,5,0,8
2025-07-30T03:01:23,3,5,0,8
2025-07-30T03:32:23,3,5,0,8
2025-07-30T04:03:40,3,5,0,8
2025-07-30T04:30:01,3,5,0,8
2025-07-30T05:01:26,3,5,0,8
2025-07-30T05:32:27,3,5,0,8
2025-07-30T06:04:04,3,5,0,8
2025-07-30T06:34:54,3,5,0,8
2025-07-30T07:05:56,3,5,0,8
2025-07-30T07:37:02,3,5,0,8
2025-07-30T08:08:06,3,5,0,8
2025-07-30T08:39:26,3,5,0,8
2025-07-30T09:10:27,3,5,0,8
2025-07-30T09:41:33,3,5,0,8
2025-07-30T10:44:13,3,5,0,8
2025-07-30T11:15:37,3,5,0,8
2025-07-30T11:46:38,3,5,0,8
2025-07-30T12:17:39,3,5,0,8
2025-07-30T12:48:41,3,5,0,8
2025-07-30T13:19:49,3,5,0,8
2025-07-30T13:51:08,3,5,0,8
2025-07-30T14:21:52,3,5,0,8
2025-07-30T14:53:15,3,5,0,8
2025-07-30T15:24:58,3,5,0,8
2025-07-30T15:56:04,3,5,0,8
2025-07-30T16:27:02,3,5,0,8
2025-07-30T16:58:37,3,5,0,8
2025-07-30T17:30:05,3,5,0,8
2025-07-30T18:01:05,3,5,0,8
2025-07-30T18:32:14,3,5,0,8
2025-07-30T19:03:59,3,5,0,8
2025-07-30T19:35:15,3,5,0,8
2025-07-30T20:06:13,3,5,0,8
2025-07-30T20:37:30,3,5,0,8
2025-07-30T21:09:04,3,5,0,8
2025-07-30T21:40:01,3,5,0,8
2025-07-30T22:11:16,3,5,0,8
2025-07-30T22:42:53,3,5,0,8
2025-07-30T23:14:02,3,5,0,8
2025-07-30T23:45:10,3,5,0,8
2025-07-31T00:16:17,3,5,0,8
2025-07-31T00:47:32,3,5,0,8
2025-07-31T01:18:57,3,5,0,8
2025-07-31T01:50:18,3,5,0,8
2025-07-31T02:21:36,3,5,0,8
2025-07-31T02:52:23,3,5,0,8
2025-07-31T03:23:26,3,5,0,8
2025-07-31T03:54:44,3,5,0,8
2025-07-31T04:37:39,3,5,0,8
2025-07-31T05:09:02,3,5,0,8
2025-07-31T05:39:58,3,5,0,8
2025-07-31T06:11:18,3,5,0,8
2025-07-31T06:42:22,3,5,0,8
2025-07-31T07:13:20,3,5,0,8
2025-07-31T07:44:13,3,5,0,8
2025-07-31T08:15:41,3,5,0,8
2025-07-31T08:47:02,3,5,0,8
2025-07-31T09:18:24,3,5,0,8
2025-07-31T09:49:21,3,5,0,8
2025-07-31T10:20:24,3,5,0,8
2025-07-31T10:51:48,3,5,0,8
2025-07-31T11:23:33,3,5,0,8
2025-07-31T11:54:47,3,5,0,8
2025-07-31T12:26:08,3,5,0,8
2025-07-31T12:57:20,3,5,0,8
2025-07-31T13:28:15,3,5,0,8
2025-07-31T13:59:44,3,5,0,8
2025-07-31T14:31:21,3,5,0,8
2025-07-31T15:02:23,3,5,0,8
2025-07-31T15:33:33,3,5,0,8
2025-07-31T16:04:37,3,5,0,8
2025-07-31T16:35:51,3,5,0,8
2025-07-31T17:07:15,3,5,0,8
2025-07-31T17:38:33,3,5,0,8
2025-07-31T18:09:56,3,5,0,8
2025-07-31T18:40:52,3,5,0,8
2025-07-31T19:11:56,3,5,0,8
2025-07-31T19:42:57,3,5,0,8
2025-07-31T20:14:46,3,5,0,8
2025-07-31T20:46:01,3,5,0,8
2025-07-31T21:17:20,3,5,0,8
2025-07-31T21:48:20,3,5,0,8
2025-07-31T22:19:17,3,5,0,8
2025-07-31T22:50:28,3,5,0,8
2025-07-31T23:21:35,3,5,0,8
2025-07-31T23:52:50,3,5,0,8
2025-08-01T00:24:21,3,5,0,8
2025-08-01T00:55:35,3,5,0,8
2025-08-01T01:26:46,3,5,0,8
2025-08-01T01:58:20,3,5,0,8
2025-08-01T02:29:18,3,5,0,8
2025-08-01T03:00:41,3,5,0,8
2025-08-01T03:32:13,3,5,0,8
2025-08-01T04:03:27,3,5,0,8
2025-08-01T04:36:09,3,5,0,8
2025-08-01T05:08:57,3,5,0,8
2025-08-01T05:40:12,3,5,0,8
2025-08-01T06:11:55,3,5,0,8
2025-08-01T06:43:35,3,5,0,8
2025-08-01T07:15:04,3,5,0,8
2025-08-01T07:46:28,3,5,0,8
2025-08-01T08:17:43,3,5,0,8
2025-08-01T08:48:48,3,5,0,8
2025-08-01T09:19:55,3,5,0,8
2025-08-01T09:51:05,3,5,0,8
2025-08-01T10:22:35,3,5,0,8
2025-08-01T10:54:16,3,5,0,8
2025-08-01T11:25:54,3,5,0,8
2025-08-01T11:57:24,3,5,0,8
2025-08-01T12:29:10,3,5,0,8
2025-08-01T13:00:37,3,5,0,8
2025-08-01T13:31:51,3,5,0,8
2025-08-01T14:03:34,3,5,0,8
2025-08-01T14:35:05,3,5,0,8
2025-08-01T15:06:11,3,5,0,8
2025-08-01T15:37:48,3,5,0,8
2025-08-01T16:08:58,3,5,0,8
2025-08-01T16:39:59,3,5,0,8
2025-08-01T17:11:15,3,5,0,8
2025-08-01T17:42:36,3,5,0,8
2025-08-01T18:13:55,3,5,0,8
2025-08-01T18:45:04,3,5,0,8
2025-08-01T19:16:50,3,5,0,8
2025-08-01T19:48:33,3,5,0,8
2025-08-01T20:19:35,3,5,0,8
2025-08-01T20:50:50,3,5,0,8
2025-08-01T21:21:57,3,5,0,8
2025-08-01T21:53:17,3,5,0,8
2025-08-01T22:24:25,3,5,0,8
2025-08-01T22:55:14,3,5,0,8
2025-08-01T23:26:06,3,5,0,8
2025-08-01T23:57:03,3,5,0,8
2025-08-02T00:28:18,3,5,0,8
2025-08-02T00:59:38,3,5,0,8
2025-08-02T01:30:47,3,5,0,8
2025-08-02T02:02:16,3,5,0,8
2025-08-02T02:33:31,3,5,0,8
2025-08-02T03:05:17,3,5,0,8
2025-08-02T03:37:00,3,5,0,8
2025-08-02T04:08:02,3,5,0,8
2025-08-02T04:35:06,3,5,0,8
2025-08-02T05:06:25,3,5,0,8
2025-08-02T05:38:17,3,5,0,8
2025-08-02T06:09:13,3,5,0,8
2025-08-02T06:40:05,3,5,0,8
2025-08-02T07:11:08,3,5,0,8
2025-08-02T07:41:59,3,5,0,8
2025-08-02T08:13:19,3,5,0,8
2025-08-02T08:44:30,3,5,0,8
2025-08-02T09:15:29,3,5,0,8
2025-08-02T09:46:46,3,5,0,8
2025-08-02T10:17:56,3,5,0,8
2025-08-02T10:49:36,3,5,0,8
2025-08-02T11:20:42,3,5,0,8
2025-08-02T11:51:36,3,5,0,8
2025-08-02T12:22:49,3,5,0,8
2025-08-02T12:54:24,3,5,0,8
2025-08-02T13:25:25,3,5,0,8
2025-08-02T13:56:41,3,5,0,8
2025-08-02T14:28:01,3,5,0,8
2025-08-02T14:59:01,3,5,0,8
2025-08-02T15:29:54,3,5,0,8
2025-08-02T16:00:51,3,5,0,8
2025-08-02T16:32:26,3,5,0,8
2025-08-02T17:03:41,3,5,0,8
2025-08-02T17:34:47,3,5,0,8
2025-08-02T18:05:52,3,5,0,8
2025-08-02T18:37:21,3,5,0,8
2025-08-02T19:08:29,3,5,0,8
2025-08-02T19:39:52,3,5,0,8
2025-08-02T20:10:50,3,5,0,8
2025-08-02T20:42:14,3,5,0,8
2025-08-02T21:13:04,3,5,0,8
2025-08-02T21:44:20,3,5,0,8
2025-08-02T22:15:42,3,5,0,8
2025-08-02T22:47:06,3,5,0,8
2025-08-02T23:18:13,3,5,0,8
2025-08-02T23:49:31,3,5,0,8
2025-08-03T00:21:02,3,5,0,8
2025-08-03T00:52:53,3,5,0,8
2025-08-03T01:25:15,3,5,0,8
2025-08-03T01:57:07,3,5,0,8
2025-08-03T02:28:22,3,5,0,8
2025-08-03T02:59:40,3,5,0,8
2025-08-03T03:31:13,3,5,0,8
2025-08-03T04:02:16,3,5,0,8
2025-08-03T04:32:47,3,5,0,8
2025-08-03T05:03:40,3,5,0,8
2025-08-03T05:34:54,3,5,0,8
2025-08-03T06:06:04,3,5,0,8
2025-08-03T06:37:28,3,5,0,8
2025-08-03T07:09:16,3,5,0,8
2025-08-03T07:40:21,3,5,0,8
2025-08-03T08:11:39,3,5,0,8
2025-08-03T08:42:38,3,5,0,8
2025-08-03T09:13:48,3,5,0,8
2025-08-03T09:44:58,3,5,0,8
2025-08-03T10:15:56,3,5,0,8
2025-08-03T10:47:09,3,5,0,8
2025-08-03T11:18:20,3,5,0,8
2025-08-03T11:49:25,3,5,0,8
2025-08-03T12:20:33,3,5,0,8
2025-08-03T12:51:26,3,5,0,8
2025-08-03T13:22:43,3,5,0,8
2025-08-03T13:53:58,3,5,0,8
2025-08-03T14:24:50,3,5,0,8
2025-08-03T14:55:42,3,5,0,8
2025-08-03T15:26:49,3,5,0,8
2025-08-03T15:57:54,3,5,0,8
2025-08-03T16:29:02,3,5,0,8
2025-08-03T17:00:23,3,5,0,8
2025-08-03T17:31:21,3,5,0,8
2025-08-03T18:02:36,3,5,0,8
2025-08-03T18:33:40,3,5,0,8
2025-08-03T19:04:40,3,5,0,8
2025-08-03T19:35:26,3,5,0,8
2025-08-03T20:06:24,3,5,0,8
2025-08-03T20:37:38,3,5,0,8
2025-08-03T21:08:56,3,5,0,8
2025-08-03T21:40:07,3,5,0,8
2025-08-03T22:11:22,3,5,0,8
2025-08-03T22:42:36,3,5,0,8
2025-08-03T23:13:39,3,5,0,8
2025-08-03T23:44:48,3,5,0,8
2025-08-04T00:16:10,3,5,0,8
2025-08-04T00:47:15,3,5,0,8
2025-08-04T01:18:28,3,5,0,8
2025-08-04T01:49:40,3,5,0,8
2025-08-04T02:20:56,3,5,0,8
2025-08-04T02:52:14,3,5,0,8
2025-08-04T03:23:39,3,5,0,8
2025-08-04T03:54:47,3,5,0,8
2025-08-04T04:33:39,3,5,0,8
2025-08-04T05:05:04,3,5,0,8
2025-08-04T05:36:32,3,5,0,8
2025-08-04T06:07:47,3,5,0,8
2025-08-04T06:38:58,3,5,0,8
2025-08-04T07:09:51,3,5,0,8
2025-08-04T07:40:38,3,5,0,8
2025-08-04T08:11:31,3,5,0,8
2025-08-04T08:42:23,3,5,0,8
2025-08-04T09:13:43,3,5,0,8
2025-08-04T09:44:56,3,5,0,8
2025-08-04T10:16:23,3,5,0,8
2025-08-04T10:47:34,3,5,0,8
2025-08-04T11:18:44,3,5,0,8
2025-08-04T11:50:13,3,5,0,8
2025-08-04T12:21:28,3,5,0,8
2025-08-04T12:53:12,3,5,0,8
2025-08-04T13:24:15,3,5,0,8
2025-08-04T13:55:41,3,5,0,8
2025-08-04T14:26:52,3,5,0,8
2025-08-04T14:58:27,3,5,0,8
2025-08-04T15:29:39,3,5,0,8
2025-08-04T16:01:12,3,5,0,8
2025-08-04T16:32:34,3,5,0,8
2025-08-04T17:04:17,3,5,0,8
2025-08-04T17:35:28,3,5,0,8
2025-08-04T18:06:25,3,5,0,8
2025-08-04T18:37:31,3,5,0,8
2025-08-04T19:08:52,3,5,0,8
2025-08-04T19:40:07,3,5,0,8
2025-08-04T20:10:57,3,5,0,8
2025-08-04T20:42:23,3,5,0,8
2025-08-04T21:13:33,3,5,0,8
2025-08-04T21:44:45,3,5,0,8
2025-08-04T22:15:59,3,5,0,8
2025-08-04T22:47:15,3,5,0,8
2025-08-04T23:18:39,3,5,0,8
2025-08-04T23:49:58,3,5,0,8
2025-08-05T00:21:08,3,5,0,8
2025-08-05T00:52:15,3,5,0,8
2025-08-05T01:23:09,3,5,0,8
2025-08-05T01:54:48,3,5,0,8
2025-08-05T02:26:07,3,5,0,8
2025-08-05T02:57:15,3,5,0,8
2025-08-05T03:28:48,3,5,0,8
2025-08-05T04:00:17,3,5,0,8
2025-08-05T04:31:46,3,5,0,8
2025-08-05T05:03:33,3,5,0,8
2025-08-05T05:35:12,3,5,0,8
2025-08-05T06:06:20,3,5,0,8
2025-08-05T06:37:32,3,5,0,8
2025-08-05T07:08:23,3,5,0,8
2025-08-05T07:39:34,3,5,0,8
2025-08-05T08:11:08,3,5,0,8
2025-08-05T08:42:23,3,5,0,8
2025-08-05T09:13:39,3,5,0,8
2025-08-05T09:44:35,3,5,0,8
2025-08-05T10:15:48,3,5,0,8
2025-08-05T10:47:39,3,5,0,8
2025-08-05T11:19:20,3,5,0,8
2025-08-05T11:51:11,3,5,0,8
2025-08-05T12:22:45,3,5,0,8
2025-08-05T12:53:54,3,5,0,8
2025-08-05T13:25:22,3,5,0,8
2025-08-05T13:56:33,3,5,0,8
2025-08-05T14:27:53,3,5,0,8
2025-08-05T14:58:57,3,5,0,8
2025-08-05T15:30:16,3,5,0,8
2025-08-05T16:02:02,3,5,0,8
2025-08-05T16:32:56,3,5,0,8
2025-08-05T17:04:13,3,5,0,8
2025-08-05T17:35:33,3,5,0,8
2025-08-05T18:06:58,3,5,0,8
2025-08-05T18:38:16,3,5,0,8
2025-08-05T19:09:20,3,5,0,8
2025-08-05T19:40:51,3,5,0,8
2025-08-05T20:12:05,3,5,0,8
2025-08-05T20:43:45,3,5,0,8
2025-08-05T21:15:10,3,5,0,8
2025-08-05T21:46:31,3,5,0,8
2025-08-05T22:17:49,3,5,0,8
2025-08-05T22:48:59,3,5,0,8
2025-08-05T23:20:20,3,5,0,8
2025-08-05T23:51:52,3,5,0,8
2025-08-06T00:23:12,3,5,0,8
2025-08-06T00:54:45,3,5,0,8
2025-08-06T01:26:05,3,5,0,8
2025-08-06T01:58:06,3,5,0,8
2025-08-06T02:29:22,3,5,0,8
2025-08-06T03:00:50,3,5,0,8
2025-08-06T03:31:58,3,5,0,8
2025-08-06T04:03:30,3,5,0,8
2025-08-06T04:37:34,3,5,0,8
2025-08-06T05:08:33,3,5,0,8
2025-08-06T05:42:00,3,5,0,8
2025-08-06T06:13:16,3,5,0,8
2025-08-06T06:44:24,3,5,0,8
2025-08-06T07:15:55,3,5,0,8
2025-08-06T08:09:39,3,5,0,8
2025-08-06T08:40:41,3,5,0,8
2025-08-06T09:12:16,3,5,0,8
2025-08-06T09:43:39,3,5,0,8
2025-08-06T10:15:15,3,5,0,8
2025-08-06T10:46:29,3,5,0,8
2025-08-06T11:18:10,3,5,0,8
2025-08-06T11:49:27,3,5,0,8
2025-08-06T12:20:20,3,5,0,8
2025-08-06T12:51:35,3,5,0,8
2025-08-06T13:22:47,3,5,0,8
2025-08-06T13:54:20,3,5,0,8
2025-08-06T14:25:55,3,5,0,8
2025-08-06T14:57:10,3,5,0,8
2025-08-06T15:28:11,3,5,0,8
2025-08-06T15:59:13,3,5,0,8
2025-08-06T16:31:00,3,5,0,8
2025-08-06T17:02:14,3,5,0,8
2025-08-06T17:33:00,3,5,0,8
2025-08-06T18:04:56,3,5,0,8
2025-08-06T18:36:19,3,5,0,8
2025-08-06T19:07:55,3,5,0,8
2025-08-06T19:39:03,3,5,0,8
2025-08-06T20:10:20,3,5,0,8
2025-08-06T20:42:02,3,5,0,8
2025-08-06T21:13:25,3,5,0,8
2025-08-06T21:44:16,3,5,0,8
2025-08-06T22:15:51,3,5,0,8
2025-08-06T22:47:15,3,5,0,8
2025-08-06T23:18:29,3,5,0,8
2025-08-06T23:49:19,3,5,0,8
2025-08-07T00:20:54,3,5,0,8
2025-08-07T00:52:15,3,5,0,8
2025-08-07T01:23:33,3,5,0,8
2025-08-07T01:54:38,3,5,0,8
2025-08-07T02:26:13,3,5,0,8
2025-08-07T02:58:11,3,5,0,8
2025-08-07T03:29:18,3,5,0,8
2025-08-07T04:00:36,3,5,0,8
2025-08-07T04:36:08,3,5,0,8
2025-08-07T05:07:32,3,5,0,8
2025-08-07T05:38:41,3,5,0,8
2025-08-07T06:09:43,3,5,0,8
2025-08-07T06:40:43,3,5,0,8
2025-08-07T07:12:14,3,5,0,8
2025-08-07T07:43:34,3,5,0,8
2025-08-07T08:14:37,3,5,0,8
2025-08-07T08:45:34,3,5,0,8
2025-08-07T09:16:39,3,5,0,8
2025-08-07T09:47:34,3,5,0,8
2025-08-07T10:19:02,3,5,0,8
2025-08-07T10:49:53,3,5,0,8
2025-08-07T11:20:51,3,5,0,8
2025-08-07T11:51:56,3,5,0,8
2025-08-07T12:23:23,3,5,0,8
2025-08-07T12:54:54,3,5,0,8
2025-08-07T13:25:50,3,5,0,8
2025-08-07T13:56:53,3,5,0,8
2025-08-07T14:28:06,3,5,0,8
2025-08-07T14:59:45,3,5,0,8
2025-08-07T15:31:07,3,5,0,8
2025-08-07T16:02:38,3,5,0,8
2025-08-07T16:33:47,3,5,0,8
2025-08-07T17:04:50,3,5,0,8
2025-08-07T17:35:58,3,5,0,8
2025-08-07T18:07:21,3,5,0,8
2025-08-07T18:38:29,3,5,0,8
2025-08-07T19:09:48,3,5,0,8
2025-08-07T19:40:50,3,5,0,8
2025-08-07T20:12:18,3,5,0,8
2025-08-07T20:43:33,3,5,0,8
2025-08-07T21:15:00,3,5,0,8
2025-08-07T21:46:34,3,5,0,8
2025-08-07T22:17:46,3,5,0,8
2025-08-07T22:48:58,3,5,0,8
2025-08-07T23:21:12,3,5,0,8
2025-08-07T23:52:19,3,5,0,8
2025-08-08T00:25:50,3,5,0,8
2025-08-08T00:58:05,3,5,0,8
2025-08-08T01:30:03,3,5,0,8
2025-08-08T02:01:19,3,5,0,8
2025-08-08T02:33:11,3,5,0,8
2025-08-08T03:04:07,3,5,0,8
2025-08-08T03:35:43,3,5,0,8
2025-08-08T11:38:30,3,5,0,8
2025-08-08T12:09:51,3,5,0,8
2025-08-08T12:41:12,3,5,0,8
2025-08-08T13:12:40,3,5,0,8
2025-08-08T13:43:52,3,5,0,8
2025-08-08T14:14:54,3,5,0,8
2025-08-08T14:46:07,3,5,0,8
2025-08-08T15:17:27,3,5,0,8
2025-08-08T15:48:45,3,5,0,8
2025-08-08T16:19:39,3,5,0,8
2025-08-08T16:51:02,3,5,0,8
2025-08-08T17:22:42,3,5,0,8
2025-08-08T17:53:48,3,5,0,8
2025-08-08T18:24:34,3,5,0,8
2025-08-08T18:55:51,3,5,0,8
2025-08-08T19:27:12,3,5,0,8
2025-08-08T19:58:37,3,5,0,8
2025-08-08T20:29:57,3,5,0,8
2025-08-08T21:01:15,3,5,0,8
2025-08-08T21:32:33,3,5,0,8
2025-08-08T22:03:26,3,5,0,8
2025-08-08T22:34:57,3,5,0,8
2025-08-08T23:06:04,3,5,0,8
2025-08-08T23:37:17,3,5,0,8
2025-08-09T00:08:18,3,5,0,8
2025-08-09T00:40:12,3,5,0,8
2025-08-09T01:11:33,3,5,0,8
2025-08-09T01:43:09,3,5,0,8
2025-08-09T02:14:46,3,5,0,8
2025-08-09T02:45:56,3,5,0,8
2025-08-09T03:17:23,3,5,0,8
2025-08-09T03:48:34,3,5,0,8
2025-08-09T04:35:51,3,5,0,8
2025-08-09T05:07:40,3,5,0,8
2025-08-09T05:39:17,3,5,0,8
2025-08-09T06:10:54,3,5,0,8
2025-08-09T06:42:16,3,5,0,8
2025-08-09T07:13:14,3,5,0,8
2025-08-09T07:44:14,3,5,0,8
2025-08-09T08:15:23,3,5,0,8
2025-08-09T08:46:45,3,5,0,8
2025-08-09T09:17:59,3,5,0,8
2025-08-09T09:49:16,3,5,0,8
2025-08-09T10:20:30,3,5,0,8
2025-08-09T10:51:41,3,5,0,8
2025-08-09T11:22:28,3,5,0,8
2025-08-09T11:53:19,3,5,0,8
2025-08-09T12:24:15,3,5,0,8
2025-08-09T12:55:17,3,5,0,8
2025-08-09T13:26:27,3,5,0,8
2025-08-09T13:57:41,3,5,0,8
2025-08-09T14:29:19,3,5,0,8
2025-08-09T15:00:46,3,5,0,8
2025-08-09T15:31:36,3,5,0,8
2025-08-09T16:02:30,3,5,0,8
2025-08-09T16:33:36,3,5,0,8
2025-08-09T17:04:41,3,5,0,8
2025-08-09T17:36:19,3,5,0,8
2025-08-09T18:07:35,3,5,0,8
2025-08-09T18:38:38,3,5,0,8
2025-08-09T19:09:46,3,5,0,8
2025-08-09T19:41:13,3,5,0,8
2025-08-09T20:12:28,3,5,0,8
2025-08-09T20:43:31,3,5,0,8
2025-08-09T21:14:44,3,5,0,8
2025-08-09T21:46:16,3,5,0,8
2025-08-09T22:17:31,3,5,0,8
2025-08-09T22:48:41,3,5,0,8
2025-08-09T23:20:01,3,5,0,8
2025-08-09T23:51:26,3,5,0,8
2025-08-10T00:22:52,3,5,0,8
2025-08-10T00:54:06,3,5,0,8
2025-08-10T01:25:24,3,5,0,8
2025-08-10T01:56:17,3,5,0,8
2025-08-10T02:27:31,3,5,0,8
2025-08-10T02:59:01,3,5,0,8
2025-08-10T03:30:36,3,5,0,8
2025-08-10T04:01:50,3,5,0,8
2025-08-10T04:43:20,3,5,0,8
2025-08-10T05:14:40,3,5,0,8
2025-08-10T05:45:54,3,5,0,8
2025-08-10T06:17:10,3,5,0,8
2025-08-10T06:48:30,3,5,0,8
2025-08-10T07:19:36,3,5,0,8
2025-08-10T07:50:49,3,5,0,8
2025-08-10T08:22:20,3,5,0,8
2025-08-10T08:53:27,3,5,0,8
2025-08-10T09:24:49,3,5,0,8
2025-08-10T09:55:45,3,5,0,8
2025-08-10T10:26:49,3,5,0,8
2025-08-10T10:58:31,3,5,0,8
2025-08-10T11:29:50,3,5,0,8
2025-08-10T12:00:55,3,5,0,8
2025-08-10T12:32:06,3,5,0,8
2025-08-10T13:03:08,3,5,0,8
2025-08-10T13:34:35,3,5,0,8
2025-08-10T14:05:49,3,5,0,8
2025-08-10T14:36:46,3,5,0,8
2025-08-10T15:07:53,3,5,0,8
2025-08-10T15:38:54,3,5,0,8
2025-08-10T16:10:07,3,5,0,8
2025-08-10T16:41:23,3,5,0,8
2025-08-10T17:12:38,3,5,0,8
2025-08-10T17:44:30,3,5,0,8
2025-08-10T18:15:34,3,5,0,8
2025-08-10T18:46:41,3,5,0,8
2025-08-10T19:17:40,3,5,0,8
2025-08-10T19:48:55,3,5,0,8
2025-08-10T20:20:02,3,5,0,8
2025-08-10T20:51:13,3,5,0,8
2025-08-10T21:22:14,3,5,0,8
2025-08-10T21:53:43,3,5,0,8
2025-08-10T22:25:13,3,5,0,8
2025-08-10T22:56:49,3,5,0,8
2025-08-10T23:27:44,3,5,0,8
2025-08-10T23:59:01,3,5,0,8
2025-08-11T00:30:08,3,5,0,8
2025-08-11T01:01:37,3,5,0,8
2025-08-11T01:32:51,3,5,0,8
2025-08-11T02:03:47,3,5,0,8
2025-08-11T02:34:59,3,5,0,8
2025-08-11T03:05:56,3,5,0,8
2025-08-11T03:37:40,3,5,0,8
2025-08-11T04:29:55,3,5,0,8
2025-08-11T05:02:43,3,5,0,8
2025-08-11T05:34:35,3,5,0,8
2025-08-11T06:06:00,3,5,0,8
2025-08-11T06:37:00,3,5,0,8
2025-08-11T07:08:04,3,5,0,8
2025-08-11T07:39:26,3,5,0,8
2025-08-11T08:10:41,3,5,0,8
2025-08-11T08:41:44,3,5,0,8
2025-08-11T09:12:59,3,5,0,8
2025-08-11T09:43:57,3,5,0,8
2025-08-11T10:15:14,3,5,0,8
2025-08-11T10:46:42,3,5,0,8
2025-08-11T11:17:43,3,5,0,8
2025-08-11T11:48:57,3,5,0,8
2025-08-11T12:20:11,3,5,0,8
2025-08-11T12:51:14,3,5,0,8
2025-08-11T13:22:43,3,5,0,8
2025-08-11T13:54:15,3,5,0,8
2025-08-11T14:25:27,3,5,0,8
2025-08-11T14:57:08,3,5,0,8
2025-08-11T15:28:14,3,5,0,8
2025-08-11T15:59:27,3,5,0,8
2025-08-11T16:30:37,3,5,0,8
2025-08-11T17:01:28,3,5,0,8
2025-08-11T17:32:40,3,5,0,8
2025-08-11T18:03:24,3,5,0,8
2025-08-11T18:34:34,3,5,0,8
2025-08-11T19:06:10,3,5,0,8
2025-08-11T19:37:27,3,5,0,8
2025-08-11T20:08:49,3,5,0,8
2025-08-11T20:39:40,3,5,0,8
2025-08-11T21:11:17,3,5,0,8
2025-08-11T21:42:52,3,5,0,8
2025-08-11T22:14:30,3,5,0,8
2025-08-11T22:45:45,3,5,0,8
2025-08-11T23:16:48,3,5,0,8
2025-08-11T23:47:53,3,5,0,8
2025-08-12T00:19:19,3,5,0,8
2025-08-12T00:51:33,3,5,0,8
2025-08-12T01:23:16,3,5,0,8
2025-08-12T01:54:55,3,5,0,8
2025-08-12T02:26:46,3,5,0,8
2025-08-12T02:58:15,3,5,0,8
2025-08-12T03:29:30,3,5,0,8
2025-08-12T04:00:39,3,5,0,8
2025-08-12T04:29:54,3,5,0,8
2025-08-12T05:01:01,3,5,0,8
2025-08-12T05:32:35,3,5,0,8
2025-08-12T06:04:00,3,5,0,8
2025-08-12T06:35:11,3,5,0,8
2025-08-12T07:06:21,3,5,0,8
2025-08-12T07:37:37,3,5,0,8
2025-08-12T08:08:47,3,5,0,8
2025-08-12T08:39:44,3,5,0,8
2025-08-12T09:10:57,3,5,0,8
2025-08-12T09:42:19,3,5,0,8
2025-08-12T10:13:29,3,5,0,8
2025-08-12T10:45:08,3,5,0,8
2025-08-12T11:16:33,3,5,0,8
2025-08-12T11:47:58,3,5,0,8
2025-08-12T12:19:21,3,5,0,8
2025-08-12T12:50:11,3,5,0,8
2025-08-12T13:21:31,3,5,0,8
2025-08-12T13:52:49,3,5,0,8
2025-08-12T14:24:11,3,5,0,8
2025-08-12T14:55:44,3,5,0,8
2025-08-12T15:26:34,3,5,0,8
2025-08-12T15:57:31,3,5,0,8
2025-08-12T16:28:37,3,5,0,8
2025-08-12T16:59:34,3,5,0,8
2025-08-12T17:30:33,3,5,0,8
2025-08-12T18:01:41,3,5,0,8
2025-08-12T18:32:28,3,5,0,8
2025-08-12T19:03:18,3,5,0,8
2025-08-12T19:34:52,3,5,0,8
2025-08-12T20:06:03,3,5,0,8
2025-08-12T20:37:04,3,5,0,8
2025-08-12T21:08:38,3,5,0,8
2025-08-12T21:39:49,3,5,0,8
2025-08-12T22:11:08,3,5,0,8
2025-08-12T22:42:35,3,5,0,8
2025-08-12T23:14:00,3,5,0,8
2025-08-12T23:45:36,3,5,0,8
2025-08-13T00:16:47,3,5,0,8
2025-08-13T00:47:48,3,5,0,8
2025-08-13T01:18:51,3,5,0,8
2025-08-13T01:50:18,3,5,0,8
2025-08-13T02:21:35,3,5,0,8
2025-08-13T02:52:46,3,5,0,8
2025-08-13T03:24:28,3,5,0,8
2025-08-13T03:55:31,3,5,0,8
2025-08-13T04:36:34,3,5,0,8
2025-08-13T05:07:49,3,5,0,8
2025-08-13T05:39:24,3,5,0,8
2025-08-13T06:10:13,3,5,0,8
2025-08-13T06:41:08,3,5,0,8
2025-08-13T07:12:30,3,5,0,8
2025-08-13T07:43:37,3,5,0,8
2025-08-13T08:14:40,3,5,0,8
2025-08-13T08:45:58,3,5,0,8
2025-08-13T09:17:33,3,5,0,8
2025-08-13T09:48:50,3,5,0,8
2025-08-13T10:20:16,3,5,0,8
2025-08-13T10:51:39,3,5,0,8
2025-08-13T11:23:05,3,5,0,8
2025-08-13T11:54:19,3,5,0,8
2025-08-13T12:25:13,3,5,0,8
2025-08-13T12:57:25,3,5,0,8
2025-08-13T13:29:27,3,5,0,8
2025-08-13T14:00:26,3,5,0,8
2025-08-13T14:31:34,3,5,0,8
2025-08-13T15:20:55,3,5,0,8
2025-08-13T15:52:26,3,5,0,8
2025-08-13T16:24:38,3,5,0,8
2025-08-13T16:56:13,3,5,0,8
2025-08-13T17:27:45,3,5,0,8
2025-08-13T17:58:51,3,5,0,8
2025-08-13T18:30:02,3,5,0,8
2025-08-13T19:01:18,3,5,0,8
2025-08-13T19:32:16,3,5,0,8
2025-08-13T20:03:18,3,5,0,8
2025-08-13T20:34:28,3,5,0,8
2025-08-13T21:05:36,3,5,0,8
2025-08-13T21:36:24,3,5,0,8
2025-08-13T22:07:33,3,5,0,8
2025-08-13T22:38:38,3,5,0,8
2025-08-13T23:10:05,3,5,0,8
2025-08-13T23:41:09,3,5,0,8
2025-08-14T00:12:11,3,5,0,8
2025-08-14T00:43:20,3,5,0,8
2025-08-14T01:14:35,3,5,0,8
2025-08-14T01:45:44,3,5,0,8
2025-08-14T02:17:02,3,5,0,8
2025-08-14T02:48:25,3,5,0,8
2025-08-14T03:19:48,3,5,0,8
2025-08-14T03:51:09,3,5,0,8
2025-08-14T04:35:09,3,5,0,8
2025-08-14T05:06:31,3,5,0,8
2025-08-14T05:37:52,3,5,0,8
2025-08-14T06:09:27,3,5,0,8
2025-08-14T06:40:53,3,5,0,8
2025-08-14T07:12:24,3,5,0,8
2025-08-14T07:43:41,3,5,0,8
2025-08-14T08:14:54,3,5,0,8
2025-08-14T08:46:03,3,5,0,8
2025-08-14T09:17:05,3,5,0,8
2025-08-14T09:48:04,3,5,0,8
2025-08-14T10:19:09,3,5,0,8
2025-08-14T10:50:46,3,5,0,8
2025-08-14T11:22:44,3,5,0,8
2025-08-14T11:54:54,3,5,0,8
2025-08-14T12:26:09,3,5,0,8
2025-08-14T12:57:29,3,5,0,8
2025-08-14T13:28:41,3,5,0,8
2025-08-14T13:59:46,3,5,0,8
2025-08-14T14:31:27,3,5,0,8
2025-08-14T15:03:20,3,5,0,8
2025-08-14T15:34:48,3,5,0,8
2025-08-14T16:05:57,3,5,0,8
2025-08-14T16:37:20,3,5,0,8
2025-08-14T17:08:44,3,5,0,8
2025-08-14T17:40:09,3,5,0,8
2025-08-14T18:11:41,3,5,0,8
2025-08-14T18:42:46,3,5,0,8
2025-08-14T19:13:36,3,5,0,8
2025-08-14T19:45:08,3,5,0,8
2025-08-14T20:16:33,3,5,0,8
2025-08-14T20:47:26,3,5,0,8
2025-08-14T21:18:37,3,5,0,8
2025-08-14T21:49:38,3,5,0,8
2025-08-14T22:21:09,3,5,0,8
2025-08-14T22:52:16,3,5,0,8
2025-08-14T23:23:28,3,5,0,8
2025-08-14T23:54:30,3,5,0,8
2025-08-15T00:26:07,3,5,0,8
2025-08-15T00:58:39,3,5,0,8
2025-08-15T01:29:51,3,5,0,8
2025-08-15T02:01:22,3,5,0,8
2025-08-15T02:32:54,3,5,0,8
2025-08-15T03:04:00,3,5,0,8
2025-08-15T03:35:26,3,5,0,8
2025-08-15T04:06:43,3,5,0,8
2025-08-15T04:50:06,3,5,0,8
2025-08-15T05:21:29,3,5,0,8
2025-08-15T05:52:26,3,5,0,8
2025-08-15T06:23:43,3,5,0,8
2025-08-15T06:54:58,3,5,0,8
2025-08-15T07:26:08,3,5,0,8
2025-08-15T07:57:15,3,5,0,8
2025-08-15T08:28:18,3,5,0,8
2025-08-15T08:59:53,3,5,0,8
2025-08-15T09:31:01,3,5,0,8
2025-08-15T10:02:18,3,5,0,8
2025-08-15T10:33:35,3,5,0,8
2025-08-15T11:04:41,3,5,0,8
2025-08-15T11:35:46,3,5,0,8
2025-08-15T12:07:12,3,5,0,8
2025-08-15T12:38:49,3,5,0,8
2025-08-15T13:10:25,3,5,0,8
2025-08-15T13:41:54,3,5,0,8
2025-08-15T14:12:57,3,5,0,8
2025-08-15T14:44:11,3,5,0,8
2025-08-15T15:15:12,3,5,0,8
2025-08-15T15:46:51,3,5,0,8
2025-08-15T16:18:22,3,5,0,8
2025-08-15T16:49:52,3,5,0,8
2025-08-15T17:21:00,3,5,0,8
2025-08-15T17:51:58,3,5,0,8
2025-08-15T18:23:29,3,5,0,8
2025-08-15T18:54:46,3,5,0,8
2025-08-15T19:26:09,3,5,0,8
2025-08-15T19:57:14,3,5,0,8
2025-08-15T20:28:20,3,5,0,8
2025-08-15T20:59:15,3,5,0,8
2025-08-15T21:30:11,3,5,0,8
2025-08-15T22:01:22,3,5,0,8
2025-08-15T22:32:22,3,5,0,8
2025-08-15T23:03:27,3,5,0,8
2025-08-15T23:34:55,3,5,0,8
2025-08-16T00:06:17,3,5,0,8
2025-08-16T00:38:08,3,5,0,8
2025-08-16T01:09:17,3,5,0,8
2025-08-16T01:40:26,3,5,0,8
2025-08-16T02:11:38,3,5,0,8
2025-08-16T02:42:59,3,5,0,8
2025-08-16T03:14:50,3,5,0,8
2025-08-16T03:46:09,3,5,0,8
2025-08-16T04:32:24,3,5,0,8
2025-08-16T05:03:43,3,5,0,8
2025-08-16T05:35:02,3,5,0,8
2025-08-16T06:06:07,3,5,0,8
2025-08-16T06:37:22,3,5,0,8
2025-08-16T07:08:42,3,5,0,8
2025-08-16T07:39:51,3,5,0,8
2025-08-16T08:11:17,3,5,0,8
2025-08-16T08:42:26,3,5,0,8
2025-08-16T09:13:31,3,5,0,8
2025-08-16T09:44:51,3,5,0,8
2025-08-16T10:15:56,3,5,0,8
2025-08-16T10:47:14,3,5,0,8
2025-08-16T11:18:39,3,5,0,8
2025-08-16T11:49:42,3,5,0,8
2025-08-16T12:20:44,3,5,0,8
