time,enrolled,available,waitlisted,total
2025-05-20T14:54:12,0,10,0,10
2025-05-20T15:22:58,0,10,0,10
2025-05-20T15:51:33,0,10,0,10
2025-05-20T16:20:20,0,10,0,10
2025-05-20T16:49:08,0,10,0,10
2025-05-20T17:17:45,0,10,0,10
2025-05-20T17:46:32,0,10,0,10
2025-05-20T18:15:10,0,10,0,10
2025-05-20T18:43:56,0,10,0,10
2025-05-20T19:12:29,0,10,0,10
2025-05-20T19:41:13,0,10,0,10
2025-05-20T20:09:47,0,10,0,10
2025-05-20T20:38:21,0,10,0,10
2025-05-20T21:06:55,0,10,0,10
2025-05-20T21:35:38,0,10,0,10
2025-05-20T22:04:12,0,10,0,10
2025-05-20T22:32:56,0,10,0,10
2025-05-20T23:01:30,0,10,0,10
2025-05-20T23:30:05,0,10,0,10
2025-05-20T23:58:40,0,10,0,10
2025-05-21T00:27:41,0,10,0,10
2025-05-21T00:56:40,0,10,0,10
2025-05-21T01:25:19,0,10,0,10
2025-05-21T01:53:57,0,10,0,10
2025-05-21T02:22:35,0,10,0,10
2025-05-21T02:51:35,0,10,0,10
2025-05-21T03:20:13,0,10,0,10
2025-05-21T03:49:07,0,10,0,10
2025-05-21T04:55:36,0,10,0,10
2025-05-21T05:24:14,0,10,0,10
2025-05-21T05:52:54,0,10,0,10
2025-05-21T06:21:32,0,10,0,10
2025-05-21T06:50:09,0,10,0,10
2025-05-21T07:18:46,0,10,0,10
2025-05-21T07:47:25,0,10,0,10
2025-05-21T08:16:08,0,10,0,10
2025-05-21T08:44:43,0,10,0,10
2025-05-21T09:13:30,0,10,0,10
2025-05-21T09:42:15,0,10,0,10
2025-05-21T10:11:01,0,10,0,10
2025-05-21T10:39:36,0,10,0,10
2025-05-21T11:08:20,0,10,0,10
2025-05-21T11:37:08,0,10,0,10
2025-05-21T12:05:47,0,10,0,10
2025-05-21T12:34:37,0,10,0,10
2025-05-21T13:03:28,0,10,0,10
2025-05-21T13:32:18,0,10,0,10
2025-05-21T14:00:58,0,10,0,10
2025-05-21T14:29:47,0,10,0,10
2025-05-21T14:58:26,0,10,0,10
2025-05-21T15:27:23,0,10,0,10
2025-05-21T15:56:16,0,10,0,10
2025-05-21T16:24:59,0,10,0,10
2025-05-21T16:54:04,0,10,0,10
2025-05-21T17:22:47,0,10,0,10
2025-05-21T17:51:38,0,10,0,10
2025-05-21T18:20:19,0,10,0,10
2025-05-21T18:49:01,0,10,0,10
2025-05-21T19:17:52,0,10,0,10
2025-05-21T19:46:34,0,10,0,10
2025-05-21T20:15:15,0,10,0,10
2025-05-21T20:44:07,0,10,0,10
2025-05-21T21:12:59,0,10,0,10
2025-05-21T21:41:45,0,10,0,10
2025-05-21T22:10:26,0,10,0,10
2025-05-21T22:39:07,0,10,0,10
2025-05-21T23:08:00,0,10,0,10
2025-05-21T23:36:42,0,10,0,10
2025-05-22T00:05:24,0,10,0,10
2025-05-22T00:34:10,0,10,0,10
2025-05-22T01:03:06,0,10,0,10
2025-05-22T01:31:54,0,10,0,10
2025-05-22T02:00:40,0,10,0,10
2025-05-22T02:29:23,0,10,0,10
2025-05-22T02:58:22,0,10,0,10
2025-05-22T03:27:07,0,10,0,10
2025-05-22T03:55:51,0,10,0,10
2025-05-22T04:55:49,0,10,0,10
2025-05-22T05:24:34,0,10,0,10
2025-05-22T05:53:22,0,10,0,10
2025-05-22T06:22:07,0,10,0,10
2025-05-22T06:50:52,0,10,0,10
2025-05-22T07:19:36,0,10,0,10
2025-05-22T07:48:21,0,10,0,10
2025-05-22T08:17:03,0,10,0,10
2025-05-22T08:45:55,0,10,0,10
2025-05-22T09:14:38,0,10,0,10
2025-05-22T09:43:22,0,10,0,10
2025-05-22T10:12:08,0,10,0,10
2025-05-22T10:41:05,0,10,0,10
2025-05-22T11:09:52,0,10,0,10
2025-05-22T11:38:37,0,10,0,10
2025-05-22T12:07:41,0,10,0,10
2025-05-22T12:36:37,0,10,0,10
2025-05-22T13:05:21,0,10,0,10
2025-05-22T13:34:17,0,10,0,10
2025-05-22T14:03:16,0,10,0,10
2025-05-22T14:32:01,0,10,0,10
2025-05-22T15:00:46,0,10,0,10
2025-05-22T15:29:44,0,10,0,10
2025-05-22T15:58:44,0,10,0,10
2025-05-22T16:27:31,0,10,0,10
2025-05-22T16:56:19,0,10,0,10
2025-05-22T17:25:18,0,10,0,10
2025-05-22T17:54:06,0,10,0,10
2025-05-22T18:22:54,0,10,0,10
2025-05-22T18:51:52,0,10,0,10
2025-05-22T19:20:40,0,10,0,10
2025-05-22T19:49:29,0,10,0,10
2025-05-22T20:18:18,0,10,0,10
2025-05-22T20:47:17,0,10,0,10
2025-05-22T21:16:05,0,10,0,10
2025-05-22T21:44:53,0,10,0,10
2025-05-22T22:13:41,0,10,0,10
2025-05-22T22:42:40,0,10,0,10
2025-05-22T23:11:29,0,10,0,10
2025-05-22T23:40:19,0,10,0,10
2025-05-23T00:09:38,0,10,0,10
2025-05-23T00:38:31,0,10,0,10
2025-05-23T01:07:24,0,10,0,10
2025-05-23T01:36:27,0,10,0,10
2025-05-23T02:05:20,0,10,0,10
2025-05-23T02:34:11,0,10,0,10
2025-05-23T03:03:09,0,10,0,10
2025-05-23T03:32:03,0,10,0,10
2025-05-23T04:01:03,0,10,0,10
2025-05-23T04:57:42,0,10,0,10
2025-05-23T05:26:35,0,10,0,10
2025-05-23T05:55:29,0,10,0,10
2025-05-23T06:24:21,0,10,0,10
2025-05-23T06:53:12,0,10,0,10
2025-05-23T07:22:03,0,10,0,10
2025-05-23T07:50:53,0,10,0,10
2025-05-23T08:19:50,0,10,0,10
2025-05-23T08:48:39,0,10,0,10
2025-05-23T09:17:29,0,10,0,10
2025-05-23T09:46:18,0,10,0,10
2025-05-23T10:15:20,0,10,0,10
2025-05-23T10:44:10,0,10,0,10
2025-05-23T11:13:01,0,10,0,10
2025-05-23T11:42:04,0,10,0,10
2025-05-23T12:10:55,0,10,0,10
2025-05-23T12:39:57,0,10,0,10
2025-05-23T13:08:50,0,10,0,10
2025-05-23T13:37:52,0,10,0,10
2025-05-23T14:06:44,0,10,0,10
2025-05-23T14:35:35,0,10,0,10
2025-05-23T15:04:38,0,10,0,10
2025-05-23T15:33:29,0,10,0,10
2025-05-23T16:02:30,0,10,0,10
2025-05-23T16:31:22,0,10,0,10
2025-05-23T17:00:13,0,10,0,10
2025-05-23T17:29:15,0,10,0,10
2025-05-23T17:58:07,0,10,0,10
2025-05-23T18:26:59,0,10,0,10
2025-05-23T18:56:00,0,10,0,10
2025-05-23T19:24:51,0,10,0,10
2025-05-23T19:53:42,0,10,0,10
2025-05-23T20:22:33,0,10,0,10
2025-05-23T20:51:25,0,10,0,10
2025-05-23T21:20:26,0,10,0,10
2025-05-23T21:49:17,0,10,0,10
2025-05-23T22:18:09,0,10,0,10
2025-05-23T22:47:01,0,10,0,10
2025-05-23T23:16:04,0,10,0,10
2025-05-23T23:44:56,0,10,0,10
2025-05-24T00:13:49,0,10,0,10
2025-05-24T00:42:45,0,10,0,10
2025-05-24T01:11:40,0,10,0,10
2025-05-24T01:40:44,0,10,0,10
2025-05-24T02:09:42,0,10,0,10
2025-05-24T02:38:50,0,10,0,10
2025-05-24T03:07:55,0,10,0,10
2025-05-24T03:36:50,0,10,0,10
2025-05-24T04:05:44,0,10,0,10
2025-05-24T04:55:35,0,10,0,10
2025-05-24T05:24:31,0,10,0,10
2025-05-24T05:53:26,0,10,0,10
2025-05-24T06:22:22,0,10,0,10
2025-05-24T06:51:25,0,10,0,10
2025-05-24T07:20:21,0,10,0,10
2025-05-24T07:49:15,0,10,0,10
2025-05-24T08:18:06,0,10,0,10
2025-05-24T08:46:58,0,10,0,10
2025-05-24T09:15:59,0,10,0,10
2025-05-24T09:44:51,0,10,0,10
2025-05-24T10:13:42,0,10,0,10
2025-05-24T10:42:32,0,10,0,10
2025-05-24T11:11:23,0,10,0,10
2025-05-24T11:40:14,0,10,0,10
2025-05-24T12:09:15,0,10,0,10
2025-05-24T12:38:06,0,10,0,10
2025-05-24T13:06:57,0,10,0,10
2025-05-24T13:35:48,0,10,0,10
2025-05-24T14:04:48,0,10,0,10
2025-05-24T14:33:39,0,10,0,10
2025-05-24T15:02:29,0,10,0,10
2025-05-24T15:31:20,0,10,0,10
2025-05-24T16:00:20,0,10,0,10
2025-05-24T16:29:11,0,10,0,10
2025-05-24T16:58:02,0,10,0,10
2025-05-24T17:26:54,0,10,0,10
2025-05-24T17:55:55,0,10,0,10
2025-05-24T18:24:49,0,10,0,10
2025-05-24T18:53:41,0,10,0,10
2025-05-24T19:22:32,0,10,0,10
2025-05-24T19:51:33,0,10,0,10
2025-05-24T20:20:24,0,10,0,10
2025-05-24T20:49:15,0,10,0,10
2025-05-24T21:18:06,0,10,0,10
2025-05-24T21:46:57,0,10,0,10
2025-05-24T22:15:58,0,10,0,10
2025-05-24T22:44:50,0,10,0,10
2025-05-24T23:13:43,0,10,0,10
2025-05-24T23:42:35,0,10,0,10
2025-05-25T00:11:28,0,10,0,10
2025-05-25T00:40:35,0,10,0,10
2025-05-25T01:09:33,0,10,0,10
2025-05-25T01:38:28,0,10,0,10
2025-05-25T02:07:23,0,10,0,10
2025-05-25T02:36:20,0,10,0,10
2025-05-25T03:05:18,0,10,0,10
2025-05-25T03:34:16,0,10,0,10
2025-05-25T04:03:14,0,10,0,10
2025-05-25T04:54:29,0,10,0,10
2025-05-25T05:23:31,0,10,0,10
2025-05-25T05:52:30,0,10,0,10
2025-05-25T06:21:27,0,10,0,10
2025-05-25T06:50:25,0,10,0,10
2025-05-25T07:19:21,0,10,0,10
2025-05-25T07:48:20,0,10,0,10
2025-05-25T08:17:15,0,10,0,10
2025-05-25T08:46:26,0,10,0,10
2025-05-25T09:15:20,0,10,0,10
2025-05-25T09:44:12,0,10,0,10
2025-05-25T10:13:05,0,10,0,10
2025-05-25T10:41:59,0,10,0,10
2025-05-25T11:10:53,0,10,0,10
2025-05-25T11:39:47,0,10,0,10
2025-05-25T12:08:40,0,10,0,10
2025-05-25T12:37:42,0,10,0,10
2025-05-25T13:06:34,0,10,0,10
2025-05-25T13:35:26,0,10,0,10
2025-05-25T14:04:27,0,10,0,10
2025-05-25T14:33:18,0,10,0,10
2025-05-25T15:02:09,0,10,0,10
2025-05-25T15:31:01,0,10,0,10
2025-05-25T16:00:07,0,10,0,10
2025-05-25T16:28:59,0,10,0,10
2025-05-25T16:57:51,0,10,0,10
2025-05-25T17:26:42,0,10,0,10
2025-05-25T17:55:43,0,10,0,10
2025-05-25T18:24:35,0,10,0,10
2025-05-25T18:53:27,0,10,0,10
2025-05-25T19:22:19,0,10,0,10
2025-05-25T19:51:20,0,10,0,10
2025-05-25T20:20:11,0,10,0,10
2025-05-25T20:49:02,0,10,0,10
2025-05-25T21:17:53,0,10,0,10
2025-05-25T21:47:12,0,10,0,10
2025-05-25T22:16:03,0,10,0,10
2025-05-25T22:45:03,0,10,0,10
2025-05-25T23:13:54,0,10,0,10
2025-05-25T23:42:47,0,10,0,10
2025-05-26T00:11:48,0,10,0,10
2025-05-26T00:40:44,0,10,0,10
2025-05-26T01:09:51,0,10,0,10
2025-05-26T01:38:46,0,10,0,10
2025-05-26T02:07:50,0,10,0,10
2025-05-26T02:36:45,0,10,0,10
2025-05-26T03:05:39,0,10,0,10
2025-05-26T03:34:35,0,10,0,10
2025-05-26T04:03:28,0,10,0,10
2025-05-26T04:53:49,0,10,0,10
2025-05-26T05:24:31,0,10,0,10
2025-05-26T05:53:28,0,10,0,10
2025-05-26T06:22:23,0,10,0,10
2025-05-26T06:51:18,0,10,0,10
2025-05-26T07:20:10,0,10,0,10
2025-05-26T07:49:02,0,10,0,10
2025-05-26T08:17:53,0,10,0,10
2025-05-26T08:46:56,0,10,0,10
2025-05-26T09:15:48,0,10,0,10
2025-05-26T09:44:39,0,10,0,10
2025-05-26T10:13:31,0,10,0,10
2025-05-26T10:42:22,0,10,0,10
2025-05-26T11:11:23,0,10,0,10
2025-05-26T11:40:13,0,10,0,10
2025-05-26T12:09:04,0,10,0,10
2025-05-26T12:38:06,0,10,0,10
2025-05-26T13:07:06,0,10,0,10
2025-05-26T13:35:57,0,10,0,10
2025-05-26T14:04:48,0,10,0,10
2025-05-26T14:33:51,0,10,0,10
2025-05-26T15:02:42,0,10,0,10
2025-05-26T15:31:43,0,10,0,10
2025-05-26T16:00:35,0,10,0,10
2025-05-26T16:29:35,0,10,0,10
2025-05-26T16:58:29,0,10,0,10
2025-05-26T17:27:31,0,10,0,10
2025-05-26T17:56:23,0,10,0,10
2025-05-26T18:25:25,0,10,0,10
2025-05-26T18:54:17,0,10,0,10
2025-05-26T19:23:18,0,10,0,10
2025-05-26T19:52:09,0,10,0,10
2025-05-26T20:21:10,0,10,0,10
2025-05-26T20:50:03,0,10,0,10
2025-05-26T21:19:03,0,10,0,10
2025-05-26T21:47:55,0,10,0,10
2025-05-26T22:16:57,0,10,0,10
2025-05-26T22:46:00,0,10,0,10
2025-05-26T23:15:14,0,10,0,10
2025-05-26T23:44:06,0,10,0,10
2025-05-27T00:13:09,0,10,0,10
2025-05-27T00:42:06,0,10,0,10
2025-05-27T01:10:59,0,10,0,10
2025-05-27T01:40:04,0,10,0,10
2025-05-27T02:08:58,0,10,0,10
2025-05-27T02:37:51,0,10,0,10
2025-05-27T03:06:45,0,10,0,10
2025-05-27T03:35:49,0,10,0,10
2025-05-27T04:06:34,0,10,0,10
2025-05-28T01:01:45,0,10,0,10
2025-05-28T01:30:54,0,10,0,10
2025-05-28T01:59:54,0,10,0,10
2025-05-28T02:29:03,0,10,0,10
2025-05-28T02:58:03,0,10,0,10
2025-05-28T03:27:03,0,10,0,10
2025-05-28T03:56:02,0,10,0,10
2025-05-28T04:50:59,0,10,0,10
2025-05-28T05:19:59,0,10,0,10
2025-05-28T05:49:00,0,10,0,10
2025-05-28T06:17:59,0,10,0,10
2025-05-28T06:47:01,0,10,0,10
2025-05-28T07:15:59,0,10,0,10
2025-05-28T07:44:56,0,10,0,10
2025-05-28T08:14:02,0,10,0,10
2025-05-28T08:43:00,0,10,0,10
2025-05-28T09:11:58,0,10,0,10
2025-05-28T09:41:08,0,10,0,10
2025-05-28T10:10:07,0,10,0,10
2025-05-28T10:39:20,0,10,0,10
2025-05-28T11:08:31,0,10,0,10
2025-05-28T11:37:45,0,10,0,10
2025-05-28T12:06:50,0,10,0,10
2025-05-28T12:36:00,0,10,0,10
2025-05-28T13:05:13,0,10,0,10
2025-05-28T13:34:24,0,10,0,10
2025-05-28T14:03:24,0,10,0,10
2025-05-28T14:32:37,0,10,0,10
2025-05-28T15:01:51,0,10,0,10
2025-05-28T15:30:49,0,10,0,10
2025-05-28T15:59:58,0,10,0,10
2025-05-28T16:28:54,0,10,0,10
2025-05-28T16:58:02,0,10,0,10
2025-05-28T17:27:00,0,10,0,10
2025-05-28T17:56:07,0,10,0,10
2025-05-28T18:25:04,0,10,0,10
2025-05-28T18:54:13,0,10,0,10
2025-05-28T19:23:10,0,10,0,10
2025-05-28T19:52:07,0,10,0,10
2025-05-28T20:21:13,0,10,0,10
2025-05-28T20:50:09,0,10,0,10
2025-05-28T21:19:06,0,10,0,10
2025-05-28T21:48:11,0,10,0,10
2025-05-28T22:17:10,0,10,0,10
2025-05-28T22:46:07,0,10,0,10
2025-05-28T23:15:04,0,10,0,10
2025-05-28T23:44:10,0,10,0,10
2025-05-29T00:13:09,0,10,0,10
2025-05-29T00:42:12,0,10,0,10
2025-05-29T01:11:12,0,10,0,10
2025-05-29T01:40:13,0,10,0,10
2025-05-29T02:09:23,0,10,0,10
2025-05-29T02:38:22,0,10,0,10
2025-05-29T03:07:29,0,10,0,10
2025-05-29T03:36:30,0,10,0,10
2025-05-29T04:05:29,0,10,0,10
2025-05-29T05:00:27,0,10,0,10
2025-05-29T05:29:29,0,10,0,10
2025-05-29T05:58:33,0,10,0,10
2025-05-29T06:27:34,0,10,0,10
2025-05-29T06:56:34,0,10,0,10
2025-05-29T07:25:33,0,10,0,10
2025-05-29T07:54:31,0,10,0,10
2025-05-29T08:23:33,0,10,0,10
2025-05-29T08:52:36,0,10,0,10
2025-05-29T09:21:35,0,10,0,10
2025-05-29T09:50:31,0,10,0,10
2025-05-29T10:19:41,0,10,0,10
2025-05-29T10:48:38,0,10,0,10
2025-05-29T11:17:44,0,10,0,10
2025-05-29T11:46:41,0,10,0,10
2025-05-29T12:15:38,0,10,0,10
2025-05-29T12:44:45,0,10,0,10
2025-05-29T13:13:41,0,10,0,10
2025-05-29T13:42:47,0,10,0,10
2025-05-29T14:11:45,0,10,0,10
2025-05-29T14:40:57,0,10,0,10
2025-05-29T15:09:56,0,10,0,10
2025-05-29T15:39:03,0,10,0,10
2025-05-29T16:08:17,0,10,0,10
2025-05-29T16:37:24,0,10,0,10
2025-05-29T17:06:31,0,10,0,10
2025-05-29T17:35:31,0,10,0,10
2025-05-29T18:04:30,0,10,0,10
2025-05-29T18:33:39,0,10,0,10
2025-05-29T19:02:37,0,10,0,10
2025-05-29T19:31:34,0,10,0,10
2025-05-29T20:00:32,0,10,0,10
2025-05-29T20:29:38,0,10,0,10
2025-05-29T20:58:36,0,10,0,10
2025-05-29T21:27:34,0,10,0,10
2025-05-29T21:56:32,0,10,0,10
2025-05-29T22:25:39,0,10,0,10
2025-05-29T22:54:38,0,10,0,10
2025-05-29T23:23:36,0,10,0,10
2025-05-29T23:52:35,0,10,0,10
2025-05-30T00:21:37,0,10,0,10
2025-05-30T00:50:49,0,10,0,10
2025-05-30T01:19:53,0,10,0,10
2025-05-30T01:49:06,0,10,0,10
2025-05-30T02:18:08,0,10,0,10
2025-05-30T02:47:10,0,10,0,10
2025-05-30T03:16:19,0,10,0,10
2025-05-30T03:45:18,0,10,0,10
2025-05-30T04:49:09,0,10,0,10
2025-05-30T05:18:11,0,10,0,10
2025-05-30T05:47:26,0,10,0,10
2025-05-30T06:16:30,0,10,0,10
2025-05-30T06:45:41,0,10,0,10
2025-05-30T07:14:42,0,10,0,10
2025-05-30T07:43:42,0,10,0,10
2025-05-30T08:12:40,0,10,0,10
2025-05-30T08:41:40,0,10,0,10
2025-05-30T09:10:38,0,10,0,10
2025-05-30T09:39:50,0,10,0,10
2025-05-30T10:08:48,0,10,0,10
2025-05-30T10:37:47,0,10,0,10
2025-05-30T11:06:45,0,10,0,10
2025-05-30T11:35:54,0,10,0,10
2025-05-30T12:04:52,0,10,0,10
2025-05-30T12:34:00,0,10,0,10
2025-05-30T13:02:59,0,10,0,10
2025-05-30T13:31:57,0,10,0,10
2025-05-30T14:01:06,0,10,0,10
2025-05-30T14:30:04,0,10,0,10
2025-05-30T14:59:03,0,10,0,10
2025-05-30T15:28:12,0,10,0,10
2025-05-30T15:57:12,0,10,0,10
2025-05-30T16:26:21,0,10,0,10
2025-05-30T16:55:19,0,10,0,10
2025-05-30T17:24:19,0,10,0,10
2025-05-30T17:53:17,0,10,0,10
2025-05-30T18:22:26,0,10,0,10
2025-05-30T18:51:24,0,10,0,10
2025-05-30T19:20:22,0,10,0,10
2025-05-30T19:49:21,0,10,0,10
2025-05-30T20:18:29,0,10,0,10
2025-05-30T20:47:29,0,10,0,10
2025-05-30T21:16:28,0,10,0,10
2025-05-30T21:45:26,0,10,0,10
2025-05-30T22:14:24,0,10,0,10
2025-05-30T22:43:32,0,10,0,10
2025-05-30T23:12:32,0,10,0,10
2025-05-30T23:41:31,0,10,0,10
2025-05-31T00:11:05,0,10,0,10
2025-05-31T00:40:20,0,10,0,10
2025-05-31T01:09:24,0,10,0,10
2025-05-31T01:38:26,0,10,0,10
2025-05-31T02:07:28,0,10,0,10
2025-05-31T02:36:37,0,10,0,10
2025-05-31T03:05:38,0,10,0,10
2025-05-31T03:34:39,0,10,0,10
2025-05-31T04:03:51,0,10,0,10
2025-05-31T04:58:10,0,10,0,10
2025-05-31T05:27:14,0,10,0,10
2025-05-31T05:56:18,0,10,0,10
2025-05-31T06:25:20,0,10,0,10
2025-05-31T06:54:22,0,10,0,10
2025-05-31T07:23:25,0,10,0,10
2025-05-31T07:52:25,0,10,0,10
2025-05-31T08:21:31,0,10,0,10
2025-05-31T08:50:29,0,10,0,10
2025-05-31T09:19:28,0,10,0,10
2025-05-31T09:48:26,0,10,0,10
2025-05-31T10:17:23,0,10,0,10
2025-05-31T10:46:31,0,10,0,10
2025-05-31T11:15:28,0,10,0,10
2025-05-31T11:44:25,0,10,0,10
2025-05-31T12:13:24,0,10,0,10
2025-05-31T12:42:30,0,10,0,10
2025-05-31T13:11:27,0,10,0,10
2025-05-31T13:40:24,0,10,0,10
2025-05-31T14:09:22,0,10,0,10
2025-05-31T14:38:32,0,10,0,10
2025-05-31T15:07:34,0,10,0,10
2025-05-31T15:36:40,0,10,0,10
2025-05-31T16:05:40,0,10,0,10
2025-05-31T16:34:42,0,10,0,10
2025-05-31T17:03:39,0,10,0,10
2025-05-31T17:32:37,0,10,0,10
2025-05-31T18:01:35,0,10,0,10
2025-05-31T18:30:36,0,10,0,10
2025-05-31T18:59:43,0,10,0,10
2025-05-31T19:28:41,0,10,0,10
2025-05-31T19:57:38,0,10,0,10
2025-05-31T20:26:35,0,10,0,10
2025-05-31T20:55:40,0,10,0,10
2025-05-31T21:24:38,0,10,0,10
2025-05-31T21:53:36,0,10,0,10
2025-05-31T22:22:33,0,10,0,10
2025-05-31T22:51:40,0,10,0,10
2025-05-31T23:20:39,0,10,0,10
2025-05-31T23:49:38,0,10,0,10
2025-06-01T00:18:47,0,10,0,10
2025-06-01T00:48:08,0,10,0,10
2025-06-01T01:17:10,0,10,0,10
2025-06-01T01:46:20,0,10,0,10
2025-06-01T02:15:21,0,10,0,10
2025-06-01T02:44:24,0,10,0,10
2025-06-01T03:13:38,0,10,0,10
2025-06-01T03:42:39,0,10,0,10
2025-06-01T04:13:37,0,10,0,10
2025-06-01T04:54:13,0,10,0,10
2025-06-01T05:23:15,0,10,0,10
2025-06-01T05:52:17,0,10,0,10
2025-06-01T06:21:19,0,10,0,10
2025-06-01T06:50:23,0,10,0,10
2025-06-01T07:19:24,0,10,0,10
2025-06-01T07:48:26,0,10,0,10
2025-06-01T08:17:32,0,10,0,10
2025-06-01T08:46:31,0,10,0,10
2025-06-01T09:15:29,0,10,0,10
2025-06-01T09:44:27,0,10,0,10
2025-06-01T10:13:27,0,10,0,10
2025-06-01T10:42:27,0,10,0,10
2025-06-01T11:11:27,0,10,0,10
2025-06-01T11:40:37,0,10,0,10
2025-06-01T12:09:36,0,10,0,10
2025-06-01T12:38:35,0,10,0,10
2025-06-01T13:07:32,0,10,0,10
2025-06-01T13:36:37,0,10,0,10
2025-06-01T14:05:34,0,10,0,10
2025-06-01T14:34:31,0,10,0,10
2025-06-01T15:03:33,0,10,0,10
2025-06-01T15:32:39,0,10,0,10
2025-06-01T16:01:36,0,10,0,10
2025-06-01T16:30:32,0,10,0,10
2025-06-01T16:59:29,0,10,0,10
2025-06-01T17:28:36,0,10,0,10
2025-06-01T17:57:34,0,10,0,10
2025-06-01T18:26:32,0,10,0,10
2025-06-01T18:55:29,0,10,0,10
2025-06-01T19:24:36,0,10,0,10
2025-06-01T19:53:33,0,10,0,10
2025-06-01T20:22:31,0,10,0,10
2025-06-01T20:51:35,0,10,0,10
2025-06-01T21:20:42,0,10,0,10
2025-06-01T21:49:41,0,10,0,10
2025-06-01T22:18:38,0,10,0,10
2025-06-01T22:47:47,0,10,0,10
2025-06-01T23:16:46,0,10,0,10
2025-06-01T23:45:46,0,10,0,10
2025-06-02T00:14:47,0,10,0,10
2025-06-02T00:44:26,0,10,0,10
2025-06-02T01:13:30,0,10,0,10
2025-06-02T01:42:32,0,10,0,10
2025-06-02T02:11:33,0,10,0,10
2025-06-02T02:40:34,0,10,0,10
2025-06-02T03:09:34,0,10,0,10
2025-06-02T03:38:34,0,10,0,10
2025-06-02T04:07:46,0,10,0,10
2025-06-02T04:53:31,0,10,0,10
2025-06-02T05:22:32,0,10,0,10
2025-06-02T05:51:35,0,10,0,10
2025-06-02T06:20:37,0,10,0,10
2025-06-02T06:49:38,0,10,0,10
2025-06-02T07:18:37,0,10,0,10
2025-06-02T07:47:35,0,10,0,10
2025-06-02T08:16:41,0,10,0,10
2025-06-02T08:45:48,0,10,0,10
2025-06-02T09:14:48,0,10,0,10
2025-06-02T09:43:48,0,10,0,10
2025-06-02T10:12:50,0,10,0,10
2025-06-02T10:42:03,0,10,0,10
2025-06-02T11:11:05,0,10,0,10
2025-06-02T11:40:20,0,10,0,10
2025-06-02T12:09:30,0,10,0,10
2025-06-02T12:38:51,0,10,0,10
2025-06-02T13:08:12,0,10,0,10
2025-06-02T13:37:23,0,10,0,10
2025-06-02T14:06:35,0,10,0,10
2025-06-02T14:35:55,0,10,0,10
2025-06-02T15:05:17,0,10,0,10
2025-06-02T15:34:29,0,10,0,10
2025-06-02T16:03:52,0,10,0,10
2025-06-02T16:33:03,0,10,0,10
2025-06-02T17:02:26,0,10,0,10
2025-06-02T17:31:37,0,10,0,10
2025-06-02T18:01:00,0,10,0,10
2025-06-02T18:30:13,0,10,0,10
2025-06-02T18:59:33,0,10,0,10
2025-06-02T19:28:47,0,10,0,10
2025-06-02T19:58:11,0,10,0,10
2025-06-02T20:27:33,0,10,0,10
2025-06-02T20:56:44,0,10,0,10
2025-06-02T21:26:07,0,10,0,10
2025-06-02T21:55:19,0,10,0,10
2025-06-02T22:24:30,0,10,0,10
2025-06-02T22:53:54,0,10,0,10
2025-06-02T23:23:06,0,10,0,10
2025-06-02T23:52:28,0,10,0,10
2025-06-03T00:21:44,0,10,0,10
2025-06-03T00:51:00,0,10,0,10
2025-06-03T01:20:27,0,10,0,10
2025-06-03T01:49:42,0,10,0,10
2025-06-03T02:19:03,0,10,0,10
2025-06-03T02:48:16,0,10,0,10
2025-06-03T03:17:30,0,10,0,10
2025-06-03T03:46:55,0,10,0,10
2025-06-03T04:49:14,0,10,0,10
2025-06-03T05:18:28,0,10,0,10
2025-06-03T05:47:42,0,10,0,10
2025-06-03T06:17:01,0,10,0,10
2025-06-03T06:46:16,0,10,0,10
2025-06-03T07:15:32,0,10,0,10
2025-06-03T07:44:44,0,10,0,10
2025-06-03T08:14:04,0,10,0,10
2025-06-03T08:43:17,0,10,0,10
2025-06-03T09:12:29,0,10,0,10
2025-06-03T09:41:54,0,10,0,10
2025-06-03T10:11:07,0,10,0,10
2025-06-03T10:40:20,0,10,0,10
2025-06-03T11:09:43,0,10,0,10
2025-06-03T11:39:05,0,10,0,10
2025-06-03T12:08:21,0,10,0,10
2025-06-03T12:37:46,0,10,0,10
2025-06-03T13:07:08,0,10,0,10
2025-06-03T13:36:22,0,10,0,10
2025-06-03T14:05:51,0,10,0,10
2025-06-03T14:35:14,0,10,0,10
2025-06-03T15:04:50,0,10,0,10
2025-06-03T15:34:27,0,10,0,10
2025-06-03T16:04:30,0,10,0,10
2025-06-03T16:34:22,0,10,0,10
2025-06-03T17:04:27,0,10,0,10
2025-06-03T17:34:21,0,10,0,10
2025-06-03T18:04:26,0,10,0,10
2025-06-03T18:34:19,0,10,0,10
2025-06-03T19:04:22,0,10,0,10
2025-06-03T19:34:25,0,10,0,10
2025-06-03T20:04:18,0,10,0,10
2025-06-03T20:34:21,0,10,0,10
2025-06-03T21:04:13,0,10,0,10
2025-06-03T21:34:06,0,10,0,10
2025-06-03T22:04:07,0,10,0,10
2025-06-03T22:34:00,0,10,0,10
2025-06-03T23:04:03,0,10,0,10
2025-06-03T23:33:56,0,10,0,10
2025-06-04T00:03:48,0,10,0,10
2025-06-04T00:33:54,0,10,0,10
2025-06-04T01:03:51,0,10,0,10
2025-06-04T01:33:46,0,10,0,10
2025-06-04T02:03:42,0,10,0,10
2025-06-04T02:33:57,0,10,0,10
2025-06-04T03:03:50,0,10,0,10
2025-06-04T03:33:45,0,10,0,10
2025-06-04T04:03:42,0,10,0,10
2025-06-04T04:57:54,0,10,0,10
2025-06-04T05:27:49,0,10,0,10
2025-06-04T05:57:47,0,10,0,10
2025-06-04T06:28:00,0,10,0,10
2025-06-04T06:57:56,0,10,0,10
2025-06-04T07:27:53,0,10,0,10
2025-06-04T07:57:47,0,10,0,10
2025-06-04T08:27:51,0,10,0,10
2025-06-04T08:57:46,0,10,0,10
2025-06-04T09:27:41,0,10,0,10
2025-06-04T09:57:45,0,10,0,10
2025-06-04T10:27:41,0,10,0,10
2025-06-04T10:57:48,0,10,0,10
2025-06-04T11:27:57,0,10,0,10
2025-06-04T11:57:53,0,10,0,10
2025-06-04T12:28:15,0,10,0,10
2025-06-04T12:58:22,0,10,0,10
2025-06-04T13:28:28,1,9,0,10
2025-06-04T14:17:03,1,9,0,10
2025-06-04T14:47:09,1,9,0,10
2025-06-04T15:17:06,1,9,0,10
2025-06-04T15:47:13,1,9,0,10
2025-06-04T16:17:21,1,9,0,10
2025-06-04T16:47:32,1,9,0,10
2025-06-04T17:17:30,1,9,0,10
2025-06-04T17:47:40,2,8,0,10
2025-06-04T18:17:51,2,8,0,10
2025-06-04T18:47:47,2,8,0,10
2025-06-04T19:17:53,2,8,0,10
2025-06-04T19:47:48,2,8,0,10
2025-06-04T20:17:54,2,8,0,10
2025-06-04T20:47:49,3,7,0,10
2025-06-04T21:17:55,3,7,0,10
2025-06-04T21:47:50,3,7,0,10
2025-06-04T22:17:57,3,7,0,10
2025-06-04T22:47:54,3,7,0,10
2025-06-04T23:17:49,3,7,0,10
2025-06-04T23:47:57,3,7,0,10
2025-06-05T00:17:55,3,7,0,10
2025-06-05T00:47:53,3,7,0,10
2025-06-05T01:18:03,3,7,0,10
2025-06-05T01:48:00,3,7,0,10
2025-06-05T02:17:59,3,7,0,10
2025-06-05T02:47:57,3,7,0,10
2025-06-05T03:17:55,3,7,0,10
2025-06-05T03:48:09,3,7,0,10
2025-06-05T04:51:01,3,7,0,10
2025-06-05T05:21:00,3,7,0,10
2025-06-05T05:50:59,3,7,0,10
2025-06-05T06:21:00,3,7,0,10
2025-06-05T06:50:57,3,7,0,10
2025-06-05T07:20:56,3,7,0,10
2025-06-05T07:50:53,3,7,0,10
2025-06-05T08:20:50,3,7,0,10
2025-06-05T08:50:55,3,7,0,10
2025-06-05T09:20:49,3,7,0,10
2025-06-05T09:50:43,5,5,0,10
2025-06-05T10:20:51,6,4,0,10
2025-06-05T10:50:45,6,4,0,10
2025-06-05T11:20:54,6,4,0,10
2025-06-05T11:51:01,6,4,0,10
2025-06-05T12:20:56,6,4,0,10
2025-06-05T12:51:00,6,4,0,10
2025-06-05T13:20:55,6,4,0,10
2025-06-05T13:51:00,6,4,0,10
2025-06-05T14:21:05,6,4,0,10
2025-06-05T14:51:00,7,3,0,10
2025-06-05T15:21:05,7,3,0,10
2025-06-05T15:51:09,7,3,0,10
2025-06-05T16:21:05,7,3,0,10
2025-06-05T16:50:59,7,3,0,10
2025-06-05T17:21:05,7,3,0,10
2025-06-05T17:50:59,7,3,0,10
2025-06-05T18:21:05,7,3,0,10
2025-06-05T18:51:00,6,4,0,10
2025-06-05T19:21:04,6,4,0,10
2025-06-05T19:50:57,6,4,0,10
2025-06-05T20:20:52,7,3,0,10
2025-06-05T20:50:47,7,3,0,10
2025-06-05T21:20:51,7,3,0,10
2025-06-05T21:50:45,7,3,0,10
2025-06-05T22:20:40,7,3,0,10
2025-06-05T22:50:44,7,3,0,10
2025-06-05T23:20:39,7,3,0,10
2025-06-05T23:50:34,7,3,0,10
2025-06-06T00:20:31,9,1,0,10
2025-06-06T00:50:41,9,1,0,10
2025-06-06T01:20:40,9,1,0,10
2025-06-06T01:50:40,9,1,0,10
2025-06-06T02:20:44,9,1,0,10
2025-06-06T02:50:53,9,1,0,10
2025-06-06T03:21:05,9,1,0,10
2025-06-06T03:51:04,9,1,0,10
2025-06-06T05:01:21,9,1,0,10
2025-06-06T05:31:20,9,1,0,10
2025-06-06T06:01:19,9,1,0,10
2025-06-06T06:31:19,9,1,0,10
2025-06-06T07:01:20,9,1,0,10
2025-06-06T07:31:18,9,1,0,10
2025-06-06T08:01:15,9,1,0,10
2025-06-06T08:31:20,9,1,0,10
2025-06-06T09:01:13,9,1,0,10
2025-06-06T09:31:07,9,1,0,10
2025-06-06T10:01:05,9,1,0,10
2025-06-06T10:31:03,9,1,0,10
2025-06-06T11:01:08,9,1,0,10
2025-06-06T11:31:03,9,1,0,10
2025-06-06T12:01:02,9,1,0,10
2025-06-06T12:31:08,9,1,0,10
2025-06-06T13:01:04,9,1,0,10
2025-06-06T13:31:11,9,1,0,10
2025-06-06T14:01:07,9,1,0,10
2025-06-06T14:31:06,9,1,0,10
2025-06-06T15:01:11,9,1,0,10
2025-06-06T15:31:10,9,1,0,10
2025-06-06T16:01:16,9,1,0,10
2025-06-06T16:31:13,9,1,0,10
2025-06-06T17:01:08,9,1,0,10
2025-06-06T17:31:16,9,1,0,10
2025-06-06T18:01:13,9,1,0,10
2025-06-06T18:31:09,9,1,0,10
2025-06-06T19:01:15,9,1,0,10
2025-06-06T19:31:12,9,1,0,10
2025-06-06T20:01:10,9,1,0,10
2025-06-06T20:31:07,9,1,0,10
2025-06-06T21:01:13,9,1,0,10
2025-06-06T21:31:10,9,1,0,10
2025-06-06T22:01:06,9,1,0,10
2025-06-06T22:31:05,9,1,0,10
2025-06-06T23:01:11,9,1,0,10
2025-06-06T23:31:09,9,1,0,10
2025-06-07T00:01:06,9,1,0,10
2025-06-07T00:31:10,9,1,0,10
2025-06-07T01:01:12,9,1,0,10
2025-06-07T01:31:23,9,1,0,10
2025-06-07T02:01:23,9,1,0,10
2025-06-07T02:31:22,9,1,0,10
2025-06-07T03:01:19,9,1,0,10
2025-06-07T03:31:30,9,1,0,10
2025-06-07T04:01:30,9,1,0,10
2025-06-07T04:52:21,9,1,0,10
2025-06-07T05:22:21,9,1,0,10
2025-06-07T05:52:25,9,1,0,10
2025-06-07T06:22:25,9,1,0,10
2025-06-07T06:52:34,9,1,0,10
2025-06-07T07:22:36,9,1,0,10
2025-06-07T07:52:34,9,1,0,10
2025-06-07T08:22:32,9,1,0,10
2025-06-07T08:52:29,9,1,0,10
2025-06-07T09:22:35,9,1,0,10
2025-06-07T09:52:32,9,1,0,10
2025-06-07T10:22:28,9,1,0,10
2025-06-07T10:52:23,9,1,0,10
2025-06-07T11:22:21,9,1,0,10
2025-06-07T11:52:17,9,1,0,10
2025-06-07T12:22:23,9,1,0,10
2025-06-07T12:52:19,9,1,0,10
2025-06-07T13:22:16,9,1,0,10
2025-06-07T13:52:12,9,1,0,10
2025-06-07T14:22:10,9,1,0,10
2025-06-07T14:52:15,9,1,0,10
2025-06-07T15:22:12,9,1,0,10
2025-06-07T15:52:21,9,1,0,10
2025-06-07T16:22:18,9,1,0,10
2025-06-07T16:52:14,9,1,0,10
2025-06-07T17:22:11,9,1,0,10
2025-06-07T17:52:10,9,1,0,10
2025-06-07T18:22:19,9,1,0,10
2025-06-07T18:52:19,9,1,0,10
2025-06-07T19:22:16,9,1,0,10
2025-06-07T19:52:15,9,1,0,10
2025-06-07T20:22:11,9,1,0,10
2025-06-07T20:52:18,9,1,0,10
2025-06-07T21:22:16,9,1,0,10
2025-06-07T21:52:13,9,1,0,10
2025-06-07T22:22:12,9,1,0,10
2025-06-07T22:52:11,9,1,0,10
2025-06-07T23:22:18,9,1,0,10
2025-06-07T23:52:15,9,1,0,10
2025-06-08T00:22:19,10,0,0,10
2025-06-08T00:52:24,10,0,0,10
2025-06-08T01:22:24,10,0,0,10
2025-06-08T01:52:35,10,0,0,10
2025-06-08T02:22:45,10,0,0,10
2025-06-08T02:52:46,10,0,0,10
2025-06-08T03:22:46,10,0,0,10
2025-06-08T03:52:45,10,0,0,10
2025-06-08T04:54:14,10,0,0,10
2025-06-08T05:24:12,10,0,0,10
2025-06-08T05:54:13,10,0,0,10
2025-06-08T06:24:15,10,0,0,10
2025-06-08T06:54:16,10,0,0,10
2025-06-08T07:24:17,10,0,0,10
2025-06-08T07:54:20,10,0,0,10
2025-06-08T08:24:27,10,0,0,10
2025-06-08T08:54:26,10,0,0,10
2025-06-08T09:24:24,10,0,0,10
2025-06-08T09:54:22,10,0,0,10
2025-06-08T10:24:20,10,0,0,10
2025-06-08T10:54:19,10,0,0,10
2025-06-08T11:24:19,10,0,0,10
2025-06-08T11:54:26,10,0,0,10
2025-06-08T12:24:23,10,0,0,10
2025-06-08T12:54:20,10,0,0,10
2025-06-08T13:24:16,10,0,0,10
2025-06-08T13:54:22,10,0,0,10
2025-06-08T14:24:18,10,0,0,10
2025-06-08T14:54:13,10,0,0,10
2025-06-08T15:24:11,10,0,0,10
2025-06-08T15:54:16,10,0,0,10
2025-06-08T16:24:13,10,0,0,10
2025-06-08T16:54:09,10,0,0,10
2025-06-08T17:24:15,10,0,0,10
2025-06-08T17:54:11,10,0,0,10
2025-06-08T18:24:09,10,0,0,10
2025-06-08T18:54:07,10,0,0,10
2025-06-08T19:24:12,10,0,0,10
2025-06-08T19:54:09,10,0,0,10
2025-06-08T20:24:29,10,0,0,10
2025-06-08T20:54:25,10,0,0,10
2025-06-08T21:24:32,10,0,0,10
2025-06-08T21:54:33,10,0,0,10
2025-06-08T22:24:33,10,0,0,10
2025-06-08T22:54:29,10,0,0,10
2025-06-08T23:24:36,10,0,0,10
2025-06-08T23:54:33,10,0,0,10
2025-06-09T00:24:35,10,0,0,10
2025-06-09T00:54:37,10,0,0,10
2025-06-09T01:25:05,10,0,0,10
2025-06-09T01:55:05,10,0,0,10
2025-06-09T02:25:14,10,0,0,10
2025-06-09T02:55:23,10,0,0,10
2025-06-09T03:25:21,10,0,0,10
2025-06-09T03:55:19,10,0,0,10
2025-06-09T04:54:17,10,0,0,10
2025-06-09T05:24:17,10,0,0,10
2025-06-09T05:54:18,10,0,0,10
2025-06-09T06:24:20,10,0,0,10
2025-06-09T06:54:24,10,0,0,10
2025-06-09T07:24:24,10,0,0,10
2025-06-09T07:54:30,10,0,0,10
2025-06-09T08:24:27,10,0,0,10
2025-06-09T08:54:24,10,0,0,10
2025-06-09T09:24:21,10,0,0,10
2025-06-09T09:54:18,10,0,0,10
2025-06-09T10:24:28,10,0,0,10
2025-06-09T10:54:24,10,0,0,10
2025-06-09T11:24:20,10,0,0,10
2025-06-09T11:54:26,10,0,0,10
2025-06-09T12:24:25,10,0,0,10
2025-06-09T12:54:32,10,0,0,10
2025-06-09T13:24:30,10,0,0,10
2025-06-09T13:54:27,10,0,0,10
2025-06-09T14:24:36,10,0,0,10
2025-06-09T14:54:34,10,0,0,10
2025-06-09T15:24:44,10,0,0,10
2025-06-09T15:54:41,10,0,0,10
2025-06-09T16:24:49,10,0,0,10
2025-06-09T16:54:47,10,0,0,10
2025-06-09T17:24:45,10,0,0,10
2025-06-09T17:54:42,10,0,0,10
2025-06-09T18:24:50,10,0,0,10
2025-06-09T18:54:47,10,0,0,10
2025-06-09T19:24:44,10,0,0,10
2025-06-09T19:54:51,10,0,0,10
2025-06-09T20:24:48,10,0,0,10
2025-06-09T20:54:45,10,0,0,10
2025-06-09T21:24:45,10,0,0,10
2025-06-09T21:54:54,10,0,0,10
2025-06-09T22:24:51,10,0,0,10
2025-06-09T22:54:50,10,0,0,10
2025-06-09T23:25:00,10,0,0,10
2025-06-09T23:54:58,10,0,0,10
2025-06-10T00:24:58,10,0,0,10
2025-06-10T00:55:02,10,0,0,10
2025-06-10T01:25:19,10,0,0,10
2025-06-10T01:55:21,10,0,0,10
2025-06-10T02:25:25,10,0,0,10
2025-06-10T02:55:23,10,0,0,10
2025-06-10T03:25:23,10,0,0,10
2025-06-10T03:55:25,10,0,0,10
2025-06-10T05:00:33,10,0,0,10
2025-06-10T05:30:32,10,0,0,10
2025-06-10T06:00:37,10,0,0,10
2025-06-10T06:30:38,10,0,0,10
2025-06-10T07:00:46,10,0,0,10
2025-06-10T07:30:45,10,0,0,10
2025-06-10T08:00:51,10,0,0,10
2025-06-10T08:30:50,10,0,0,10
2025-06-10T09:00:49,10,0,0,10
2025-06-10T09:30:47,10,0,0,10
2025-06-10T10:00:58,10,0,0,10
2025-06-10T10:30:57,10,0,0,10
2025-06-10T11:00:57,10,0,0,10
2025-06-10T11:31:05,10,0,0,10
2025-06-10T12:01:02,10,0,0,10
2025-06-10T12:30:59,10,0,0,10
2025-06-10T13:01:07,10,0,0,10
2025-06-10T13:31:04,10,0,0,10
2025-06-10T14:01:02,10,0,0,10
2025-06-10T14:31:13,10,0,0,10
2025-06-10T15:01:10,10,0,0,10
2025-06-10T15:31:19,10,0,0,10
2025-06-10T16:01:17,10,0,0,10
2025-06-10T16:31:15,10,0,0,10
2025-06-10T17:01:22,10,0,0,10
2025-06-10T17:31:21,10,0,0,10
2025-06-10T18:01:20,10,0,0,10
2025-06-10T18:31:22,10,0,0,10
2025-06-10T19:01:30,10,0,0,10
2025-06-10T19:31:28,10,0,0,10
2025-06-10T20:01:25,10,0,0,10
2025-06-10T20:31:21,10,0,0,10
2025-06-10T21:01:29,10,0,0,10
2025-06-10T21:31:26,10,0,0,10
2025-06-10T22:01:23,10,0,0,10
2025-06-10T22:31:22,10,0,0,10
2025-06-10T23:01:30,10,0,0,10
2025-06-10T23:31:29,10,0,0,10
2025-06-11T00:01:27,10,0,0,10
2025-06-11T00:31:29,10,0,0,10
2025-06-11T01:01:42,10,0,0,10
2025-06-11T01:31:47,10,0,0,10
2025-06-11T02:01:50,10,0,0,10
2025-06-11T02:31:54,10,0,0,10
2025-06-11T03:01:58,10,0,0,10
2025-06-11T03:32:03,10,0,0,10
2025-06-11T04:02:03,10,0,0,10
2025-06-11T04:50:54,10,0,0,10
2025-06-11T05:22:50,10,0,0,10
2025-06-11T05:52:51,10,0,0,10
2025-06-11T06:22:56,10,0,0,10
2025-06-11T06:52:57,10,0,0,10
2025-06-11T07:22:59,10,0,0,10
2025-06-11T07:52:58,10,0,0,10
2025-06-11T08:23:07,10,0,0,10
2025-06-11T08:53:04,10,0,0,10
2025-06-11T09:23:02,10,0,0,10
2025-06-11T09:53:00,10,0,0,10
2025-06-11T10:23:08,10,0,0,10
2025-06-11T10:53:07,10,0,0,10
2025-06-11T11:23:06,10,0,0,10
2025-06-11T11:53:14,10,0,0,10
2025-06-11T12:23:11,10,0,0,10
2025-06-11T12:53:09,10,0,0,10
2025-06-11T13:23:20,10,0,0,10
2025-06-11T13:53:18,10,0,0,10
2025-06-11T14:23:17,10,0,0,10
2025-06-11T14:53:27,10,0,0,10
2025-06-11T15:23:28,10,0,0,10
2025-06-11T15:53:39,10,0,0,10
2025-06-11T16:23:42,10,0,0,10
2025-06-11T16:53:50,10,0,0,10
2025-06-11T17:23:49,10,0,0,10
2025-06-11T17:53:48,10,0,0,10
2025-06-11T18:23:48,10,0,0,10
2025-06-11T18:53:57,10,0,0,10
2025-06-11T19:23:56,10,0,0,10
2025-06-11T19:53:57,10,0,0,10
2025-06-11T20:23:56,10,0,0,10
2025-06-11T20:54:05,10,0,0,10
2025-06-11T21:24:03,10,0,0,10
2025-06-11T21:54:03,10,0,0,10
2025-06-11T22:24:12,10,0,0,10
2025-06-11T22:54:11,10,0,0,10
2025-06-11T23:24:12,10,0,0,10
2025-06-11T23:54:11,10,0,0,10
2025-06-12T00:24:15,10,0,0,10
2025-06-12T00:54:29,10,0,0,10
2025-06-12T01:24:32,10,0,0,10
2025-06-12T01:54:36,10,0,0,10
2025-06-12T02:24:42,10,0,0,10
2025-06-12T02:54:43,10,0,0,10
2025-06-12T03:24:43,10,0,0,10
2025-06-12T03:55:07,10,0,0,10
2025-06-12T04:50:37,10,0,0,10
2025-06-12T05:20:38,10,0,0,10
2025-06-12T05:50:40,10,0,0,10
2025-06-12T06:20:43,10,0,0,10
2025-06-12T06:50:46,10,0,0,10
2025-06-12T07:20:48,10,0,0,10
2025-06-12T07:50:56,10,0,0,10
2025-06-12T08:20:56,10,0,0,10
2025-06-12T08:50:55,10,0,0,10
2025-06-12T09:20:54,10,0,0,10
2025-06-12T09:50:53,10,0,0,10
2025-06-12T10:21:05,10,0,0,10
2025-06-12T10:51:05,10,0,0,10
2025-06-12T11:21:06,10,0,0,10
2025-06-12T11:51:18,10,0,0,10
2025-06-12T12:21:19,10,0,0,10
2025-06-12T12:51:28,10,0,0,10
2025-06-12T13:21:26,10,0,0,10
2025-06-12T13:51:25,10,0,0,10
2025-06-12T14:21:37,10,0,0,10
2025-06-12T14:51:35,10,0,0,10
2025-06-12T15:21:37,10,0,0,10
2025-06-12T15:51:47,10,0,0,10
2025-06-12T16:21:45,10,0,0,10
2025-06-12T16:51:43,10,0,0,10
2025-06-12T17:21:55,10,0,0,10
2025-06-12T17:51:54,10,0,0,10
2025-06-12T18:21:53,10,0,0,10
2025-06-12T18:52:04,10,0,0,10
2025-06-12T19:22:03,10,0,0,10
2025-06-12T19:52:02,10,0,0,10
2025-06-12T20:22:13,10,0,0,10
2025-06-12T20:52:12,10,0,0,10
2025-06-12T21:22:11,10,0,0,10
2025-06-12T21:52:12,10,0,0,10
2025-06-12T22:22:21,10,0,0,10
2025-06-12T22:52:24,10,0,0,10
2025-06-12T23:22:23,10,0,0,10
2025-06-12T23:52:23,10,0,0,10
2025-06-13T00:22:37,10,0,0,10
2025-06-13T00:52:39,10,0,0,10
2025-06-13T01:23:51,10,0,0,10
2025-06-13T01:53:50,10,0,0,10
2025-06-13T02:23:46,10,0,0,10
2025-06-13T02:53:55,10,0,0,10
2025-06-13T03:23:50,10,0,0,10
2025-06-13T03:53:47,10,0,0,10
2025-06-13T04:58:27,10,0,0,10
2025-06-13T05:28:31,10,0,0,10
2025-06-13T05:58:35,10,0,0,10
2025-06-13T06:28:40,10,0,0,10
2025-06-13T06:59:26,10,0,0,10
2025-06-13T07:29:38,10,0,0,10
2025-06-13T07:59:39,10,0,0,10
2025-06-13T08:29:38,10,0,0,10
2025-06-13T08:59:36,10,0,0,10
2025-06-13T09:29:35,10,0,0,10
2025-06-13T09:59:43,10,0,0,10
2025-06-13T10:29:43,10,0,0,10
2025-06-13T10:59:42,10,0,0,10
2025-06-13T11:29:54,10,0,0,10
2025-06-13T11:59:52,10,0,0,10
2025-06-13T12:29:51,10,0,0,10
2025-06-13T12:59:59,10,0,0,10
2025-06-13T13:29:58,10,0,0,10
2025-06-13T14:00:08,10,0,0,10
2025-06-13T14:30:07,10,0,0,10
2025-06-13T15:00:06,10,0,0,10
2025-06-13T15:30:18,10,0,0,10
2025-06-13T16:00:16,10,0,0,10
2025-06-13T16:30:27,10,0,0,10
2025-06-13T17:00:25,10,0,0,10
2025-06-13T17:30:24,10,0,0,10
2025-06-13T18:00:22,10,0,0,10
2025-06-13T18:30:35,10,0,0,10
2025-06-13T19:00:35,10,0,0,10
2025-06-13T19:30:33,10,0,0,10
2025-06-13T20:00:31,10,0,0,10
2025-06-13T20:30:42,10,0,0,10
2025-06-13T21:00:40,10,0,0,10
2025-06-13T21:30:38,10,0,0,10
2025-06-13T22:00:37,10,0,0,10
2025-06-13T22:30:47,10,0,0,10
2025-06-13T23:00:46,10,0,0,10
2025-06-13T23:30:47,10,0,0,10
2025-06-14T00:00:46,10,0,0,10
2025-06-14T00:30:50,10,0,0,10
2025-06-14T01:01:06,10,0,0,10
2025-06-14T01:31:10,10,0,0,10
2025-06-14T02:01:13,10,0,0,10
2025-06-14T02:31:19,10,0,0,10
2025-06-14T03:01:19,10,0,0,10
2025-06-14T03:31:29,10,0,0,10
2025-06-14T04:01:46,10,0,0,10
2025-06-14T04:48:45,10,0,0,10
2025-06-14T05:18:47,10,0,0,10
2025-06-14T05:48:51,10,0,0,10
2025-06-14T06:18:56,10,0,0,10
2025-06-14T06:48:58,10,0,0,10
2025-06-14T07:19:12,10,0,0,10
2025-06-14T07:49:12,10,0,0,10
2025-06-14T08:19:14,10,0,0,10
2025-06-14T08:49:14,10,0,0,10
2025-06-14T09:19:13,10,0,0,10
2025-06-14T09:49:25,10,0,0,10
2025-06-14T10:19:24,10,0,0,10
2025-06-14T10:49:24,10,0,0,10
2025-06-14T11:19:24,10,0,0,10
2025-06-14T11:49:32,10,0,0,10
2025-06-14T12:19:31,10,0,0,10
2025-06-14T12:49:32,10,0,0,10
2025-06-14T13:19:40,10,0,0,10
2025-06-14T13:49:38,10,0,0,10
2025-06-14T14:19:36,10,0,0,10
2025-06-14T14:49:46,10,0,0,10
2025-06-14T15:19:44,10,0,0,10
2025-06-14T15:49:45,10,0,0,10
2025-06-14T16:19:54,10,0,0,10
2025-06-14T16:49:52,10,0,0,10
2025-06-14T17:19:51,10,0,0,10
2025-06-14T17:49:50,10,0,0,10
2025-06-14T18:20:04,10,0,0,10
2025-06-14T18:50:05,10,0,0,10
2025-06-14T19:20:05,10,0,0,10
2025-06-14T19:50:05,10,0,0,10
2025-06-14T20:20:13,10,0,0,10
2025-06-14T20:50:12,10,0,0,10
2025-06-14T21:20:10,10,0,0,10
2025-06-14T21:50:11,10,0,0,10
2025-06-14T22:20:21,10,0,0,10
2025-06-14T22:50:21,10,0,0,10
2025-06-14T23:20:20,10,0,0,10
2025-06-14T23:50:20,10,0,0,10
2025-06-15T00:20:30,10,0,0,10
2025-06-15T01:24:35,10,0,0,10
2025-06-15T01:54:42,10,0,0,10
2025-06-15T02:24:50,10,0,0,10
2025-06-15T02:54:55,10,0,0,10
2025-06-15T03:24:54,10,0,0,10
2025-06-15T03:55:04,10,0,0,10
2025-06-15T04:45:42,10,0,0,10
2025-06-15T05:16:15,10,0,0,10
2025-06-15T05:46:39,10,0,0,10
2025-06-15T06:17:31,10,0,0,10
2025-06-15T06:47:37,10,0,0,10
2025-06-15T07:17:47,10,0,0,10
2025-06-15T07:47:48,10,0,0,10
2025-06-15T08:17:51,10,0,0,10
2025-06-15T08:47:53,10,0,0,10
2025-06-15T09:17:56,10,0,0,10
2025-06-15T09:47:58,10,0,0,10
2025-06-15T10:18:12,10,0,0,10
2025-06-15T10:48:13,10,0,0,10
2025-06-15T11:18:11,10,0,0,10
2025-06-15T11:48:11,10,0,0,10
2025-06-15T12:18:18,10,0,0,10
2025-06-15T12:48:17,10,0,0,10
2025-06-15T13:18:24,10,0,0,10
2025-06-15T13:48:22,10,0,0,10
2025-06-15T14:18:20,10,0,0,10
2025-06-15T14:48:28,10,0,0,10
2025-06-15T15:18:25,10,0,0,10
2025-06-15T15:48:34,10,0,0,10
2025-06-15T16:18:32,10,0,0,10
2025-06-15T16:48:30,10,0,0,10
2025-06-15T17:18:39,10,0,0,10
2025-06-15T17:48:37,10,0,0,10
2025-06-15T18:18:36,10,0,0,10
2025-06-15T18:48:46,10,0,0,10
2025-06-15T19:18:45,10,0,0,10
2025-06-15T19:48:44,10,0,0,10
2025-06-15T20:18:44,10,0,0,10
2025-06-15T20:48:52,10,0,0,10
2025-06-15T21:18:50,10,0,0,10
2025-06-15T21:48:51,10,0,0,10
2025-06-15T22:19:01,10,0,0,10
2025-06-15T22:49:00,10,0,0,10
2025-06-15T23:18:59,10,0,0,10
2025-06-15T23:49:10,10,0,0,10
2025-06-16T00:19:11,10,0,0,10
2025-06-16T00:49:18,10,0,0,10
2025-06-16T01:19:30,10,0,0,10
2025-06-16T01:49:33,10,0,0,10
2025-06-16T02:19:37,10,0,0,10
2025-06-16T02:49:39,10,0,0,10
2025-06-16T03:19:40,10,0,0,10
2025-06-16T03:49:39,10,0,0,10
2025-06-16T04:58:31,10,0,0,10
2025-06-16T05:28:33,10,0,0,10
2025-06-16T05:58:35,10,0,0,10
2025-06-16T06:28:38,10,0,0,10
2025-06-16T06:58:47,10,0,0,10
2025-06-16T07:28:48,10,0,0,10
2025-06-16T07:58:58,10,0,0,10
2025-06-16T08:28:57,10,0,0,10
2025-06-16T08:58:56,10,0,0,10
2025-06-16T09:29:08,10,0,0,10
2025-06-16T09:59:09,10,0,0,10
2025-06-16T10:29:10,10,0,0,10
2025-06-16T10:59:25,10,0,0,10
2025-06-16T11:29:25,10,0,0,10
2025-06-16T11:59:36,10,0,0,10
2025-06-16T12:29:36,10,0,0,10
2025-06-16T12:59:47,10,0,0,10
2025-06-16T13:29:47,10,0,0,10
2025-06-16T14:00:01,10,0,0,10
2025-06-16T14:30:16,10,0,0,10
2025-06-16T15:00:15,10,0,0,10
2025-06-16T15:30:28,10,0,0,10
2025-06-16T16:00:27,10,0,0,10
2025-06-16T16:30:39,10,0,0,10
2025-06-16T17:00:39,10,0,0,10
2025-06-16T17:30:52,10,0,0,10
2025-06-16T18:00:52,10,0,0,10
2025-06-16T18:31:04,10,0,0,10
2025-06-16T19:01:03,10,0,0,10
2025-06-16T19:31:15,10,0,0,10
2025-06-16T20:01:14,10,0,0,10
2025-06-16T20:31:25,10,0,0,10
2025-06-16T21:01:24,10,0,0,10
2025-06-16T21:31:38,10,0,0,10
2025-06-16T22:01:37,10,0,0,10
2025-06-16T22:31:49,10,0,0,10
2025-06-16T23:01:49,10,0,0,10
2025-06-16T23:31:49,10,0,0,10
2025-06-17T00:02:02,10,0,0,10
2025-06-17T00:32:05,10,0,0,10
2025-06-17T01:02:21,10,0,0,10
2025-06-17T01:32:25,10,0,0,10
2025-06-17T02:02:30,10,0,0,10
2025-06-17T02:32:35,10,0,0,10
2025-06-17T03:02:58,10,0,0,10
2025-06-17T03:33:10,10,0,0,10
2025-06-17T04:03:12,10,0,0,10
2025-06-17T05:00:32,10,0,0,10
2025-06-17T05:30:34,10,0,0,10
2025-06-17T06:00:39,10,0,0,10
2025-06-17T06:30:40,10,0,0,10
2025-06-17T07:00:43,10,0,0,10
2025-06-17T07:30:53,10,0,0,10
2025-06-17T08:00:54,10,0,0,10
2025-06-17T08:30:54,10,0,0,10
2025-06-17T09:01:06,10,0,0,10
2025-06-17T09:31:05,10,0,0,10
2025-06-17T10:01:16,10,0,0,10
2025-06-17T10:31:16,10,0,0,10
2025-06-17T11:01:29,10,0,0,10
2025-06-17T11:31:29,10,0,0,10
2025-06-17T12:01:40,10,0,0,10
2025-06-17T12:31:50,10,0,0,10
2025-06-17T13:01:46,10,0,0,10
2025-06-17T13:31:54,10,0,0,10
2025-06-17T14:02:04,10,0,0,10
2025-06-17T14:32:02,10,0,0,10
2025-06-17T15:02:09,10,0,0,10
2025-06-17T15:32:23,10,0,0,10
2025-06-17T16:02:34,10,0,0,10
2025-06-17T16:32:35,10,0,0,10
2025-06-17T17:02:45,10,0,0,10
2025-06-17T17:32:59,10,0,0,10
2025-06-17T18:02:59,10,0,0,10
2025-06-17T18:33:11,10,0,0,10
2025-06-17T19:03:24,10,0,0,10
2025-06-17T19:33:24,10,0,0,10
2025-06-17T20:03:36,10,0,0,10
2025-06-17T20:33:37,10,0,0,10
2025-06-17T21:03:50,10,0,0,10
2025-06-17T21:33:50,10,0,0,10
2025-06-17T22:04:03,10,0,0,10
2025-06-17T22:34:19,10,0,0,10
2025-06-17T23:04:22,10,0,0,10
2025-06-17T23:34:38,10,0,0,10
2025-06-18T00:04:40,10,0,0,10
2025-06-18T00:35:04,10,0,0,10
2025-06-18T01:05:10,10,0,0,10
2025-06-18T01:35:30,10,0,0,10
2025-06-18T02:05:44,10,0,0,10
2025-06-18T02:35:47,10,0,0,10
2025-06-18T03:06:02,10,0,0,10
2025-06-18T03:36:05,10,0,0,10
2025-06-18T04:06:09,10,0,0,10
2025-06-18T04:48:43,10,0,0,10
2025-06-18T05:18:47,10,0,0,10
2025-06-18T05:48:49,10,0,0,10
2025-06-18T06:18:53,10,0,0,10
2025-06-18T06:49:08,10,0,0,10
2025-06-18T07:19:10,10,0,0,10
2025-06-18T07:49:13,10,0,0,10
2025-06-18T08:19:26,10,0,0,10
2025-06-18T08:49:28,10,0,0,10
2025-06-18T09:19:42,10,0,0,10
2025-06-18T09:49:46,10,0,0,10
2025-06-18T10:20:00,10,0,0,10
2025-06-18T10:50:13,10,0,0,10
2025-06-18T11:20:19,10,0,0,10
2025-06-18T11:50:36,10,0,0,10
2025-06-18T12:20:54,10,0,0,10
2025-06-18T12:51:08,10,0,0,10
2025-06-18T13:21:17,10,0,0,10
2025-06-18T13:51:31,10,0,0,10
2025-06-18T14:21:36,10,0,0,10
2025-06-18T14:51:49,10,0,0,10
2025-06-18T15:22:05,10,0,0,10
2025-06-18T15:52:09,10,0,0,10
2025-06-18T16:22:22,10,0,0,10
2025-06-18T16:52:26,10,0,0,10
2025-06-18T17:22:41,10,0,0,10
2025-06-18T17:52:46,10,0,0,10
2025-06-18T18:23:00,10,0,0,10
2025-06-18T18:53:04,10,0,0,10
2025-06-18T19:23:18,10,0,0,10
2025-06-18T19:53:20,10,0,0,10
2025-06-18T20:23:38,10,0,0,10
2025-06-18T20:53:42,10,0,0,10
2025-06-18T21:23:44,10,0,0,10
2025-06-18T21:53:57,10,0,0,10
2025-06-18T22:24:03,10,0,0,10
2025-06-18T22:54:20,10,0,0,10
2025-06-18T23:24:25,10,0,0,10
2025-06-18T23:54:29,10,0,0,10
2025-06-19T00:24:46,10,0,0,10
2025-06-19T00:55:46,10,0,0,10
2025-06-19T01:25:51,10,0,0,10
2025-06-19T01:55:56,10,0,0,10
2025-06-19T02:26:15,10,0,0,10
2025-06-19T02:56:18,10,0,0,10
2025-06-19T03:26:37,10,0,0,10
2025-06-19T03:56:40,10,0,0,10
2025-06-19T05:01:22,10,0,0,10
2025-06-19T05:31:25,10,0,0,10
2025-06-19T06:01:33,10,0,0,10
2025-06-19T06:31:37,10,0,0,10
2025-06-19T07:01:41,10,0,0,10
2025-06-19T07:31:44,10,0,0,10
2025-06-19T08:01:57,10,0,0,10
2025-06-19T08:31:58,10,0,0,10
2025-06-19T09:01:59,10,0,0,10
2025-06-19T09:32:00,10,0,0,10
2025-06-19T10:02:11,10,0,0,10
2025-06-19T10:32:12,10,0,0,10
2025-06-19T11:02:13,10,0,0,10
2025-06-19T11:32:14,10,0,0,10
2025-06-19T12:02:25,10,0,0,10
2025-06-19T12:32:28,10,0,0,10
2025-06-19T13:02:37,10,0,0,10
2025-06-19T13:32:38,10,0,0,10
2025-06-19T14:02:40,10,0,0,10
2025-06-19T14:32:51,10,0,0,10
2025-06-19T15:02:52,10,0,0,10
2025-06-19T15:33:03,10,0,0,10
2025-06-19T16:03:04,10,0,0,10
2025-06-19T16:33:05,10,0,0,10
2025-06-19T17:03:17,10,0,0,10
2025-06-19T17:33:18,10,0,0,10
2025-06-19T18:03:20,10,0,0,10
2025-06-19T18:33:31,10,0,0,10
2025-06-19T19:03:32,10,0,0,10
2025-06-19T19:33:33,10,0,0,10
2025-06-19T20:03:35,10,0,0,10
2025-06-19T20:33:46,10,0,0,10
2025-06-19T21:03:47,10,0,0,10
2025-06-19T21:33:59,10,0,0,10
2025-06-19T22:04:00,10,0,0,10
2025-06-19T22:34:01,10,0,0,10
2025-06-19T23:04:04,10,0,0,10
2025-06-19T23:34:20,10,0,0,10
2025-06-20T00:04:22,10,0,0,10
2025-06-20T00:35:00,10,0,0,10
2025-06-20T01:05:17,10,0,0,10
2025-06-20T01:35:32,10,0,0,10
2025-06-20T02:05:37,10,0,0,10
2025-06-20T02:35:41,10,0,0,10
2025-06-20T03:05:44,10,0,0,10
2025-06-20T03:35:46,10,0,0,10
2025-06-20T04:06:02,10,0,0,10
2025-06-20T04:56:16,10,0,0,10
2025-06-20T05:26:20,10,0,0,10
2025-06-20T05:56:25,10,0,0,10
2025-06-20T06:26:30,10,0,0,10
2025-06-20T06:56:35,10,0,0,10
2025-06-20T07:26:40,10,0,0,10
2025-06-20T07:56:42,10,0,0,10
2025-06-20T08:26:53,10,0,0,10
2025-06-20T08:56:54,10,0,0,10
2025-06-20T09:26:56,10,0,0,10
2025-06-20T09:56:57,10,0,0,10
2025-06-20T10:27:12,10,0,0,10
2025-06-20T10:57:14,10,0,0,10
2025-06-20T11:27:15,10,0,0,10
2025-06-20T11:57:29,10,0,0,10
2025-06-20T12:27:30,10,0,0,10
2025-06-20T12:57:31,10,0,0,10
2025-06-20T13:27:45,10,0,0,10
2025-06-20T13:57:46,10,0,0,10
2025-06-20T14:27:48,10,0,0,10
2025-06-20T14:58:00,10,0,0,10
2025-06-20T15:28:05,10,0,0,10
2025-06-20T15:58:18,10,0,0,10
2025-06-20T16:28:21,10,0,0,10
2025-06-20T16:58:22,10,0,0,10
2025-06-20T17:28:35,10,0,0,10
2025-06-20T17:58:36,10,0,0,10
2025-06-20T18:28:39,10,0,0,10
2025-06-20T18:58:39,10,0,0,10
2025-06-20T19:28:50,10,0,0,10
2025-06-20T19:58:51,10,0,0,10
2025-06-20T20:28:51,10,0,0,10
2025-06-20T20:59:02,10,0,0,10
2025-06-20T21:29:02,10,0,0,10
2025-06-20T21:59:04,10,0,0,10
2025-06-20T22:29:05,10,0,0,10
2025-06-20T22:59:24,10,0,0,10
2025-06-20T23:30:03,10,0,0,10
2025-06-21T00:00:04,10,0,0,10
2025-06-21T00:30:42,10,0,0,10
2025-06-21T01:01:16,10,0,0,10
2025-06-21T01:31:25,10,0,0,10
2025-06-21T02:01:31,10,0,0,10
2025-06-21T02:31:37,10,0,0,10
2025-06-21T03:01:41,10,0,0,10
2025-06-21T03:32:23,10,0,0,10
2025-06-21T04:02:28,10,0,0,10
2025-06-21T04:56:15,10,0,0,10
2025-06-21T05:26:18,10,0,0,10
2025-06-21T05:56:22,10,0,0,10
2025-06-21T06:26:27,10,0,0,10
2025-06-21T06:56:33,10,0,0,10
2025-06-21T07:26:45,10,0,0,10
2025-06-21T07:56:48,10,0,0,10
2025-06-21T08:26:50,10,0,0,10
2025-06-21T08:56:51,10,0,0,10
2025-06-21T09:26:52,10,0,0,10
2025-06-21T09:57:03,10,0,0,10
2025-06-21T10:27:04,10,0,0,10
2025-06-21T10:57:04,10,0,0,10
2025-06-21T11:27:04,10,0,0,10
2025-06-21T11:57:15,10,0,0,10
2025-06-21T12:27:16,10,0,0,10
2025-06-21T12:57:16,10,0,0,10
2025-06-21T13:27:19,10,0,0,10
2025-06-21T13:57:29,10,0,0,10
2025-06-21T14:27:29,10,0,0,10
2025-06-21T14:57:29,10,0,0,10
2025-06-21T15:27:31,10,0,0,10
2025-06-21T15:57:42,10,0,0,10
2025-06-21T16:27:43,10,0,0,10
2025-06-21T16:57:43,10,0,0,10
2025-06-21T17:27:54,10,0,0,10
2025-06-21T17:57:55,10,0,0,10
2025-06-21T18:27:55,10,0,0,10
2025-06-21T18:57:57,10,0,0,10
2025-06-21T19:27:58,10,0,0,10
2025-06-21T19:58:08,10,0,0,10
2025-06-21T20:28:09,10,0,0,10
2025-06-21T20:58:09,10,0,0,10
2025-06-21T21:28:10,10,0,0,10
2025-06-21T21:58:21,10,0,0,10
2025-06-21T22:28:22,10,0,0,10
2025-06-21T22:58:24,10,0,0,10
2025-06-21T23:28:27,10,0,0,10
2025-06-21T23:58:39,10,0,0,10
2025-06-22T00:28:47,10,0,0,10
2025-06-22T00:58:55,10,0,0,10
2025-06-22T01:29:01,10,0,0,10
2025-06-22T01:59:06,10,0,0,10
2025-06-22T02:29:23,10,0,0,10
2025-06-22T02:59:48,10,0,0,10
2025-06-22T03:29:54,10,0,0,10
2025-06-22T03:59:58,10,0,0,10
2025-06-25T11:33:12,10,0,0,10
2025-06-25T12:03:16,10,0,0,10
2025-06-25T12:33:32,10,0,0,10
2025-06-25T13:03:35,10,0,0,10
2025-06-25T13:33:38,10,0,0,10
2025-06-25T14:03:42,10,0,0,10
2025-06-25T14:33:57,10,0,0,10
2025-06-25T15:04:00,10,0,0,10
2025-06-25T15:34:17,10,0,0,10
2025-06-25T16:04:20,10,0,0,10
2025-06-25T16:34:24,10,0,0,10
2025-06-25T17:04:37,10,0,0,10
2025-06-25T17:34:41,10,0,0,10
2025-06-25T18:04:44,10,0,0,10
2025-06-25T18:34:48,10,0,0,10
2025-06-25T19:05:03,10,0,0,10
2025-06-25T19:35:06,10,0,0,10
2025-06-25T20:05:10,10,0,0,10
2025-06-25T20:35:23,10,0,0,10
2025-06-25T21:05:26,10,0,0,10
2025-06-25T21:35:28,10,0,0,10
2025-06-25T22:05:31,10,0,0,10
2025-06-25T22:35:45,10,0,0,10
2025-06-25T23:05:47,10,0,0,10
2025-06-25T23:35:50,10,0,0,10
2025-06-26T00:05:53,10,0,0,10
2025-06-26T00:36:12,10,0,0,10
2025-06-26T01:06:20,10,0,0,10
2025-06-26T01:36:27,10,0,0,10
2025-06-26T02:06:35,10,0,0,10
2025-06-26T02:36:41,10,0,0,10
2025-06-26T03:06:48,10,0,0,10
2025-06-26T03:37:06,10,0,0,10
2025-06-26T04:07:22,10,0,0,10
2025-06-26T04:49:21,10,0,0,10
2025-06-26T05:19:26,10,0,0,10
2025-06-26T05:49:37,10,0,0,10
2025-06-26T06:19:45,10,0,0,10
2025-06-26T06:50:06,10,0,0,10
2025-06-26T07:20:13,10,0,0,10
2025-06-26T07:50:17,10,0,0,10
2025-06-26T08:20:21,10,0,0,10
2025-06-26T08:50:26,10,0,0,10
2025-06-26T09:20:30,10,0,0,10
2025-06-26T09:50:46,10,0,0,10
2025-06-26T10:20:48,10,0,0,10
2025-06-26T10:50:51,10,0,0,10
2025-06-26T11:20:56,10,0,0,10
2025-06-26T11:51:09,10,0,0,10
2025-06-26T12:21:12,10,0,0,10
2025-06-26T12:51:15,10,0,0,10
2025-06-26T13:21:19,10,0,0,10
2025-06-26T13:51:34,10,0,0,10
2025-06-26T14:21:37,10,0,0,10
2025-06-26T14:51:40,10,0,0,10
2025-06-26T15:22:01,10,0,0,10
2025-06-26T15:52:04,10,0,0,10
2025-06-26T16:22:11,10,0,0,10
2025-06-26T16:52:23,10,0,0,10
2025-06-26T17:22:26,10,0,0,10
2025-06-26T17:52:29,10,0,0,10
2025-06-26T18:22:54,10,0,0,10
2025-06-26T18:52:58,10,0,0,10
2025-06-26T19:23:48,10,0,0,10
2025-06-26T19:54:57,10,0,0,10
2025-06-26T20:25:33,10,0,0,10
2025-06-26T20:56:45,10,0,0,10
2025-06-26T21:27:20,10,0,0,10
2025-06-26T21:58:33,10,0,0,10
2025-06-26T22:29:17,10,0,0,10
2025-06-26T23:00:07,10,0,0,10
2025-06-26T23:31:00,10,0,0,10
2025-06-27T00:01:38,10,0,0,10
2025-06-27T00:32:02,10,0,0,10
2025-06-27T01:02:33,10,0,0,10
2025-06-27T01:33:31,10,0,0,10
2025-06-27T02:04:16,10,0,0,10
2025-06-27T02:35:14,10,0,0,10
2025-06-27T03:06:08,10,0,0,10
2025-06-27T03:36:59,10,0,0,10
2025-06-27T04:07:32,10,0,0,10
2025-06-27T15:55:19,10,0,0,10
2025-06-27T16:25:53,10,0,0,10
2025-06-27T16:56:35,10,0,0,10
2025-06-27T17:27:04,10,0,0,10
2025-06-27T17:57:26,10,0,0,10
2025-06-27T18:28:17,10,0,0,10
2025-06-27T18:58:55,10,0,0,10
2025-06-27T19:29:27,10,0,0,10
2025-06-27T19:59:55,10,0,0,10
2025-06-27T20:30:47,10,0,0,10
2025-06-27T21:01:33,10,0,0,10
2025-06-27T21:31:59,10,0,0,10
2025-06-27T22:02:42,10,0,0,10
2025-06-27T22:33:05,10,0,0,10
2025-06-27T23:03:56,10,0,0,10
2025-06-27T23:35:10,10,0,0,10
2025-06-28T00:06:08,10,0,0,10
2025-06-28T00:37:18,10,0,0,10
2025-06-28T01:08:02,10,0,0,10
2025-06-28T01:38:43,10,0,0,10
2025-06-28T02:09:07,10,0,0,10
2025-06-28T02:40:05,10,0,0,10
2025-06-28T03:11:09,10,0,0,10
2025-06-28T03:42:40,10,0,0,10
2025-06-28T04:13:25,10,0,0,10
2025-06-28T04:57:04,10,0,0,10
2025-06-28T05:28:16,10,0,0,10
2025-06-28T05:58:42,10,0,0,10
2025-06-28T06:29:32,10,0,0,10
2025-06-28T06:59:53,10,0,0,10
2025-06-28T07:30:19,10,0,0,10
2025-06-28T08:01:22,10,0,0,10
2025-06-28T08:31:45,10,0,0,10
2025-06-28T09:02:02,10,0,0,10
2025-06-28T09:32:24,10,0,0,10
2025-06-28T10:02:51,10,0,0,10
2025-06-28T10:33:16,10,0,0,10
2025-06-28T11:04:10,10,0,0,10
2025-06-28T11:35:00,10,0,0,10
2025-06-28T12:05:51,10,0,0,10
2025-06-28T12:36:25,10,0,0,10
2025-06-28T13:07:07,10,0,0,10
2025-06-28T13:38:04,10,0,0,10
2025-06-28T14:09:03,10,0,0,10
2025-06-28T14:39:32,10,0,0,10
2025-06-28T15:10:10,10,0,0,10
2025-06-28T15:40:33,10,0,0,10
2025-06-28T16:10:59,10,0,0,10
2025-06-28T16:41:56,10,0,0,10
2025-06-28T17:12:38,10,0,0,10
2025-06-28T17:43:39,10,0,0,10
2025-06-28T18:14:17,10,0,0,10
2025-06-28T18:45:14,10,0,0,10
2025-06-28T19:15:36,10,0,0,10
2025-06-28T19:46:39,10,0,0,10
2025-06-28T20:17:15,10,0,0,10
2025-06-28T20:48:01,10,0,0,10
2025-06-28T21:18:21,10,0,0,10
2025-06-28T21:49:17,10,0,0,10
2025-06-28T22:19:40,10,0,0,10
2025-06-28T22:50:01,10,0,0,10
2025-06-28T23:20:39,10,0,0,10
2025-06-28T23:51:22,10,0,0,10
2025-06-29T00:22:09,10,0,0,10
2025-06-29T00:53:13,10,0,0,10
2025-06-29T01:24:07,10,0,0,10
2025-06-29T01:55:05,10,0,0,10
2025-06-29T02:25:46,10,0,0,10
2025-06-29T02:56:18,10,0,0,10
2025-06-29T03:27:14,10,0,0,10
2025-06-29T03:57:56,10,0,0,10
2025-06-29T04:52:24,10,0,0,10
2025-06-29T05:24:38,10,0,0,10
2025-06-29T05:56:03,10,0,0,10
2025-06-29T06:26:55,10,0,0,10
2025-06-29T06:57:31,10,0,0,10
2025-06-29T07:28:12,10,0,0,10
2025-06-29T07:59:17,10,0,0,10
2025-06-29T08:29:52,10,0,0,10
2025-06-29T09:00:15,10,0,0,10
2025-06-29T09:30:32,10,0,0,10
2025-06-29T10:01:15,10,0,0,10
2025-06-29T10:31:44,10,0,0,10
2025-06-29T11:02:25,10,0,0,10
2025-06-29T11:32:53,10,0,0,10
2025-06-29T12:03:25,10,0,0,10
2025-06-29T12:34:02,10,0,0,10
2025-06-29T13:04:13,10,0,0,10
2025-06-29T13:34:54,10,0,0,10
2025-06-29T14:05:23,10,0,0,10
2025-06-29T14:36:04,10,0,0,10
2025-06-29T15:06:35,10,0,0,10
2025-06-29T15:36:54,10,0,0,10
2025-06-29T16:07:11,10,0,0,10
2025-06-29T16:38:02,10,0,0,10
2025-06-29T17:08:29,10,0,0,10
2025-06-29T17:38:51,10,0,0,10
2025-06-29T18:09:24,10,0,0,10
2025-06-29T18:39:57,10,0,0,10
2025-06-29T19:10:18,10,0,0,10
2025-06-29T19:41:26,10,0,0,10
2025-06-29T20:11:44,10,0,0,10
2025-06-29T20:42:10,10,0,0,10
2025-06-29T21:12:45,10,0,0,10
2025-06-29T21:43:36,10,0,0,10
2025-06-29T22:14:06,10,0,0,10
2025-06-29T22:44:18,10,0,0,10
2025-06-29T23:14:39,10,0,0,10
2025-06-29T23:45:04,10,0,0,10
2025-06-30T00:15:30,10,0,0,10
2025-06-30T00:45:45,10,0,0,10
2025-06-30T01:16:13,10,0,0,10
2025-06-30T01:46:55,10,0,0,10
2025-06-30T02:17:43,10,0,0,10
2025-06-30T02:48:22,10,0,0,10
2025-06-30T03:19:02,10,0,0,10
2025-06-30T03:49:51,10,0,0,10
2025-06-30T04:53:35,10,0,0,10
2025-06-30T05:24:09,10,0,0,10
2025-06-30T05:54:42,10,0,0,10
2025-06-30T06:25:28,10,0,0,10
2025-06-30T06:55:59,10,0,0,10
2025-06-30T07:26:32,10,0,0,10
2025-06-30T07:56:56,10,0,0,10
2025-06-30T08:27:48,10,0,0,10
2025-06-30T08:58:31,10,0,0,10
2025-06-30T09:28:58,10,0,0,10
2025-06-30T09:59:46,10,0,0,10
2025-06-30T10:30:48,10,0,0,10
2025-06-30T11:02:05,10,0,0,10
2025-06-30T11:32:36,10,0,0,10
2025-06-30T12:03:17,10,0,0,10
2025-06-30T12:33:43,10,0,0,10
2025-06-30T13:04:33,10,0,0,10
2025-06-30T13:35:15,10,0,0,10
2025-06-30T14:06:15,10,0,0,10
2025-06-30T14:37:25,10,0,0,10
2025-06-30T15:07:57,10,0,0,10
2025-06-30T15:38:21,10,0,0,10
2025-06-30T16:08:58,10,0,0,10
2025-06-30T16:39:44,10,0,0,10
2025-06-30T17:11:04,10,0,0,10
2025-06-30T17:41:36,10,0,0,10
2025-06-30T18:11:51,10,0,0,10
2025-06-30T18:42:15,10,0,0,10
2025-06-30T19:12:57,10,0,0,10
2025-06-30T19:43:19,10,0,0,10
2025-06-30T20:13:34,10,0,0,10
2025-06-30T20:44:17,10,0,0,10
2025-06-30T21:15:02,10,0,0,10
2025-06-30T21:45:53,10,0,0,10
2025-06-30T22:17:23,10,0,0,10
2025-06-30T22:48:08,10,0,0,10
2025-06-30T23:18:41,10,0,0,10
2025-06-30T23:49:14,10,0,0,10
2025-07-01T00:20:20,10,0,0,10
2025-07-01T00:51:44,10,0,0,10
2025-07-01T01:22:20,10,0,0,10
2025-07-01T01:52:38,10,0,0,10
2025-07-01T02:23:05,10,0,0,10
2025-07-01T02:53:26,10,0,0,10
2025-07-01T03:24:05,10,0,0,10
2025-07-01T03:54:51,10,0,0,10
2025-07-01T04:54:52,10,0,0,10
2025-07-01T05:25:09,10,0,0,10
2025-07-01T05:55:35,10,0,0,10
2025-07-01T06:26:13,10,0,0,10
2025-07-01T06:56:37,10,0,0,10
2025-07-01T07:26:59,10,0,0,10
2025-07-01T07:57:24,10,0,0,10
2025-07-01T08:28:08,10,0,0,10
2025-07-01T08:58:29,10,0,0,10
2025-07-01T09:29:15,10,0,0,10
2025-07-01T09:59:43,10,0,0,10
2025-07-01T10:31:08,10,0,0,10
2025-07-01T11:01:59,10,0,0,10
2025-07-01T11:33:08,10,0,0,10
2025-07-01T12:03:55,10,0,0,10
2025-07-01T12:34:32,10,0,0,10
2025-07-01T13:05:50,10,0,0,10
2025-07-01T13:36:25,10,0,0,10
2025-07-01T14:07:16,10,0,0,10
2025-07-01T14:37:58,10,0,0,10
2025-07-01T15:08:17,10,0,0,10
2025-07-01T15:39:07,10,0,0,10
2025-07-01T16:10:02,10,0,0,10
2025-07-01T16:40:38,10,0,0,10
2025-07-01T17:11:37,10,0,0,10
2025-07-01T17:42:04,10,0,0,10
2025-07-01T18:12:56,10,0,0,10
2025-07-01T18:44:03,10,0,0,10
2025-07-01T19:15:12,10,0,0,10
2025-07-01T19:45:46,10,0,0,10
2025-07-01T20:16:00,10,0,0,10
2025-07-01T20:46:25,10,0,0,10
2025-07-01T21:16:40,10,0,0,10
2025-07-01T21:47:20,10,0,0,10
2025-07-01T22:18:12,10,0,0,10
2025-07-01T22:48:42,10,0,0,10
2025-07-01T23:19:11,10,0,0,10
2025-07-01T23:49:42,10,0,0,10
2025-07-02T00:20:21,10,0,0,10
2025-07-02T00:51:06,10,0,0,10
2025-07-02T01:21:52,10,0,0,10
2025-07-02T01:52:22,10,0,0,10
2025-07-02T02:22:51,10,0,0,10
2025-07-02T02:53:14,10,0,0,10
2025-07-02T03:23:44,10,0,0,10
2025-07-02T03:54:33,10,0,0,10
2025-07-02T04:51:33,10,0,0,10
2025-07-02T05:22:23,10,0,0,10
2025-07-02T05:53:02,10,0,0,10
2025-07-02T06:23:45,10,0,0,10
2025-07-02T06:54:28,10,0,0,10
2025-07-02T07:25:01,10,0,0,10
2025-07-02T07:55:34,10,0,0,10
2025-07-02T08:26:37,10,0,0,10
2025-07-02T08:57:06,10,0,0,10
2025-07-02T09:27:27,10,0,0,10
2025-07-02T09:58:27,10,0,0,10
2025-07-02T10:29:33,10,0,0,10
2025-07-02T11:00:35,10,0,0,10
2025-07-02T11:31:31,10,0,0,10
2025-07-02T12:02:38,10,0,0,10
2025-07-02T12:33:59,10,0,0,10
2025-07-02T13:05:16,10,0,0,10
2025-07-02T13:36:00,10,0,0,10
2025-07-02T14:06:39,10,0,0,10
2025-07-02T14:37:36,10,0,0,10
2025-07-02T15:08:12,10,0,0,10
2025-07-02T15:39:17,10,0,0,10
2025-07-02T16:10:02,10,0,0,10
2025-07-02T16:40:42,10,0,0,10
2025-07-02T17:11:04,10,0,0,10
2025-07-02T17:41:30,10,0,0,10
2025-07-02T18:12:20,10,0,0,10
2025-07-02T18:42:59,10,0,0,10
2025-07-02T19:13:34,10,0,0,10
2025-07-02T19:43:57,10,0,0,10
2025-07-02T20:14:27,10,0,0,10
2025-07-02T20:44:55,10,0,0,10
2025-07-02T21:15:20,10,0,0,10
2025-07-02T21:45:45,10,0,0,10
2025-07-02T22:16:13,10,0,0,10
2025-07-02T22:46:36,10,0,0,10
2025-07-02T23:17:00,10,0,0,10
2025-07-02T23:47:19,10,0,0,10
2025-07-03T00:18:14,10,0,0,10
2025-07-03T00:49:26,10,0,0,10
2025-07-03T01:20:05,10,0,0,10
2025-07-03T01:50:47,10,0,0,10
2025-07-03T02:21:53,10,0,0,10
2025-07-03T02:52:57,10,0,0,10
2025-07-03T03:23:56,10,0,0,10
2025-07-03T03:54:23,10,0,0,10
2025-07-03T04:49:48,10,0,0,10
2025-07-03T05:20:34,10,0,0,10
2025-07-03T05:51:48,10,0,0,10
2025-07-03T06:22:49,10,0,0,10
2025-07-03T06:53:22,10,0,0,10
2025-07-03T07:23:39,10,0,0,10
2025-07-03T07:54:30,10,0,0,10
2025-07-03T08:25:33,10,0,0,10
2025-07-03T08:55:57,10,0,0,10
2025-07-03T09:26:34,10,0,0,10
2025-07-03T09:57:07,10,0,0,10
2025-07-03T10:27:38,10,0,0,10
2025-07-03T10:58:14,10,0,0,10
2025-07-03T11:29:17,10,0,0,10
2025-07-03T12:00:05,10,0,0,10
2025-07-03T12:31:04,10,0,0,10
2025-07-03T13:02:02,10,0,0,10
2025-07-03T13:33:05,10,0,0,10
2025-07-03T14:04:22,10,0,0,10
2025-07-03T14:34:36,10,0,0,10
2025-07-03T15:04:57,10,0,0,10
2025-07-03T15:35:13,10,0,0,10
2025-07-03T16:05:52,10,0,0,10
2025-07-03T16:36:24,10,0,0,10
2025-07-03T17:07:09,10,0,0,10
2025-07-03T17:37:44,10,0,0,10
2025-07-03T18:09:09,10,0,0,10
2025-07-03T18:40:02,10,0,0,10
2025-07-03T19:10:39,10,0,0,10
2025-07-03T19:41:10,10,0,0,10
2025-07-03T20:11:54,10,0,0,10
2025-07-03T20:42:32,10,0,0,10
2025-07-03T21:13:10,10,0,0,10
2025-07-03T21:43:43,10,0,0,10
2025-07-03T22:14:34,10,0,0,10
2025-07-03T22:45:15,10,0,0,10
2025-07-03T23:15:50,10,0,0,10
2025-07-03T23:46:20,10,0,0,10
2025-07-04T00:17:04,10,0,0,10
2025-07-04T00:47:23,10,0,0,10
2025-07-04T01:17:56,10,0,0,10
2025-07-04T01:48:45,10,0,0,10
2025-07-04T02:19:39,10,0,0,10
2025-07-04T02:50:22,10,0,0,10
2025-07-04T03:20:59,10,0,0,10
2025-07-04T03:52:09,10,0,0,10
2025-07-04T04:55:56,10,0,0,10
2025-07-04T05:26:41,10,0,0,10
2025-07-04T05:57:36,10,0,0,10
2025-07-04T06:28:29,10,0,0,10
2025-07-04T06:59:15,10,0,0,10
2025-07-04T07:30:11,10,0,0,10
2025-07-04T08:00:38,10,0,0,10
2025-07-04T08:31:21,10,0,0,10
2025-07-04T09:02:19,10,0,0,10
2025-07-04T09:32:50,10,0,0,10
2025-07-04T10:03:35,10,0,0,10
2025-07-04T10:34:07,10,0,0,10
2025-07-04T11:04:30,10,0,0,10
2025-07-04T11:34:58,10,0,0,10
2025-07-04T12:05:12,10,0,0,10
2025-07-04T12:36:27,10,0,0,10
2025-07-04T13:07:22,10,0,0,10
2025-07-04T13:38:08,10,0,0,10
2025-07-04T14:08:46,10,0,0,10
2025-07-04T14:39:13,10,0,0,10
2025-07-04T15:09:21,10,0,0,10
2025-07-04T15:39:45,10,0,0,10
2025-07-04T16:10:21,10,0,0,10
2025-07-04T16:40:43,10,0,0,10
2025-07-04T17:11:10,10,0,0,10
2025-07-04T17:41:47,10,0,0,10
2025-07-04T18:12:18,10,0,0,10
2025-07-04T18:42:46,10,0,0,10
2025-07-04T19:13:29,10,0,0,10
2025-07-04T19:43:48,10,0,0,10
2025-07-04T20:14:25,10,0,0,10
2025-07-04T20:44:57,10,0,0,10
2025-07-04T21:16:15,10,0,0,10
2025-07-04T21:47:07,10,0,0,10
2025-07-04T22:18:03,10,0,0,10
2025-07-04T22:48:44,10,0,0,10
2025-07-04T23:19:08,10,0,0,10
2025-07-04T23:49:34,10,0,0,10
2025-07-05T00:20:27,10,0,0,10
2025-07-05T00:51:20,10,0,0,10
2025-07-05T01:22:14,10,0,0,10
2025-07-05T01:52:59,10,0,0,10
2025-07-05T02:23:46,10,0,0,10
2025-07-05T02:54:14,10,0,0,10
2025-07-05T03:24:37,10,0,0,10
2025-07-05T03:55:20,10,0,0,10
2025-07-05T18:48:29,10,0,0,10
2025-07-05T19:19:42,10,0,0,10
2025-07-05T19:50:32,10,0,0,10
2025-07-05T20:21:36,10,0,0,10
2025-07-05T20:52:02,10,0,0,10
2025-07-05T21:22:20,10,0,0,10
2025-07-05T21:52:57,10,0,0,10
2025-07-05T22:23:19,10,0,0,10
2025-07-05T22:54:14,10,0,0,10
2025-07-05T23:24:59,10,0,0,10
2025-07-05T23:55:46,10,0,0,10
2025-07-06T00:27:08,10,0,0,10
2025-07-06T00:58:14,10,0,0,10
2025-07-06T01:28:59,10,0,0,10
2025-07-06T01:59:26,10,0,0,10
2025-07-06T02:30:12,10,0,0,10
2025-07-06T03:01:24,10,0,0,10
2025-07-06T03:31:57,10,0,0,10
2025-07-06T04:03:04,10,0,0,10
2025-07-06T04:50:19,10,0,0,10
2025-07-06T05:20:49,10,0,0,10
2025-07-06T05:51:12,10,0,0,10
2025-07-06T06:21:25,10,0,0,10
2025-07-06T06:52:00,10,0,0,10
2025-07-06T07:22:44,10,0,0,10
2025-07-06T07:53:25,10,0,0,10
2025-07-06T08:24:41,10,0,0,10
2025-07-06T08:55:25,10,0,0,10
2025-07-06T09:25:58,10,0,0,10
2025-07-06T09:56:28,10,0,0,10
2025-07-06T10:27:11,10,0,0,10
2025-07-06T10:57:49,10,0,0,10
2025-07-06T11:28:35,10,0,0,10
2025-07-06T11:58:59,10,0,0,10
2025-07-06T12:29:23,10,0,0,10
2025-07-06T12:59:54,10,0,0,10
2025-07-06T13:30:36,10,0,0,10
2025-07-06T14:01:33,10,0,0,10
2025-07-06T14:32:19,10,0,0,10
2025-07-06T15:02:41,10,0,0,10
2025-07-06T15:33:27,10,0,0,10
2025-07-06T16:04:27,10,0,0,10
2025-07-06T16:35:10,10,0,0,10
2025-07-06T17:05:58,10,0,0,10
2025-07-06T17:37:12,10,0,0,10
2025-07-06T18:08:34,10,0,0,10
2025-07-06T18:39:19,10,0,0,10
2025-07-06T19:10:22,10,0,0,10
2025-07-06T19:40:39,10,0,0,10
2025-07-06T20:11:32,10,0,0,10
2025-07-06T20:42:07,10,0,0,10
2025-07-06T21:13:12,10,0,0,10
2025-07-06T21:44:15,10,0,0,10
2025-07-06T22:15:16,10,0,0,10
2025-07-06T22:45:45,10,0,0,10
2025-07-06T23:16:27,10,0,0,10
2025-07-06T23:47:03,10,0,0,10
2025-07-07T00:17:59,10,0,0,10
2025-07-07T00:48:57,10,0,0,10
2025-07-07T01:19:25,10,0,0,10
2025-07-07T01:50:26,10,0,0,10
2025-07-07T02:21:22,10,0,0,10
2025-07-07T02:52:25,10,0,0,10
2025-07-07T03:22:52,10,0,0,10
2025-07-07T03:53:51,10,0,0,10
2025-07-07T04:47:47,10,0,0,10
2025-07-07T05:18:20,10,0,0,10
2025-07-07T05:48:53,10,0,0,10
2025-07-07T06:19:13,10,0,0,10
2025-07-07T06:49:45,10,0,0,10
2025-07-07T07:20:17,10,0,0,10
2025-07-07T07:51:19,10,0,0,10
2025-07-07T08:22:03,10,0,0,10
2025-07-07T08:52:55,10,0,0,10
2025-07-07T09:24:01,10,0,0,10
2025-07-07T09:54:41,10,0,0,10
2025-07-07T10:25:08,10,0,0,10
2025-07-07T10:55:52,10,0,0,10
2025-07-07T11:27:07,10,0,0,10
2025-07-07T11:58:15,10,0,0,10
2025-07-07T12:28:52,10,0,0,10
2025-07-07T12:59:30,10,0,0,10
2025-07-07T13:30:38,10,0,0,10
2025-07-07T14:01:20,10,0,0,10
2025-07-07T14:32:20,10,0,0,10
2025-07-07T15:02:57,10,0,0,10
2025-07-07T15:33:24,10,0,0,10
2025-07-07T16:03:55,10,0,0,10
2025-07-07T16:34:03,10,0,0,10
2025-07-07T17:05:06,10,0,0,10
2025-07-07T17:36:02,10,0,0,10
2025-07-07T18:17:09,10,0,0,10
2025-07-07T18:47:26,10,0,0,10
2025-07-07T19:18:11,10,0,0,10
2025-07-07T19:48:37,10,0,0,10
2025-07-07T20:19:09,10,0,0,10
2025-07-07T20:49:24,10,0,0,10
2025-07-07T21:19:48,10,0,0,10
2025-07-07T21:50:13,10,0,0,10
2025-07-07T22:20:27,10,0,0,10
2025-07-07T22:51:05,10,0,0,10
2025-07-07T23:21:51,10,0,0,10
2025-07-07T23:52:49,10,0,0,10
2025-07-08T00:23:26,10,0,0,10
2025-07-08T00:54:36,10,0,0,10
2025-07-08T01:25:50,10,0,0,10
2025-07-08T01:56:18,10,0,0,10
2025-07-08T02:27:00,10,0,0,10
2025-07-08T02:57:45,10,0,0,10
2025-07-08T03:28:37,10,0,0,10
2025-07-08T03:58:58,10,0,0,10
2025-07-08T04:50:20,10,0,0,10
2025-07-08T05:21:16,10,0,0,10
2025-07-08T05:51:48,10,0,0,10
2025-07-08T06:22:58,10,0,0,10
2025-07-08T06:53:53,10,0,0,10
2025-07-08T07:24:28,10,0,0,10
2025-07-08T07:55:16,10,0,0,10
2025-07-08T08:26:23,10,0,0,10
2025-07-08T08:56:59,10,0,0,10
2025-07-08T09:27:23,10,0,0,10
2025-07-08T09:58:02,10,0,0,10
2025-07-08T10:29:10,10,0,0,10
2025-07-08T11:00:12,10,0,0,10
2025-07-08T11:31:29,10,0,0,10
2025-07-08T12:02:24,10,0,0,10
2025-07-08T12:32:46,10,0,0,10
2025-07-08T13:03:52,10,0,0,10
2025-07-08T13:34:37,10,0,0,10
2025-07-08T14:05:18,10,0,0,10
2025-07-08T14:35:41,10,0,0,10
2025-07-08T15:06:53,10,0,0,10
2025-07-08T15:38:07,10,0,0,10
2025-07-08T16:09:11,10,0,0,10
2025-07-08T16:39:58,10,0,0,10
2025-07-08T17:10:29,10,0,0,10
2025-07-08T17:40:52,10,0,0,10
2025-07-08T18:11:31,10,0,0,10
2025-07-08T18:41:46,10,0,0,10
2025-07-08T19:12:15,10,0,0,10
2025-07-08T19:42:31,10,0,0,10
2025-07-08T20:13:12,10,0,0,10
2025-07-08T20:44:13,10,0,0,10
2025-07-08T21:15:02,10,0,0,10
2025-07-08T21:45:23,10,0,0,10
2025-07-08T22:16:08,10,0,0,10
2025-07-08T22:46:57,10,0,0,10
2025-07-08T23:17:34,10,0,0,10
2025-07-08T23:48:05,10,0,0,10
2025-07-09T00:18:30,10,0,0,10
2025-07-09T00:49:05,10,0,0,10
2025-07-09T01:19:49,10,0,0,10
2025-07-09T01:50:49,10,0,0,10
2025-07-09T02:21:36,10,0,0,10
2025-07-09T02:52:47,10,0,0,10
2025-07-09T03:23:26,10,0,0,10
2025-07-09T03:53:57,10,0,0,10
2025-07-09T04:51:36,10,0,0,10
2025-07-09T05:21:52,10,0,0,10
2025-07-09T05:54:26,10,0,0,10
2025-07-09T06:25:03,10,0,0,10
2025-07-09T06:55:45,10,0,0,10
2025-07-09T07:26:33,10,0,0,10
2025-07-09T07:57:30,10,0,0,10
2025-07-09T08:28:30,10,0,0,10
2025-07-09T08:59:43,10,0,0,10
2025-07-09T09:30:23,10,0,0,10
2025-07-09T10:01:39,10,0,0,10
2025-07-09T10:33:05,10,0,0,10
2025-07-09T11:04:08,10,0,0,10
2025-07-09T11:34:45,10,0,0,10
2025-07-09T12:05:24,10,0,0,10
2025-07-09T12:36:18,10,0,0,10
2025-07-09T13:07:17,10,0,0,10
2025-07-09T13:38:03,10,0,0,10
2025-07-09T14:08:42,10,0,0,10
2025-07-09T14:39:46,10,0,0,10
2025-07-09T15:10:34,10,0,0,10
2025-07-09T15:42:01,10,0,0,10
2025-07-09T16:13:03,10,0,0,10
2025-07-09T16:44:17,10,0,0,10
2025-07-09T17:15:23,10,0,0,10
2025-07-09T17:46:02,10,0,0,10
2025-07-09T18:17:01,10,0,0,10
2025-07-09T18:47:48,10,0,0,10
2025-07-09T19:19:12,10,0,0,10
2025-07-09T19:50:11,10,0,0,10
2025-07-09T20:20:41,10,0,0,10
2025-07-09T20:51:58,10,0,0,10
2025-07-09T21:23:00,10,0,0,10
2025-07-09T21:53:49,10,0,0,10
2025-07-09T22:24:37,10,0,0,10
2025-07-09T22:55:28,10,0,0,10
2025-07-09T23:26:34,10,0,0,10
2025-07-09T23:57:41,10,0,0,10
2025-07-10T00:28:30,10,0,0,10
2025-07-10T00:59:58,10,0,0,10
2025-07-10T01:32:10,10,0,0,10
2025-07-10T02:03:06,10,0,0,10
2025-07-10T02:33:33,10,0,0,10
2025-07-10T03:04:05,10,0,0,10
2025-07-10T03:34:44,10,0,0,10
2025-07-10T04:05:30,10,0,0,10
2025-07-10T04:51:59,10,0,0,10
2025-07-10T05:22:36,10,0,0,10
2025-07-10T05:53:17,10,0,0,10
2025-07-10T06:24:18,10,0,0,10
2025-07-10T06:55:11,10,0,0,10
2025-07-10T07:25:46,10,0,0,10
2025-07-10T07:56:20,10,0,0,10
2025-07-10T08:26:50,10,0,0,10
2025-07-10T08:57:29,10,0,0,10
2025-07-10T09:28:11,10,0,0,10
2025-07-10T09:59:39,10,0,0,10
2025-07-10T10:30:12,10,0,0,10
2025-07-10T11:01:35,10,0,0,10
2025-07-10T11:32:46,10,0,0,10
2025-07-10T12:03:24,10,0,0,10
2025-07-10T12:33:59,10,0,0,10
2025-07-10T13:04:41,10,0,0,10
2025-07-10T13:35:13,10,0,0,10
2025-07-10T14:05:45,10,0,0,10
2025-07-10T14:36:45,10,0,0,10
2025-07-10T15:08:05,10,0,0,10
2025-07-10T15:38:48,10,0,0,10
2025-07-10T16:09:58,10,0,0,10
2025-07-10T16:41:11,10,0,0,10
2025-07-10T17:11:55,10,0,0,10
2025-07-10T17:42:50,10,0,0,10
2025-07-10T18:14:13,10,0,0,10
2025-07-10T18:44:55,10,0,0,10
2025-07-10T19:15:27,10,0,0,10
2025-07-10T19:46:09,10,0,0,10
2025-07-10T20:16:48,10,0,0,10
2025-07-10T20:47:21,10,0,0,10
2025-07-10T21:18:11,10,0,0,10
2025-07-10T21:48:35,10,0,0,10
2025-07-10T22:19:12,10,0,0,10
2025-07-10T22:50:08,10,0,0,10
2025-07-10T23:20:40,10,0,0,10
2025-07-10T23:51:34,10,0,0,10
2025-07-11T00:22:30,10,0,0,10
2025-07-11T00:53:09,10,0,0,10
2025-07-11T01:23:50,10,0,0,10
2025-07-11T01:54:56,10,0,0,10
2025-07-11T02:25:40,10,0,0,10
2025-07-11T02:56:24,10,0,0,10
2025-07-11T03:27:18,10,0,0,10
2025-07-11T03:58:19,10,0,0,10
2025-07-11T04:59:42,10,0,0,10
2025-07-11T05:30:12,10,0,0,10
2025-07-11T06:00:45,10,0,0,10
2025-07-11T06:31:36,10,0,0,10
2025-07-11T07:02:38,10,0,0,10
2025-07-11T07:33:08,10,0,0,10
2025-07-11T08:03:50,10,0,0,10
2025-07-11T08:34:18,10,0,0,10
2025-07-11T09:05:46,10,0,0,10
2025-07-11T09:36:21,10,0,0,10
2025-07-11T10:07:23,10,0,0,10
2025-07-11T10:37:52,10,0,0,10
2025-07-11T11:08:41,10,0,0,10
2025-07-11T11:39:55,10,0,0,10
2025-07-11T12:11:01,10,0,0,10
2025-07-11T12:41:36,10,0,0,10
2025-07-11T13:12:16,10,0,0,10
2025-07-11T13:42:42,10,0,0,10
2025-07-11T14:13:19,10,0,0,10
2025-07-11T14:43:50,10,0,0,10
2025-07-11T15:14:58,10,0,0,10
2025-07-11T15:45:48,10,0,0,10
2025-07-11T16:16:57,10,0,0,10
2025-07-11T16:47:38,10,0,0,10
2025-07-11T17:18:32,10,0,0,10
2025-07-11T17:49:39,10,0,0,10
2025-07-11T18:20:39,10,0,0,10
2025-07-11T18:51:58,10,0,0,10
2025-07-11T19:22:39,10,0,0,10
2025-07-11T19:53:30,10,0,0,10
2025-07-11T20:23:50,10,0,0,10
2025-07-11T20:54:59,10,0,0,10
2025-07-11T21:25:39,10,0,0,10
2025-07-11T21:55:59,10,0,0,10
2025-07-11T22:26:26,10,0,0,10
2025-07-11T22:57:14,10,0,0,10
2025-07-11T23:28:10,10,0,0,10
2025-07-11T23:59:00,10,0,0,10
2025-07-12T00:30:04,10,0,0,10
2025-07-12T01:01:15,10,0,0,10
2025-07-12T01:31:58,10,0,0,10
2025-07-12T02:02:53,10,0,0,10
2025-07-12T02:33:36,10,0,0,10
2025-07-12T03:05:08,10,0,0,10
2025-07-12T03:36:28,10,0,0,10
2025-07-12T04:10:08,10,0,0,10
2025-07-12T05:01:45,10,0,0,10
2025-07-12T05:32:17,10,0,0,10
2025-07-12T06:03:00,10,0,0,10
2025-07-12T06:33:26,10,0,0,10
2025-07-12T07:03:54,10,0,0,10
2025-07-12T07:34:24,10,0,0,10
2025-07-12T08:05:22,10,0,0,10
2025-07-12T08:36:02,10,0,0,10
2025-07-12T09:06:28,10,0,0,10
2025-07-12T09:37:03,10,0,0,10
2025-07-12T10:07:57,10,0,0,10
2025-07-12T10:38:53,10,0,0,10
2025-07-12T11:09:41,10,0,0,10
2025-07-12T11:40:16,10,0,0,10
2025-07-12T12:11:11,10,0,0,10
2025-07-12T12:41:56,10,0,0,10
2025-07-12T13:12:52,10,0,0,10
2025-07-12T13:43:47,10,0,0,10
2025-07-12T14:14:13,10,0,0,10
2025-07-12T14:44:54,10,0,0,10
2025-07-12T15:15:56,10,0,0,10
2025-07-12T15:46:57,10,0,0,10
2025-07-12T16:17:27,10,0,0,10
2025-07-12T16:47:45,10,0,0,10
2025-07-12T17:18:29,10,0,0,10
2025-07-12T17:49:08,10,0,0,10
2025-07-12T18:19:55,10,0,0,10
2025-07-12T18:50:45,10,0,0,10
2025-07-12T19:21:11,10,0,0,10
2025-07-12T19:51:25,10,0,0,10
2025-07-12T20:22:14,10,0,0,10
2025-07-12T20:53:12,10,0,0,10
2025-07-12T21:24:17,10,0,0,10
2025-07-12T21:55:01,10,0,0,10
2025-07-12T22:25:38,10,0,0,10
2025-07-12T22:56:29,10,0,0,10
2025-07-12T23:27:12,10,0,0,10
2025-07-12T23:57:43,10,0,0,10
2025-07-13T00:28:34,10,0,0,10
2025-07-13T00:59:52,10,0,0,10
2025-07-13T01:30:09,10,0,0,10
2025-07-13T02:01:02,10,0,0,10
2025-07-13T02:31:43,10,0,0,10
2025-07-13T03:02:33,10,0,0,10
2025-07-13T03:33:25,10,0,0,10
2025-07-13T04:03:52,10,0,0,10
2025-07-13T05:13:38,10,0,0,10
2025-07-13T05:44:25,10,0,0,10
2025-07-13T06:14:57,10,0,0,10
2025-07-13T06:45:46,10,0,0,10
2025-07-13T07:16:49,10,0,0,10
2025-07-13T07:47:50,10,0,0,10
2025-07-13T08:18:47,10,0,0,10
2025-07-13T08:49:16,10,0,0,10
2025-07-13T09:19:50,10,0,0,10
2025-07-13T09:50:36,10,0,0,10
2025-07-13T10:21:04,10,0,0,10
2025-07-13T10:51:38,10,0,0,10
2025-07-13T11:22:26,10,0,0,10
2025-07-13T11:53:27,10,0,0,10
2025-07-13T12:24:11,10,0,0,10
2025-07-13T12:54:58,10,0,0,10
2025-07-13T13:25:58,10,0,0,10
2025-07-13T13:56:44,10,0,0,10
2025-07-13T14:27:10,10,0,0,10
2025-07-13T14:58:26,10,0,0,10
2025-07-13T15:29:07,10,0,0,10
2025-07-13T16:00:16,10,0,0,10
2025-07-13T16:31:17,10,0,0,10
2025-07-13T17:02:19,10,0,0,10
2025-07-13T17:32:41,10,0,0,10
2025-07-13T18:02:56,10,0,0,10
2025-07-13T18:34:01,10,0,0,10
2025-07-13T19:04:55,10,0,0,10
2025-07-13T19:35:46,10,0,0,10
2025-07-13T20:06:35,10,0,0,10
2025-07-13T20:37:23,10,0,0,10
2025-07-13T21:07:56,10,0,0,10
2025-07-13T21:38:42,10,0,0,10
2025-07-13T22:09:26,10,0,0,10
2025-07-13T22:39:48,10,0,0,10
2025-07-13T23:10:57,10,0,0,10
2025-07-13T23:41:28,10,0,0,10
2025-07-14T00:12:10,10,0,0,10
2025-07-14T00:43:44,10,0,0,10
2025-07-14T01:14:33,10,0,0,10
2025-07-14T01:45:22,10,0,0,10
2025-07-14T02:16:21,10,0,0,10
2025-07-14T02:47:55,10,0,0,10
2025-07-14T03:18:57,10,0,0,10
2025-07-14T03:49:32,10,0,0,10
2025-07-14T04:20:01,10,0,0,10
2025-07-14T05:04:05,10,0,0,10
2025-07-14T05:35:11,10,0,0,10
2025-07-14T06:06:02,10,0,0,10
2025-07-14T06:37:03,10,0,0,10
2025-07-14T07:07:34,10,0,0,10
2025-07-14T07:38:10,10,0,0,10
2025-07-14T08:08:51,10,0,0,10
2025-07-14T08:39:33,10,0,0,10
2025-07-14T09:10:16,10,0,0,10
2025-07-14T09:41:23,10,0,0,10
2025-07-14T10:11:40,10,0,0,10
2025-07-14T10:42:17,10,0,0,10
2025-07-14T11:12:59,10,0,0,10
2025-07-14T11:44:01,10,0,0,10
2025-07-14T12:14:55,10,0,0,10
2025-07-14T12:45:35,10,0,0,10
2025-07-14T13:16:37,10,0,0,10
2025-07-14T13:47:44,10,0,0,10
2025-07-14T14:18:28,10,0,0,10
2025-07-14T14:49:30,10,0,0,10
2025-07-14T15:20:02,10,0,0,10
2025-07-14T15:50:54,10,0,0,10
2025-07-14T16:21:35,10,0,0,10
2025-07-14T16:52:35,10,0,0,10
2025-07-14T17:23:31,10,0,0,10
2025-07-14T17:54:04,10,0,0,10
2025-07-14T18:24:25,10,0,0,10
2025-07-14T18:55:10,10,0,0,10
2025-07-14T19:25:59,10,0,0,10
2025-07-14T19:56:43,10,0,0,10
2025-07-14T20:27:50,10,0,0,10
2025-07-14T20:58:38,10,0,0,10
2025-07-14T21:29:39,10,0,0,10
2025-07-14T22:00:29,10,0,0,10
2025-07-14T22:31:18,10,0,0,10
2025-07-14T23:01:59,10,0,0,10
2025-07-14T23:32:46,10,0,0,10
2025-07-15T00:03:31,10,0,0,10
2025-07-15T00:34:18,10,0,0,10
2025-07-15T01:05:09,10,0,0,10
2025-07-15T01:36:21,10,0,0,10
2025-07-15T02:07:14,10,0,0,10
2025-07-15T02:38:15,10,0,0,10
2025-07-15T03:08:54,10,0,0,10
2025-07-15T03:40:27,10,0,0,10
2025-07-15T04:13:41,10,0,0,10
2025-07-15T04:55:01,10,0,0,10
2025-07-15T05:26:07,10,0,0,10
2025-07-15T05:56:54,10,0,0,10
2025-07-15T06:28:07,10,0,0,10
2025-07-15T06:59:14,10,0,0,10
2025-07-15T07:29:59,10,0,0,10
2025-07-15T08:00:52,10,0,0,10
2025-07-15T08:31:34,10,0,0,10
2025-07-15T09:02:12,10,0,0,10
2025-07-15T09:32:47,10,0,0,10
2025-07-15T10:03:48,10,0,0,10
2025-07-15T10:34:59,10,0,0,10
2025-07-15T11:06:00,10,0,0,10
2025-07-15T11:36:56,10,0,0,10
2025-07-15T12:07:30,10,0,0,10
2025-07-15T12:37:58,10,0,0,10
2025-07-15T13:08:44,10,0,0,10
2025-07-15T13:39:07,10,0,0,10
2025-07-15T14:09:59,10,0,0,10
2025-07-15T14:41:08,10,0,0,10
2025-07-15T15:12:28,10,0,0,10
2025-07-15T15:43:19,10,0,0,10
2025-07-15T16:14:00,10,0,0,10
2025-07-15T16:44:42,10,0,0,10
2025-07-15T17:15:11,10,0,0,10
2025-07-15T17:46:08,10,0,0,10
2025-07-15T19:51:59,10,0,0,10
2025-07-15T20:22:35,10,0,0,10
2025-07-15T20:53:29,10,0,0,10
2025-07-15T21:24:03,10,0,0,10
2025-07-15T21:55:14,10,0,0,10
2025-07-15T22:26:01,10,0,0,10
2025-07-15T22:56:40,10,0,0,10
2025-07-15T23:27:43,10,0,0,10
2025-07-15T23:58:30,10,0,0,10
2025-07-16T00:29:38,10,0,0,10
2025-07-16T01:00:33,10,0,0,10
2025-07-16T01:31:24,10,0,0,10
2025-07-16T02:02:06,10,0,0,10
2025-07-16T02:33:35,10,0,0,10
2025-07-16T03:04:17,10,0,0,10
2025-07-16T03:35:09,10,0,0,10
2025-07-16T04:47:20,10,0,0,10
2025-07-16T05:18:08,10,0,0,10
2025-07-16T05:49:05,10,0,0,10
2025-07-16T06:20:03,10,0,0,10
2025-07-16T06:50:45,10,0,0,10
2025-07-16T07:21:27,10,0,0,10
2025-07-16T07:52:30,10,0,0,10
2025-07-16T08:23:13,10,0,0,10
2025-07-16T08:54:18,10,0,0,10
2025-07-16T09:25:08,10,0,0,10
2025-07-16T09:56:17,10,0,0,10
2025-07-16T10:27:39,10,0,0,10
2025-07-16T10:58:18,10,0,0,10
2025-07-16T11:29:03,10,0,0,10
2025-07-16T11:59:54,10,0,0,10
2025-07-16T12:30:59,10,0,0,10
2025-07-16T13:01:40,10,0,0,10
2025-07-16T13:32:07,10,0,0,10
2025-07-16T14:03:19,10,0,0,10
2025-07-16T14:34:37,10,0,0,10
2025-07-16T15:05:49,10,0,0,10
2025-07-16T15:36:42,10,0,0,10
2025-07-16T16:07:46,10,0,0,10
2025-07-16T16:38:32,10,0,0,10
2025-07-16T17:09:41,10,0,0,10
2025-07-16T17:40:40,10,0,0,10
2025-07-16T18:11:31,10,0,0,10
2025-07-16T18:42:31,10,0,0,10
2025-07-16T19:13:53,10,0,0,10
2025-07-16T19:44:36,10,0,0,10
2025-07-16T20:15:35,10,0,0,10
2025-07-16T20:46:27,10,0,0,10
2025-07-16T21:17:23,10,0,1,10
2025-07-16T21:48:10,10,0,1,10
2025-07-16T22:18:58,10,0,1,10
2025-07-16T22:50:05,10,0,1,10
2025-07-16T23:20:54,10,0,1,10
2025-07-16T23:51:43,10,0,1,10
2025-07-17T00:22:32,10,0,1,10
2025-07-17T00:53:56,10,0,1,10
2025-07-17T01:24:51,10,0,1,10
2025-07-17T01:55:48,10,0,1,10
2025-07-17T02:26:45,10,0,1,10
2025-07-17T02:57:54,10,0,1,10
2025-07-17T03:29:27,10,0,1,10
2025-07-17T04:00:08,10,0,1,10
2025-07-17T04:52:58,10,0,1,10
2025-07-17T05:23:54,10,0,1,10
2025-07-17T05:55:22,10,0,1,10
2025-07-17T06:26:29,10,0,1,10
2025-07-17T06:57:10,10,0,1,10
2025-07-17T07:28:08,10,0,1,10
2025-07-17T07:59:05,10,0,1,10
2025-07-17T08:29:49,10,0,1,10
2025-07-17T09:01:05,10,0,1,10
2025-07-17T09:31:44,10,0,1,10
2025-07-17T10:02:37,10,0,1,10
2025-07-17T10:33:39,10,0,1,10
2025-07-17T11:04:11,10,0,1,10
2025-07-17T11:35:00,10,0,1,10
2025-07-17T12:05:47,10,0,1,10
2025-07-17T12:36:45,10,0,1,10
2025-07-17T13:08:06,10,0,1,10
2025-07-17T13:39:44,10,0,1,10
2025-07-17T14:11:04,10,0,1,10
2025-07-17T14:42:10,10,0,1,10
2025-07-17T15:12:48,10,0,1,10
2025-07-17T15:43:58,10,0,1,10
2025-07-17T16:14:41,10,0,1,10
2025-07-17T16:45:39,10,0,1,10
2025-07-17T17:16:54,10,0,1,10
2025-07-17T17:47:33,10,0,1,10
2025-07-17T18:18:12,10,0,1,10
2025-07-17T18:48:58,10,0,1,10
2025-07-17T19:19:49,10,0,1,10
2025-07-17T19:50:20,10,0,1,10
2025-07-17T20:21:11,10,0,1,10
2025-07-17T20:51:47,10,0,1,10
2025-07-17T21:22:26,10,0,1,10
2025-07-17T21:53:25,10,0,1,10
2025-07-17T22:24:38,10,0,1,10
2025-07-17T22:55:49,10,0,1,10
2025-07-17T23:26:50,10,0,1,10
2025-07-17T23:57:45,10,0,1,10
2025-07-18T00:29:03,10,0,1,10
2025-07-18T01:00:07,10,0,1,10
2025-07-18T01:30:58,10,0,1,10
2025-07-18T02:01:44,10,0,1,10
2025-07-18T02:32:24,10,0,1,10
2025-07-18T03:03:42,10,0,1,10
2025-07-18T03:34:31,10,0,1,10
2025-07-18T04:05:04,10,0,1,10
2025-07-18T04:54:11,10,0,1,10
2025-07-18T05:24:50,10,0,1,10
2025-07-18T05:55:43,10,0,1,10
2025-07-18T06:26:54,10,0,1,10
2025-07-18T06:57:48,10,0,1,10
2025-07-18T07:28:45,10,0,1,10
2025-07-18T07:59:49,10,0,1,10
2025-07-18T08:30:50,10,0,1,10
2025-07-18T09:02:10,10,0,1,10
2025-07-18T09:33:11,10,0,1,10
2025-07-18T10:04:01,10,0,1,10
2025-07-18T10:34:36,10,0,1,10
2025-07-18T11:05:16,10,0,1,10
2025-07-18T11:36:07,10,0,1,10
2025-07-18T12:07:01,10,0,1,10
2025-07-18T12:37:56,10,0,1,10
2025-07-18T13:08:50,10,0,1,10
2025-07-18T13:39:35,10,0,1,10
2025-07-18T14:10:29,10,0,1,10
2025-07-18T14:41:52,10,0,1,10
2025-07-18T15:12:30,10,0,1,10
2025-07-18T15:43:04,10,0,1,10
2025-07-18T16:14:25,10,0,1,10
2025-07-18T16:45:53,10,0,1,10
2025-07-18T17:16:58,10,0,1,10
2025-07-18T17:47:40,10,0,1,10
2025-07-18T18:18:28,10,0,1,10
2025-07-18T18:49:11,10,0,1,10
2025-07-18T19:20:04,10,0,1,10
2025-07-18T19:50:56,10,0,1,10
2025-07-18T20:21:39,10,0,1,10
2025-07-18T20:52:43,10,0,1,10
2025-07-18T21:23:46,10,0,1,10
2025-07-18T21:54:42,10,0,1,10
2025-07-18T22:25:46,10,0,1,10
2025-07-18T22:57:08,10,0,1,10
2025-07-18T23:28:21,10,0,1,10
2025-07-18T23:59:22,10,0,1,10
2025-07-19T00:30:21,10,0,1,10
2025-07-19T01:01:00,10,0,1,10
2025-07-19T01:31:44,10,0,1,10
2025-07-19T02:02:41,10,0,1,10
2025-07-19T02:33:48,10,0,1,10
2025-07-19T03:04:47,10,0,1,10
2025-07-19T03:35:22,10,0,1,10
2025-07-19T04:06:13,10,0,1,10
2025-07-19T04:56:40,10,0,1,10
2025-07-19T05:27:42,10,0,1,10
2025-07-19T05:59:03,10,0,1,10
2025-07-19T06:30:08,10,0,1,10
2025-07-19T07:01:15,10,0,1,10
2025-07-19T07:32:07,10,0,1,10
2025-07-19T08:03:01,10,0,1,10
2025-07-19T08:33:40,10,0,1,10
2025-07-19T09:04:49,10,0,1,10
2025-07-19T09:35:34,10,0,1,10
2025-07-19T10:06:25,10,0,1,10
2025-07-19T10:37:15,10,0,1,10
2025-07-19T11:08:04,10,0,1,10
2025-07-19T11:38:50,10,0,1,10
2025-07-19T12:09:55,10,0,1,10
2025-07-19T12:40:54,10,0,1,10
2025-07-19T13:12:03,10,0,1,10
2025-07-19T13:42:46,10,0,1,10
2025-07-19T14:13:26,10,0,1,10
2025-07-19T14:44:14,10,0,1,10
2025-07-19T15:15:04,10,0,1,10
2025-07-19T15:45:44,10,0,1,10
2025-07-19T16:16:22,10,0,1,10
2025-07-19T16:47:31,10,0,1,10
2025-07-19T17:18:10,10,0,1,10
2025-07-19T17:48:59,10,0,1,10
2025-07-19T18:19:51,10,0,1,10
2025-07-19T18:50:49,10,0,1,10
2025-07-19T19:22:10,10,0,1,10
2025-07-19T19:53:00,10,0,1,10
2025-07-19T20:23:48,10,0,1,10
2025-07-19T20:54:44,10,0,1,10
2025-07-19T21:25:40,10,0,1,10
2025-07-19T21:56:35,10,0,1,10
2025-07-19T22:27:33,10,0,1,10
2025-07-19T22:58:13,10,0,1,10
2025-07-19T23:29:11,10,0,1,10
2025-07-20T00:00:00,10,0,1,10
2025-07-20T00:31:08,10,0,1,10
2025-07-20T01:19:40,10,0,1,10
2025-07-20T01:50:51,10,0,1,10
2025-07-20T02:22:21,10,0,1,10
2025-07-20T02:53:16,10,0,1,10
2025-07-20T03:24:26,10,0,1,10
2025-07-20T03:55:28,10,0,1,10
2025-07-24T15:49:44,10,0,0,10
2025-07-24T16:21:06,10,0,0,10
2025-07-24T16:52:09,10,0,0,10
2025-07-24T17:23:01,10,0,0,10
2025-07-24T17:54:36,10,0,0,10
2025-07-24T18:25:45,10,0,0,10
2025-07-24T18:57:11,10,0,0,10
2025-07-24T19:28:28,10,0,0,10
2025-07-24T19:59:37,10,0,0,10
2025-07-24T20:30:47,10,0,0,10
2025-07-24T21:01:36,10,0,0,10
2025-07-24T21:32:50,10,0,0,10
2025-07-24T22:03:57,10,0,0,10
2025-07-24T22:34:52,10,0,0,10
2025-07-24T23:06:08,10,0,0,10
2025-07-24T23:37:19,10,0,0,10
2025-07-25T00:08:37,10,0,0,10
2025-07-25T00:40:21,10,0,0,10
2025-07-25T01:11:31,10,0,0,10
2025-07-25T01:42:38,10,0,0,10
2025-07-25T02:13:48,10,0,0,10
2025-07-25T02:44:52,10,0,0,10
2025-07-25T03:15:59,10,0,0,10
2025-07-25T03:46:57,10,0,0,10
2025-07-25T04:51:43,10,0,0,10
2025-07-25T05:25:33,10,0,0,10
2025-07-25T05:56:39,10,0,0,10
2025-07-25T06:27:55,10,0,0,10
2025-07-28T00:03:03,10,0,0,10
2025-07-28T00:34:04,10,0,0,10
2025-07-28T01:05:18,10,0,0,10
2025-07-28T01:36:23,10,0,0,10
2025-07-28T02:07:28,10,0,0,10
2025-07-28T02:38:38,10,0,0,10
2025-07-28T03:09:35,10,0,0,10
2025-07-28T03:40:43,10,0,0,10
2025-07-28T04:11:42,10,0,0,10
2025-07-28T04:56:53,10,0,0,10
2025-07-28T05:28:01,10,0,0,10
2025-07-28T05:58:56,10,0,0,10
2025-07-28T06:29:56,10,0,0,10
2025-07-28T07:00:55,10,0,0,10
2025-07-28T07:32:00,10,0,0,10
2025-07-28T08:03:28,10,0,0,10
2025-07-28T08:34:47,10,0,0,10
2025-07-28T09:06:01,10,0,0,10
2025-07-28T09:37:01,10,0,0,10
2025-07-28T10:07:48,10,0,0,10
2025-07-28T10:39:22,10,0,0,10
2025-07-28T11:10:25,10,0,0,10
2025-07-28T11:41:17,10,0,0,10
2025-07-28T12:12:06,10,0,0,10
2025-07-28T12:43:26,10,0,0,10
2025-07-28T13:14:57,10,0,0,10
2025-07-28T13:46:29,10,0,0,10
2025-07-28T14:17:36,10,0,0,10
2025-07-28T14:48:29,10,0,0,10
2025-07-28T15:20:14,10,0,0,10
2025-07-28T15:51:15,10,0,0,10
2025-07-28T16:22:39,10,0,0,10
2025-07-28T16:53:43,10,0,0,10
2025-07-28T17:24:48,10,0,0,10
2025-07-28T17:56:03,10,0,0,10
2025-07-28T18:27:14,10,0,0,10
2025-07-28T18:57:57,10,0,0,10
2025-07-28T19:29:43,10,0,0,10
2025-07-28T20:01:05,10,0,0,10
2025-07-28T20:32:40,10,0,0,10
2025-07-28T21:03:39,10,0,0,10
2025-07-28T21:34:30,10,0,0,10
2025-07-28T22:05:57,10,0,0,10
2025-07-28T22:36:58,10,0,0,10
2025-07-28T23:08:32,10,0,0,10
2025-07-28T23:40:02,10,0,0,10
2025-07-29T00:11:48,10,0,0,10
2025-07-29T00:42:46,10,0,0,10
2025-07-29T01:13:38,10,0,0,10
2025-07-29T01:44:31,10,0,0,10
2025-07-29T02:15:38,10,0,0,10
2025-07-29T02:46:41,10,0,0,10
2025-07-29T03:17:52,10,0,0,10
2025-07-29T03:48:57,10,0,0,10
2025-07-29T04:55:56,10,0,0,10
2025-07-29T05:27:14,10,0,0,10
2025-07-29T05:58:12,10,0,0,10
2025-07-29T06:29:28,10,0,0,10
2025-07-29T07:00:24,10,0,0,10
2025-07-29T07:31:28,10,0,0,10
2025-07-29T08:02:25,10,0,0,10
2025-07-29T08:33:41,10,0,0,10
2025-07-29T09:05:10,10,0,0,10
2025-07-29T09:36:00,10,0,0,10
2025-07-29T10:07:04,10,0,0,10
2025-07-29T10:39:04,10,0,0,10
2025-07-29T11:10:17,10,0,0,10
2025-07-29T11:41:05,10,0,0,10
2025-07-29T12:12:31,10,0,0,10
2025-07-29T12:43:51,10,0,0,10
2025-07-29T13:14:59,10,0,0,10
2025-07-29T13:46:11,10,0,0,10
2025-07-29T14:17:34,10,0,0,10
2025-07-29T14:48:54,10,0,0,10
2025-07-29T15:20:18,10,0,0,10
2025-07-29T15:51:17,10,0,0,10
2025-07-29T16:22:40,10,0,0,10
2025-07-29T16:54:04,10,0,0,10
2025-07-29T17:24:58,10,0,0,10
2025-07-29T17:55:54,10,0,0,10
2025-07-29T18:27:34,10,0,0,10
2025-07-29T18:59:14,10,0,0,10
2025-07-29T19:29:59,10,0,0,10
2025-07-29T20:01:42,10,0,0,10
2025-07-29T20:32:56,10,0,0,10
2025-07-29T21:04:19,10,0,0,10
2025-07-29T21:34:51,10,0,0,10
2025-07-29T22:06:25,10,0,0,10
2025-07-29T22:37:28,10,0,0,10
2025-07-29T23:08:41,10,0,0,10
2025-07-29T23:39:42,10,0,0,10
2025-07-30T00:11:13,10,0,0,10
2025-07-30T00:42:40,10,0,0,10
2025-07-30T01:14:06,10,0,0,10
2025-07-30T01:45:20,10,0,0,10
2025-07-30T02:16:27,10,0,0,10
2025-07-30T02:48:10,10,0,0,10
2025-07-30T03:19:38,10,0,0,10
2025-07-30T03:50:51,10,0,0,10
2025-07-30T04:48:32,10,0,0,10
2025-07-30T05:19:43,10,0,0,10
2025-07-30T05:51:02,10,0,0,10
2025-07-30T06:22:12,10,0,0,10
2025-07-30T06:53:07,10,0,0,10
2025-07-30T07:24:18,10,0,0,10
2025-07-30T07:55:06,10,0,0,10
2025-07-30T08:26:27,10,0,0,10
2025-07-30T08:57:43,10,0,0,10
2025-07-30T09:28:50,10,0,0,10
2025-07-30T09:59:44,10,0,0,10
2025-07-30T10:31:06,10,0,0,10
2025-07-30T11:02:35,10,0,0,10
2025-07-30T11:33:39,10,0,0,10
2025-07-30T12:04:37,10,0,0,10
2025-07-30T12:35:57,10,0,0,10
2025-07-30T13:07:00,10,0,0,10
2025-07-30T13:38:02,10,0,0,10
2025-07-30T14:09:06,10,0,0,10
2025-07-30T14:40:09,10,0,0,10
2025-07-30T15:11:52,10,0,0,10
2025-07-30T15:43:12,10,0,0,10
2025-07-30T16:14:20,10,0,0,10
2025-07-30T16:45:31,10,0,0,10
2025-07-30T17:17:17,10,0,0,10
2025-07-30T17:48:17,10,0,0,10
2025-07-30T18:19:24,10,0,0,10
2025-07-30T18:50:29,10,0,0,10
2025-07-30T19:22:16,10,0,0,10
2025-07-30T19:53:26,10,0,0,10
2025-07-30T20:24:42,10,0,0,10
2025-07-30T20:56:09,10,0,0,10
2025-07-30T21:27:12,10,0,0,10
2025-07-30T21:58:01,10,0,0,10
2025-07-30T22:29:39,10,0,0,10
2025-07-30T23:01:14,10,0,0,10
2025-07-30T23:32:25,10,0,0,10
2025-07-31T00:03:23,10,0,0,10
2025-07-31T00:34:42,10,0,0,10
2025-07-31T01:05:56,10,0,0,10
2025-07-31T01:37:11,10,0,0,10
2025-07-31T02:08:42,10,0,0,10
2025-07-31T02:39:42,10,0,0,10
2025-07-31T03:10:35,10,0,0,10
2025-07-31T03:41:41,10,0,0,10
2025-07-31T04:13:20,10,0,0,10
2025-07-31T04:56:08,10,0,0,10
2025-07-31T05:27:04,10,0,0,10
2025-07-31T05:58:21,10,0,0,10
2025-07-31T06:29:39,10,0,0,10
2025-07-31T07:00:24,10,0,0,10
2025-07-31T07:31:26,10,0,0,10
2025-07-31T08:02:55,10,0,1,10
2025-07-31T08:33:50,10,0,1,10
2025-07-31T09:05:19,10,0,1,10
2025-07-31T09:36:41,10,0,1,10
2025-07-31T10:07:27,10,0,1,10
2025-07-31T10:38:57,10,0,1,10
2025-07-31T11:10:15,10,0,1,10
2025-07-31T11:41:43,10,0,1,10
2025-07-31T12:13:09,10,0,1,10
2025-07-31T12:44:28,10,0,1,10
2025-07-31T13:15:24,10,0,1,10
2025-07-31T13:46:46,10,0,1,10
2025-07-31T14:18:15,10,0,0,10
2025-07-31T14:49:39,10,0,0,10
2025-07-31T15:20:36,10,0,0,10
2025-07-31T15:51:45,10,0,0,10
2025-07-31T16:23:09,10,0,0,10
2025-07-31T16:54:13,10,0,0,10
2025-07-31T17:25:34,10,0,0,10
2025-07-31T17:56:59,10,0,0,10
2025-07-31T18:28:06,10,0,0,10
2025-07-31T18:59:12,10,0,0,10
2025-07-31T19:30:16,10,0,0,10
2025-07-31T20:01:34,10,0,0,10
2025-07-31T20:32:55,10,0,0,10
2025-07-31T21:04:19,10,0,0,10
2025-07-31T21:35:36,10,0,0,10
2025-07-31T22:06:33,10,0,0,10
2025-07-31T22:37:33,10,0,0,10
2025-07-31T23:08:41,10,0,0,10
2025-07-31T23:39:38,10,0,0,10
2025-08-01T00:11:09,10,0,0,10
2025-08-01T00:42:39,10,0,0,10
2025-08-01T01:13:58,10,0,0,10
2025-08-01T01:45:31,10,0,0,10
2025-08-01T02:16:23,10,0,0,10
2025-08-01T02:47:39,10,0,0,10
2025-08-01T03:19:22,10,0,0,10
2025-08-01T03:50:34,10,0,0,10
2025-08-01T04:56:14,10,0,0,10
2025-08-01T05:27:22,10,0,0,10
2025-08-01T05:58:45,10,0,0,10
2025-08-01T06:30:34,10,0,0,10
2025-08-01T07:02:14,10,0,0,10
2025-08-01T07:33:42,10,0,0,10
2025-08-01T08:04:51,10,0,0,10
2025-08-01T08:35:48,10,0,0,10
2025-08-01T09:07:03,10,0,0,10
2025-08-01T09:38:04,10,0,0,10
2025-08-01T10:09:42,10,0,0,10
2025-08-01T10:41:10,10,0,0,10
2025-08-01T11:12:37,10,0,0,10
2025-08-01T11:44:11,10,0,0,10
2025-08-01T12:15:47,10,0,0,10
2025-08-01T12:47:44,10,0,0,10
2025-08-01T13:19:02,10,0,0,10
2025-08-01T13:50:19,10,0,0,10
2025-08-01T14:21:51,10,0,0,10
2025-08-01T14:53:18,10,0,0,10
2025-08-01T15:24:56,10,0,0,10
2025-08-01T15:56:20,10,0,0,10
2025-08-01T16:27:07,10,0,0,10
2025-08-01T16:58:12,10,0,0,10
2025-08-01T17:29:33,10,0,0,10
2025-08-01T18:01:08,10,0,0,10
2025-08-01T18:32:09,10,0,0,10
2025-08-01T19:03:49,10,0,0,10
2025-08-01T19:35:22,10,0,0,10
2025-08-01T20:06:40,10,0,0,10
2025-08-01T20:37:53,10,0,0,10
2025-08-01T21:09:04,10,0,0,10
2025-08-01T21:40:11,10,0,0,10
2025-08-01T22:11:33,10,0,0,10
2025-08-01T22:42:29,10,0,0,10
2025-08-01T23:13:17,10,0,0,10
2025-08-01T23:44:20,10,0,0,10
2025-08-02T00:15:28,10,0,0,10
2025-08-02T00:46:35,10,0,0,10
2025-08-02T01:17:57,10,0,0,10
2025-08-02T01:49:03,10,0,0,10
2025-08-02T02:20:37,10,0,0,10
2025-08-02T02:52:15,10,0,0,10
2025-08-02T03:23:57,10,0,0,10
2025-08-02T03:55:11,10,0,0,10
2025-08-02T04:53:28,10,0,0,10
2025-08-02T05:25:01,10,0,0,10
2025-08-02T05:56:27,10,0,0,10
2025-08-02T06:27:25,10,0,0,10
2025-08-02T06:58:12,10,0,0,10
2025-08-02T07:29:13,10,0,0,10
2025-08-02T08:00:18,10,0,0,10
2025-08-02T08:31:36,10,0,0,10
2025-08-02T09:02:35,10,0,0,10
2025-08-02T09:33:45,10,0,0,10
2025-08-02T10:05:03,10,0,0,10
2025-08-02T10:36:36,10,0,0,10
2025-08-02T11:07:49,10,0,0,10
2025-08-02T11:38:42,10,0,0,10
2025-08-02T12:10:01,10,0,0,10
2025-08-02T12:41:22,10,0,0,10
2025-08-02T13:12:36,10,0,0,10
2025-08-02T13:43:54,10,0,0,10
2025-08-02T14:15:03,10,0,0,10
2025-08-02T14:46:16,10,0,0,10
2025-08-02T15:17:06,10,0,0,10
2025-08-02T15:48:04,10,0,0,10
2025-08-02T16:19:16,10,0,0,10
2025-08-02T16:50:41,10,0,0,10
2025-08-02T17:21:51,10,0,0,10
2025-08-02T17:52:57,10,0,0,10
2025-08-02T18:24:16,10,0,0,10
2025-08-02T18:55:45,10,0,0,10
2025-08-02T19:26:58,10,0,0,10
2025-08-02T19:58:04,10,0,0,10
2025-08-02T20:29:04,10,0,0,10
2025-08-02T21:00:19,10,0,0,10
2025-08-02T21:31:27,10,0,0,10
2025-08-02T22:02:50,10,0,0,10
2025-08-02T22:34:10,10,0,0,10
2025-08-02T23:05:16,10,0,0,10
2025-08-02T23:36:25,10,0,0,10
2025-08-03T00:39:43,10,0,0,10
2025-08-03T01:12:15,10,0,0,10
2025-08-03T01:43:55,10,0,0,10
2025-08-03T02:15:39,10,0,0,10
2025-08-03T02:46:43,10,0,0,10
2025-08-03T03:18:14,10,0,0,10
2025-08-03T03:49:23,10,0,0,10
2025-08-03T04:50:52,10,0,0,10
2025-08-03T05:21:58,10,0,0,10
2025-08-03T05:53:09,10,0,0,10
2025-08-03T06:24:26,10,0,0,10
2025-08-03T06:55:56,10,0,0,10
2025-08-03T07:27:30,10,0,0,10
2025-08-03T07:58:36,10,0,0,10
2025-08-03T08:29:51,10,0,0,10
2025-08-03T09:01:02,10,0,0,10
2025-08-03T09:32:06,10,0,0,10
2025-08-03T10:03:04,10,0,0,10
2025-08-03T10:34:25,10,0,0,10
2025-08-03T11:05:25,10,0,0,10
2025-08-03T11:36:37,10,0,0,10
2025-08-03T12:07:38,10,0,0,10
2025-08-03T12:38:40,10,0,0,10
2025-08-03T13:09:39,10,0,0,10
2025-08-03T13:40:58,10,0,0,10
2025-08-03T14:12:08,10,0,0,10
2025-08-03T14:42:58,10,0,0,10
2025-08-03T15:13:54,10,0,0,10
2025-08-03T15:44:59,10,0,0,10
2025-08-03T16:16:03,10,0,0,10
2025-08-03T16:47:33,10,0,0,10
2025-08-03T17:18:28,10,0,0,10
2025-08-03T17:49:42,10,0,0,10
2025-08-03T18:20:49,10,0,0,10
2025-08-03T18:51:49,10,0,0,10
2025-08-03T19:22:37,10,0,0,10
2025-08-03T19:53:36,10,0,0,10
2025-08-03T20:24:52,10,0,0,10
2025-08-03T20:55:54,10,0,0,10
2025-08-03T21:27:16,10,0,0,10
2025-08-03T21:58:18,10,0,0,10
2025-08-03T22:29:29,10,0,0,10
2025-08-03T23:00:42,10,0,0,10
2025-08-03T23:31:47,10,0,0,10
2025-08-04T00:03:10,10,0,0,10
2025-08-04T00:34:26,10,0,0,10
2025-08-04T01:05:25,10,0,0,10
2025-08-04T01:36:51,10,0,0,10
2025-08-04T02:08:06,10,0,0,10
2025-08-04T02:39:20,10,0,0,10
2025-08-04T03:10:39,10,0,0,10
2025-08-04T03:41:42,10,0,0,10
2025-08-04T04:51:57,10,0,0,10
2025-08-04T05:23:26,10,0,0,10
2025-08-04T05:54:52,10,0,0,10
2025-08-04T06:26:07,10,0,0,10
2025-08-04T06:57:10,10,0,0,10
2025-08-04T07:27:52,10,0,0,10
2025-08-04T07:58:48,10,0,0,10
2025-08-04T08:29:39,10,0,0,10
2025-08-04T09:00:50,10,0,0,10
2025-08-04T09:32:10,10,0,0,10
2025-08-04T10:03:32,10,0,0,10
2025-08-04T10:34:44,10,0,0,10
2025-08-04T11:05:41,10,0,0,10
2025-08-04T11:37:13,10,0,0,10
2025-08-04T12:08:28,10,0,0,10
2025-08-04T12:40:07,10,0,0,10
2025-08-04T13:11:19,10,0,0,10
2025-08-04T13:42:49,10,0,0,10
2025-08-04T14:13:56,10,0,0,10
2025-08-04T14:45:41,10,0,0,10
2025-08-04T15:16:49,10,0,0,10
2025-08-04T15:48:06,10,0,0,10
2025-08-04T16:19:29,10,0,0,10
2025-08-04T16:51:06,10,0,0,10
2025-08-04T17:22:39,10,0,0,10
2025-08-04T17:53:32,10,0,0,10
2025-08-04T18:24:45,10,0,0,10
2025-08-04T18:55:51,10,0,0,10
2025-08-04T19:27:00,10,0,0,10
2025-08-04T19:58:15,10,0,0,10
2025-08-04T20:29:30,10,0,0,10
2025-08-04T21:00:43,10,0,0,10
2025-08-04T21:31:58,10,0,0,10
2025-08-04T22:02:48,10,0,0,10
2025-08-04T22:34:26,10,0,0,10
2025-08-04T23:05:38,10,0,0,10
2025-08-04T23:37:02,10,0,0,10
2025-08-05T00:08:13,10,0,0,10
2025-08-05T00:39:25,10,0,0,10
2025-08-05T01:10:18,10,0,0,10
2025-08-05T01:41:46,10,0,0,10
2025-08-05T02:13:23,10,0,0,10
2025-08-05T02:44:18,10,0,0,10
2025-08-05T03:15:48,10,0,0,10
2025-08-05T03:47:24,10,0,0,10
2025-08-05T04:50:25,10,0,0,10
2025-08-05T05:22:01,10,0,0,10
2025-08-05T05:53:20,10,0,0,10
2025-08-05T06:24:37,10,0,0,10
2025-08-05T06:55:39,10,0,0,10
2025-08-05T07:26:41,10,0,0,10
2025-08-05T07:58:11,10,0,0,10
2025-08-05T08:29:21,10,0,0,10
2025-08-05T09:00:40,10,0,0,10
2025-08-05T09:31:51,10,0,0,10
2025-08-05T10:02:54,10,0,0,10
2025-08-05T10:34:32,10,0,0,10
2025-08-05T11:06:11,10,0,0,10
2025-08-05T11:38:19,10,0,0,10
2025-08-05T12:09:40,10,0,0,10
2025-08-05T12:40:59,10,0,0,10
2025-08-05T13:12:08,10,0,0,10
2025-08-05T13:43:39,10,0,0,10
2025-08-05T14:14:57,10,0,0,10
2025-08-05T14:46:01,10,0,0,10
2025-08-05T15:17:29,10,0,0,10
2025-08-05T15:48:54,10,0,0,10
2025-08-05T16:20:10,10,0,0,10
2025-08-05T16:51:31,10,0,0,10
2025-08-05T17:22:42,10,0,0,10
2025-08-05T17:54:05,10,0,0,10
2025-08-05T18:25:25,10,0,0,10
2025-08-05T18:56:22,10,0,0,10
2025-08-05T19:28:05,10,0,0,10
2025-08-05T19:59:07,10,0,0,10
2025-08-05T20:30:37,10,0,0,10
2025-08-05T21:01:59,10,0,0,10
2025-08-05T21:33:31,10,0,0,10
2025-08-05T22:04:59,10,0,0,10
2025-08-05T22:35:58,10,0,0,10
2025-08-05T23:07:38,10,0,0,10
2025-08-05T23:38:44,10,0,0,10
2025-08-06T00:10:08,10,0,0,10
2025-08-06T00:41:55,10,0,0,10
2025-08-06T01:13:09,10,0,0,10
2025-08-06T01:44:46,10,0,0,10
2025-08-06T02:16:23,10,0,0,10
2025-08-06T02:47:45,10,0,0,10
2025-08-06T03:19:03,10,0,0,10
2025-08-06T03:50:26,10,0,0,10
2025-08-06T04:55:44,10,0,0,10
2025-08-06T05:28:35,10,0,0,10
2025-08-06T06:00:17,10,0,0,10
2025-08-06T06:31:35,10,0,0,10
2025-08-06T07:02:46,10,0,0,10
2025-08-06T07:54:21,10,0,0,10
2025-08-06T08:28:01,10,0,0,10
2025-08-06T08:59:08,10,0,0,10
2025-08-06T09:30:30,10,0,0,10
2025-08-06T10:02:08,10,0,0,10
2025-08-06T10:33:28,10,0,0,10
2025-08-06T11:05:22,10,0,0,10
2025-08-06T11:36:12,10,0,0,10
2025-08-06T12:07:39,10,0,0,10
2025-08-06T12:38:26,10,0,0,10
2025-08-06T13:09:57,10,0,0,10
2025-08-06T13:41:12,10,0,0,10
2025-08-06T14:12:50,10,0,0,10
2025-08-06T14:44:19,10,5,0,15
2025-08-06T15:15:31,10,5,0,15
2025-08-06T15:46:17,10,5,0,15
2025-08-06T16:17:37,10,5,0,15
2025-08-06T16:49:21,10,5,0,15
2025-08-06T17:20:18,10,5,0,15
2025-08-06T17:51:54,10,5,0,15
2025-08-06T18:23:21,10,5,0,15
2025-08-06T18:54:57,10,5,0,15
2025-08-06T19:26:13,10,5,0,15
2025-08-06T19:57:23,10,5,0,15
2025-08-06T20:28:58,10,5,0,15
2025-08-06T21:00:29,10,5,0,15
2025-08-06T21:31:29,10,5,0,15
2025-08-06T22:02:48,10,5,0,15
2025-08-06T22:34:18,10,5,0,15
2025-08-06T23:05:44,10,5,0,15
2025-08-06T23:36:35,10,5,0,15
2025-08-07T00:07:57,10,5,0,15
2025-08-07T00:39:16,10,5,0,15
2025-08-07T01:10:32,10,5,0,15
2025-08-07T01:41:43,10,5,0,15
2025-08-07T02:13:14,10,5,0,15
2025-08-07T02:44:40,10,5,0,15
2025-08-07T03:16:31,10,5,0,15
2025-08-07T03:47:24,10,5,0,15
2025-08-07T04:54:38,10,5,0,15
2025-08-07T05:25:49,10,5,0,15
2025-08-07T05:56:53,10,5,0,15
2025-08-07T06:27:52,10,5,0,15
2025-08-07T06:59:14,10,5,0,15
2025-08-07T07:30:39,10,5,0,15
2025-08-07T08:01:46,10,5,0,15
2025-08-07T08:32:49,10,5,0,15
2025-08-07T09:03:53,10,5,0,15
2025-08-07T09:34:46,10,5,0,15
2025-08-07T10:05:49,10,5,0,15
2025-08-07T10:37:10,10,5,0,15
2025-08-07T11:08:06,10,5,0,15
2025-08-07T11:39:02,10,5,0,15
2025-08-07T12:10:17,10,5,0,15
2025-08-07T12:41:49,10,5,0,15
2025-08-07T13:12:55,10,5,0,15
2025-08-07T13:44:07,10,5,0,15
2025-08-07T14:15:13,10,5,0,15
2025-08-07T14:46:38,10,5,0,15
2025-08-07T15:18:07,10,5,0,15
2025-08-07T15:49:22,10,5,0,15
2025-08-07T16:20:49,10,5,0,15
2025-08-07T16:52:02,10,5,0,15
2025-08-07T17:23:15,10,5,0,15
2025-08-07T17:54:12,10,5,0,15
2025-08-07T18:25:32,10,5,0,15
2025-08-07T18:57:02,10,5,0,15
2025-08-07T19:28:06,10,5,0,15
2025-08-07T19:59:16,10,5,0,15
2025-08-07T20:30:44,10,5,0,15
2025-08-07T21:01:58,10,5,0,15
2025-08-07T21:33:06,10,5,0,15
2025-08-07T22:04:54,10,5,0,15
2025-08-07T22:36:09,10,5,0,15
2025-08-07T23:08:25,10,5,0,15
2025-08-07T23:39:24,10,5,0,15
2025-08-08T00:11:44,10,5,0,15
2025-08-08T00:44:27,10,5,0,15
2025-08-08T01:17:14,10,5,0,15
2025-08-08T01:48:18,10,5,0,15
2025-08-08T02:20:15,10,5,0,15
2025-08-08T02:51:17,10,5,0,15
2025-08-08T03:22:50,10,5,0,15
2025-08-08T03:53:59,10,5,0,15
2025-08-08T11:56:50,10,5,0,15
2025-08-08T12:28:11,10,5,0,15
2025-08-08T12:59:46,10,5,0,15
2025-08-08T13:30:59,10,5,0,15
2025-08-08T14:02:03,10,5,0,15
2025-08-08T14:33:02,10,5,0,15
2025-08-08T15:04:29,10,5,0,15
2025-08-08T15:35:56,10,5,0,15
2025-08-08T16:06:53,10,5,0,15
2025-08-08T16:37:48,10,5,0,15
2025-08-08T17:09:22,10,5,0,15
2025-08-08T17:40:53,10,5,0,15
2025-08-08T18:11:46,10,5,0,15
2025-08-08T18:43:08,10,5,0,15
2025-08-08T19:14:10,10,5,0,15
2025-08-08T19:45:35,10,5,0,15
2025-08-08T20:17:02,10,5,0,15
2025-08-08T20:48:03,10,5,0,15
2025-08-08T21:19:51,10,5,0,15
2025-08-08T21:50:39,10,5,0,15
2025-08-08T22:21:54,10,5,0,15
2025-08-08T22:53:13,10,5,0,15
2025-08-08T23:24:26,10,5,0,15
2025-08-08T23:55:30,10,5,0,15
2025-08-09T00:26:48,10,5,0,15
2025-08-09T00:58:39,10,5,0,15
2025-08-09T01:30:02,10,5,0,15
2025-08-09T02:01:55,10,5,0,15
2025-08-09T02:33:01,10,5,0,15
2025-08-09T03:04:17,10,5,0,15
2025-08-09T03:35:43,10,5,0,15
2025-08-09T04:07:04,10,5,0,15
2025-08-09T04:54:39,10,5,0,15
2025-08-09T05:26:07,10,5,0,15
2025-08-09T05:57:38,10,5,0,15
2025-08-09T06:29:21,10,5,0,15
2025-08-09T07:00:25,10,5,0,15
2025-08-09T07:31:30,10,5,0,15
2025-08-09T08:02:33,10,5,0,15
2025-08-09T08:33:46,10,5,0,15
2025-08-09T09:05:09,10,5,0,15
2025-08-09T09:36:24,10,5,0,15
2025-08-09T10:07:41,10,5,0,15
2025-08-09T10:38:47,10,5,0,15
2025-08-09T11:09:50,10,5,0,15
2025-08-09T11:40:37,10,5,0,15
2025-08-09T12:11:24,10,5,0,15
2025-08-09T12:42:26,10,5,0,15
2025-08-09T13:13:39,10,5,0,15
2025-08-09T13:44:48,10,5,0,15
2025-08-09T14:16:11,10,5,0,15
2025-08-09T14:47:42,10,5,0,15
2025-08-09T15:18:50,10,5,0,15
2025-08-09T15:49:39,10,5,0,15
2025-08-09T16:20:50,10,5,0,15
2025-08-09T16:51:55,10,5,0,15
2025-08-09T17:23:17,10,5,0,15
2025-08-09T17:54:32,10,5,0,15
2025-08-09T18:25:51,10,5,0,15
2025-08-09T18:56:46,10,5,0,15
2025-08-09T19:28:17,10,5,0,15
2025-08-09T19:59:34,10,5,0,15
2025-08-09T20:30:35,10,5,0,15
2025-08-09T21:01:49,10,5,0,15
2025-08-09T21:33:04,10,5,0,15
2025-08-09T22:04:31,10,5,0,15
2025-08-09T22:35:49,10,5,0,15
2025-08-09T23:07:09,10,5,0,15
2025-08-09T23:38:33,10,5,0,15
2025-08-10T00:09:51,10,5,0,15
2025-08-10T00:41:03,10,5,0,15
2025-08-10T01:12:22,10,5,0,15
2025-08-10T01:43:28,10,5,0,15
2025-08-10T02:14:26,10,5,0,15
2025-08-10T02:45:52,10,5,0,15
2025-08-10T03:17:24,10,5,0,15
2025-08-10T03:48:56,10,5,0,15
2025-08-10T05:01:40,10,5,0,15
2025-08-10T05:33:05,10,5,0,15
2025-08-10T06:04:08,10,5,0,15
2025-08-10T06:35:29,10,5,0,15
2025-08-10T07:06:50,10,5,0,15
2025-08-10T07:37:57,10,5,0,15
2025-08-10T08:09:17,10,5,0,15
2025-08-10T08:40:30,10,5,0,15
2025-08-10T09:12:01,10,5,0,15
2025-08-10T09:43:00,10,5,0,15
2025-08-10T10:14:00,10,5,0,15
2025-08-10T10:45:34,10,5,0,15
2025-08-10T11:16:56,10,5,0,15
2025-08-10T11:48:01,10,5,0,15
2025-08-10T12:19:19,10,5,0,15
2025-08-10T12:50:19,10,5,0,15
2025-08-10T13:21:31,10,5,0,15
2025-08-10T13:52:55,10,5,0,15
2025-08-10T14:23:57,10,5,0,15
2025-08-10T14:54:57,10,5,0,15
2025-08-10T15:26:08,10,5,0,15
2025-08-10T15:57:10,10,5,0,15
2025-08-10T16:28:32,10,5,0,15
2025-08-10T16:59:29,10,5,0,15
2025-08-10T17:31:37,10,5,0,15
2025-08-10T18:02:48,10,5,0,15
2025-08-10T18:34:00,10,5,0,15
2025-08-10T19:04:50,10,5,0,15
2025-08-10T19:36:04,10,5,0,15
2025-08-10T20:07:02,10,5,0,15
2025-08-10T20:38:12,10,5,0,15
2025-08-10T21:09:26,10,5,0,15
2025-08-10T21:40:29,10,5,0,15
2025-08-10T22:12:07,10,5,0,15
2025-08-10T22:43:35,10,5,0,15
2025-08-10T23:14:56,10,5,0,15
2025-08-10T23:46:03,10,5,0,15
2025-08-11T00:17:13,10,5,0,15
2025-08-11T00:48:36,10,5,0,15
2025-08-11T01:20:02,10,5,0,15
2025-08-11T01:51:05,10,5,0,15
2025-08-11T02:22:15,10,5,0,15
2025-08-11T02:53:06,10,5,0,15
2025-08-11T03:24:19,10,5,0,15
2025-08-11T03:55:47,10,5,0,15
2025-08-11T04:49:47,10,5,0,15
2025-08-11T05:21:13,10,5,0,15
2025-08-11T05:52:50,10,5,0,15
2025-08-11T06:24:13,10,5,0,15
2025-08-11T06:55:13,10,5,0,15
2025-08-11T07:26:28,10,5,0,15
2025-08-11T07:57:42,10,5,0,15
2025-08-11T08:28:55,10,5,0,15
2025-08-11T08:59:55,10,5,0,15
2025-08-11T09:31:10,10,5,0,15
2025-08-11T10:02:07,10,5,0,15
2025-08-11T10:33:30,10,5,0,15
2025-08-11T11:04:48,10,5,0,15
2025-08-11T11:35:57,10,5,0,15
2025-08-11T12:07:23,10,5,0,15
2025-08-11T12:38:22,10,5,0,15
2025-08-11T13:09:39,10,5,0,15
2025-08-11T13:41:17,10,5,0,15
2025-08-11T14:12:34,10,5,0,15
2025-08-11T14:44:03,10,5,0,15
2025-08-11T15:15:24,10,5,0,15
2025-08-11T15:46:37,10,5,0,15
2025-08-11T16:17:42,10,5,0,15
2025-08-11T16:48:40,10,5,0,15
2025-08-11T17:19:41,10,5,0,15
2025-08-11T17:50:40,10,5,0,15
2025-08-11T18:21:39,10,5,0,15
2025-08-11T18:53:18,10,5,0,15
2025-08-11T19:24:34,10,5,0,15
2025-08-11T19:55:55,10,5,0,15
2025-08-11T20:26:50,10,5,0,15
2025-08-11T20:58:14,10,5,0,15
2025-08-11T21:29:45,10,5,0,15
2025-08-11T22:01:20,10,5,0,15
2025-08-11T22:32:47,10,5,0,15
2025-08-11T23:04:00,10,5,0,15
2025-08-11T23:35:09,10,5,0,15
2025-08-12T00:06:20,10,5,0,15
2025-08-12T00:38:17,10,5,0,15
2025-08-12T01:10:00,10,5,0,15
2025-08-12T01:42:05,10,5,0,15
2025-08-12T02:13:45,10,5,0,15
2025-08-12T02:45:18,10,5,0,15
2025-08-12T03:16:39,10,5,0,15
2025-08-12T03:47:44,10,5,0,15
2025-08-12T04:47:55,10,5,0,15
2025-08-12T05:19:39,10,5,0,15
2025-08-12T05:51:17,10,5,0,15
2025-08-12T06:22:11,10,5,0,15
2025-08-12T06:53:24,10,5,0,15
2025-08-12T07:24:50,10,5,0,15
2025-08-12T07:56:03,10,5,0,15
2025-08-12T08:27:02,10,5,0,15
2025-08-12T08:57:49,10,5,0,15
2025-08-12T09:29:16,10,5,0,15
2025-08-12T10:00:29,10,5,0,15
2025-08-12T10:32:14,10,5,0,15
2025-08-12T11:03:38,10,5,0,15
2025-08-12T11:35:11,10,5,0,15
2025-08-12T12:06:08,10,5,0,15
2025-08-12T12:37:25,10,5,0,15
2025-08-12T13:08:40,10,5,0,15
2025-08-12T13:39:53,10,5,0,15
2025-08-12T14:11:07,10,5,0,15
2025-08-12T14:42:43,10,5,0,15
2025-08-12T15:13:49,10,5,0,15
2025-08-12T15:44:47,10,5,0,15
2025-08-12T16:15:42,10,5,0,15
2025-08-12T16:46:44,10,5,0,15
2025-08-12T17:17:43,10,5,0,15
2025-08-12T17:48:41,10,5,0,15
2025-08-12T18:19:44,10,5,0,15
2025-08-12T18:50:32,10,5,0,15
2025-08-12T19:21:52,10,5,0,15
2025-08-12T19:53:06,10,5,0,15
2025-08-12T20:24:05,10,5,0,15
2025-08-12T20:55:41,10,5,0,15
2025-08-12T21:27:00,10,5,0,15
2025-08-12T21:58:14,10,5,0,15
2025-08-12T22:29:26,10,5,0,15
2025-08-12T23:00:49,10,5,0,15
2025-08-12T23:32:35,10,5,0,15
2025-08-13T00:03:59,10,5,0,15
2025-08-13T00:34:57,10,5,0,15
2025-08-13T01:06:01,10,5,0,15
2025-08-13T01:37:12,10,5,0,15
2025-08-13T02:08:37,10,5,0,15
2025-08-13T02:39:54,10,5,0,15
2025-08-13T03:11:03,10,5,0,15
2025-08-13T03:42:46,10,5,0,15
2025-08-13T04:13:41,10,5,0,15
2025-08-13T04:54:50,10,5,0,15
2025-08-13T05:26:08,10,5,0,15
2025-08-13T05:57:33,10,5,0,15
2025-08-13T06:28:24,10,5,0,15
2025-08-13T06:59:32,10,5,0,15
2025-08-13T07:30:45,10,5,0,15
2025-08-13T08:01:44,10,5,0,15
2025-08-13T08:32:42,10,5,0,15
2025-08-13T09:04:29,10,5,0,15
2025-08-13T09:35:55,10,5,0,15
2025-08-13T10:07:20,10,5,0,15
2025-08-13T10:38:38,10,5,0,15
2025-08-13T11:10:03,10,5,0,15
2025-08-13T11:41:20,10,5,0,15
2025-08-13T12:12:28,10,5,0,15
2025-08-13T12:44:08,10,5,0,15
2025-08-13T13:15:58,10,5,0,15
2025-08-13T13:47:35,10,5,0,15
2025-08-13T14:18:46,10,5,0,15
2025-08-13T14:49:45,10,5,0,15
2025-08-13T15:39:18,10,5,0,15
2025-08-13T16:11:09,10,5,0,15
2025-08-13T16:42:57,10,5,0,15
2025-08-13T17:14:37,10,5,0,15
2025-08-13T17:45:59,10,5,0,15
2025-08-13T18:17:12,10,5,0,15
2025-08-13T18:48:10,10,5,0,15
2025-08-13T19:19:25,10,5,0,15
2025-08-13T19:50:17,10,5,0,15
2025-08-13T20:21:27,10,5,0,15
2025-08-13T20:52:45,10,5,0,15
2025-08-13T21:23:35,10,5,0,15
2025-08-13T21:54:20,10,5,0,15
2025-08-13T22:25:45,10,5,0,15
2025-08-13T22:56:55,10,5,0,15
2025-08-13T23:28:05,10,5,0,15
2025-08-13T23:59:21,10,5,0,15
2025-08-14T00:30:21,10,5,0,15
2025-08-14T01:01:36,10,5,0,15
2025-08-14T01:32:49,10,5,0,15
2025-08-14T02:04:01,10,5,0,15
2025-08-14T02:35:20,10,5,0,15
2025-08-14T03:06:52,10,5,0,15
2025-08-14T03:38:07,10,5,0,15
2025-08-14T04:11:03,10,5,0,15
2025-08-14T04:53:41,10,5,0,15
2025-08-14T05:25:00,10,5,0,15
2025-08-14T05:56:08,10,5,0,15
2025-08-14T06:27:44,10,5,0,15
2025-08-14T06:59:11,10,5,0,15
2025-08-14T07:30:39,10,5,0,15
2025-08-14T08:01:58,10,5,0,15
2025-08-14T08:32:58,10,5,0,15
2025-08-14T09:04:10,10,5,0,15
2025-08-14T09:35:05,10,5,0,15
2025-08-14T10:06:21,10,5,0,15
2025-08-14T10:37:47,10,5,0,15
2025-08-14T11:09:13,10,5,0,15
2025-08-14T11:41:38,10,5,0,15
2025-08-14T12:13:13,10,5,0,15
2025-08-14T12:44:29,10,5,0,15
2025-08-14T13:15:35,10,5,0,15
2025-08-14T13:46:57,10,5,0,15
2025-08-14T14:18:15,10,5,0,15
2025-08-14T14:49:59,10,5,0,15
2025-08-14T15:21:48,10,5,0,15
2025-08-14T15:53:08,10,5,0,15
2025-08-14T16:24:19,10,5,0,15
2025-08-14T16:55:33,10,5,0,15
2025-08-14T17:27:08,10,5,0,15
2025-08-14T17:58:43,10,5,0,15
2025-08-14T18:29:55,10,5,0,15
2025-08-14T19:00:49,10,5,0,15
2025-08-14T19:32:06,10,5,0,15
2025-08-14T20:03:24,10,5,0,15
2025-08-14T20:34:36,10,5,0,15
2025-08-14T21:05:48,10,5,0,15
2025-08-14T21:36:42,10,5,0,15
2025-08-14T22:07:53,10,5,0,15
2025-08-14T22:39:16,10,5,0,15
2025-08-14T23:10:30,10,5,0,15
2025-08-14T23:41:38,10,5,0,15
2025-08-15T00:12:43,10,5,0,15
2025-08-15T00:45:41,10,5,0,15
2025-08-15T01:16:53,10,5,0,15
2025-08-15T01:48:15,10,5,0,15
2025-08-15T02:19:37,10,5,0,15
2025-08-15T02:51:08,10,5,0,15
2025-08-15T03:22:29,10,5,0,15
2025-08-15T03:53:43,10,5,0,15
2025-08-15T05:08:30,10,5,0,15
2025-08-15T05:39:36,10,5,0,15
2025-08-15T06:10:37,10,5,0,15
2025-08-15T06:42:07,10,5,0,15
2025-08-15T07:13:10,10,5,0,15
2025-08-15T07:44:26,10,5,0,15
2025-08-15T08:15:28,10,5,0,15
2025-08-15T08:46:56,10,5,0,15
2025-08-15T09:18:04,10,5,0,15
2025-08-15T09:49:02,10,5,0,15
2025-08-15T10:20:41,10,5,0,15
2025-08-15T10:51:38,10,5,0,15
2025-08-15T11:22:55,10,5,0,15
2025-08-15T11:53:57,10,5,0,15
2025-08-15T12:25:54,10,5,0,15
2025-08-15T12:57:16,10,5,0,15
2025-08-15T13:28:33,10,5,0,15
2025-08-15T14:00:03,10,5,0,15
2025-08-15T14:31:13,10,5,0,15
2025-08-15T15:02:19,10,5,0,15
2025-08-15T15:33:37,10,5,0,15
2025-08-15T16:05:17,10,5,0,15
2025-08-15T16:36:35,10,5,0,15
2025-08-15T17:08:08,10,5,0,15
2025-08-15T17:38:59,10,5,0,15
2025-08-15T18:10:14,10,5,0,15
2025-08-15T18:41:37,10,5,0,15
2025-08-15T19:13:07,10,5,0,15
2025-08-15T19:44:27,10,5,0,15
2025-08-15T20:15:31,10,5,0,15
2025-08-15T20:46:28,10,5,0,15
2025-08-15T21:17:18,10,5,0,15
2025-08-15T21:48:28,10,5,0,15
2025-08-15T22:19:19,10,5,0,15
2025-08-15T22:50:35,10,5,0,15
2025-08-15T23:21:53,10,5,0,15
2025-08-15T23:53:19,10,5,0,15
2025-08-16T00:24:45,10,5,0,15
2025-08-16T00:56:24,10,5,0,15
2025-08-16T01:27:31,10,5,0,15
2025-08-16T01:58:36,10,5,0,15
2025-08-16T02:29:44,10,5,0,15
2025-08-16T03:01:14,10,5,0,15
2025-08-16T03:33:10,10,5,0,15
2025-08-16T04:04:21,10,5,0,15
2025-08-16T04:50:40,10,5,0,15
2025-08-16T05:21:50,10,5,0,15
2025-08-16T05:53:14,10,5,0,15
2025-08-16T06:24:15,10,5,0,15
2025-08-16T06:55:46,10,5,0,15
2025-08-16T07:26:53,10,5,0,15
2025-08-16T07:58:04,10,5,0,15
2025-08-16T08:29:30,10,5,0,15
2025-08-16T09:00:34,10,5,0,15
2025-08-16T09:31:49,10,5,0,15
2025-08-16T10:02:54,10,5,0,15
2025-08-16T10:34:14,10,5,0,15
2025-08-16T11:05:38,10,5,0,15
2025-08-16T11:36:54,10,5,0,15
2025-08-16T12:07:50,10,5,0,15
